/**
 * @file ui_font_14.c
 * @brief Custom LVGL Font size 14px (SemiBold: ASCII + Full Tiếng Việt Unicode + Fallback LVGL Symbols)
 * @license SIL Open Font License (OFL 1.1) / Be Vietnam Pro
 * Generated with tools/generate_fonts.py
 */
/*******************************************************************************
 * Size: 14 px
 * Bpp: 4
 * Opts: --bpp 4 --size 14 --font D:\Esp32\tools\BeVietnamPro-SemiBold.ttf -r 0x20-0x7F,0xA0-0xFF,0x100-0x17F,0x1A0-0x1B0,0x1EA0-0x1EF9,0x2010-0x2026,0xB0-0xB7,0x20AB --format lvgl -o D:\Esp32\src\ui\fonts\ui_font_14.c
 ******************************************************************************/

#include <lvgl.h>
LV_FONT_DECLARE(lv_font_montserrat_14);

#ifndef ENABLE_UI_FONT_14
#define ENABLE_UI_FONT_14 1
#endif

#if ENABLE_UI_FONT_14

/*-----------------
 *    BITMAPS
 *----------------*/

/*Store the image of the glyphs*/
static LV_ATTRIBUTE_LARGE_CONST const uint8_t glyph_bitmap[] = {
    /* U+0020 " " */

    /* U+0021 "!" */
    0xbf, 0x30, 0xe, 0x11, 0x0, 0x63, 0x0, 0x8c,
    0x7, 0x88, 0x1f, 0xc2, 0xf4, 0x8c, 0x4c,

    /* U+0022 "\"" */
    0xf, 0x7d, 0xb1, 0x3, 0xc, 0x30, 0x53, 0x31,
    0x60, 0xea, 0x0,

    /* U+0023 "#" */
    0x0, 0xd9, 0x80, 0x3f, 0x60, 0xe, 0x35, 0x5,
    0x5, 0x0, 0xc4, 0x1e, 0x1c, 0x6, 0x0, 0x5f,
    0xd0, 0x9f, 0x70, 0xfe, 0x0, 0x29, 0x2, 0xa8,
    0x9, 0x64, 0x16, 0x84, 0xaa, 0x2, 0xe9, 0xc2,
    0xa8, 0x66, 0xae, 0xa, 0xa0, 0x9a, 0xa8, 0x5,
    0x4c, 0xd, 0x44, 0xfe, 0x83, 0x3c, 0xcb, 0xfc,
    0x1, 0x68, 0x18, 0x13, 0x80, 0x71, 0x90, 0x8,
    0xb4, 0x2,

    /* U+0024 "$" */
    0x0, 0xd6, 0x60, 0x1c, 0x2c, 0x94, 0x40, 0x11,
    0xfc, 0x83, 0x6b, 0x0, 0x38, 0x6c, 0x60, 0x64,
    0x40, 0x91, 0x0, 0x96, 0x84, 0x2, 0x88, 0x0,
    0x2d, 0x98, 0x58, 0x58, 0xc3, 0x0, 0x4b, 0xae,
    0x9, 0x38, 0x1, 0x14, 0xd, 0x21, 0xb2, 0x73,
    0x80, 0x1b, 0xc0, 0x54, 0x60, 0xc1, 0xfc, 0xc,
    0x64, 0x30, 0x6d, 0x15, 0x1, 0xb1, 0x81, 0x2a,
    0x80, 0x11, 0xc8, 0xc2, 0x80, 0x0,

    /* U+0025 "%" */
    0x6, 0xee, 0x38, 0x0, 0xbd, 0x80, 0x5, 0x32,
    0x88, 0x18, 0x41, 0x30, 0x6, 0x44, 0x3, 0x9a,
    0xc0, 0x4, 0x4b, 0x9a, 0x88, 0x82, 0x50, 0xd,
    0x5b, 0xab, 0x34, 0x80, 0xf, 0x11, 0x2, 0x9,
    0x40, 0x3f, 0x22, 0x25, 0x7b, 0xd8, 0x3, 0xa0,
    0xd6, 0x9a, 0x24, 0x80, 0x24, 0x38, 0x20, 0x87,
    0x6, 0x0, 0xa1, 0x10, 0x40, 0xca, 0xc, 0x0,
    0x53, 0x80, 0x1a, 0x8b, 0x92,

    /* U+0026 "&" */
    0x0, 0x26, 0xfe, 0x10, 0x7, 0xd, 0x84, 0x17,
    0x80, 0x71, 0x4, 0x3b, 0x88, 0x3, 0x88, 0x25,
    0x1d, 0x0, 0x38, 0x5c, 0xed, 0x68, 0x98, 0x2,
    0x47, 0x0, 0x18, 0xac, 0x88, 0x2, 0x8b, 0x8d,
    0xdb, 0x80, 0x40, 0xc6, 0x87, 0x46, 0x5d, 0x40,
    0x2, 0x18, 0x3, 0xa0, 0x38, 0x0, 0x24, 0x46,
    0x4f, 0x80, 0x2c, 0x2, 0xb6, 0x26, 0x19, 0x72,
    0xb0,

    /* U+0027 "'" */
    0xf, 0x71, 0x3, 0x30, 0x29, 0x60, 0x80,

    /* U+0028 "(" */
    0x0, 0xe2, 0x0, 0x9b, 0xa4, 0x0, 0xf2, 0x3a,
    0x5, 0x1, 0xac, 0x10, 0x10, 0x40, 0x5, 0x6,
    0x0, 0x18, 0x20, 0x80, 0x18, 0x8, 0x3, 0x84,
    0x2, 0x10, 0x20, 0x9, 0x81, 0x80, 0x22, 0x13,
    0x10, 0x9, 0xc2, 0x40, 0x28, 0x7, 0x40, 0x0,
    0xd0, 0x5c, 0x0, 0x16, 0xc8, 0xc0, 0x24, 0xda,

    /* U+0029 ")" */
    0x11, 0x0, 0x66, 0xe9, 0x0, 0x90, 0x9a, 0xc0,
    0x7, 0xa6, 0x8c, 0x1, 0x70, 0x40, 0x4, 0x46,
    0x26, 0x1, 0x58, 0x20, 0x4, 0x41, 0xc0, 0x10,
    0x81, 0x80, 0x42, 0x6, 0x1, 0x10, 0x70, 0x5,
    0x40, 0x80, 0x3, 0x22, 0x18, 0xf, 0x4, 0x2,
    0x79, 0x32, 0x81, 0x84, 0x48, 0x1, 0xb9, 0xc0,
    0x20,

    /* U+002A "*" */
    0x0, 0xf, 0x98, 0x0, 0x54, 0xc0, 0xa, 0x2b,
    0x5a, 0x19, 0x4e, 0x9a, 0x60, 0x5a, 0xc0, 0xc6,
    0xa4, 0xe0, 0x1, 0x5a, 0x63, 0x0, 0x2d, 0x4,
    0xb0, 0x0,

    /* U+002B "+" */
    0x0, 0x27, 0x98, 0x7, 0xf2, 0xfd, 0x86, 0x7a,
    0x33, 0x10, 0x15, 0x98, 0x73, 0xe1, 0x32, 0x20,
    0xf, 0x80,

    /* U+002C "," */
    0x3, 0xa, 0xc6, 0xd0, 0x3, 0x13, 0x44, 0x80,

    /* U+002D "-" */
    0x39, 0x9d, 0xc, 0xdc, 0xa0,

    /* U+002E "." */
    0x13, 0xd, 0xc3, 0x51, 0x10,

    /* U+002F "/" */
    0x0, 0xec, 0xe0, 0xe, 0x13, 0x70, 0xe, 0x60,
    0xd0, 0xe, 0xb1, 0x40, 0xc, 0x26, 0xe0, 0x1c,
    0xe1, 0xa0, 0x1d, 0xa2, 0x80, 0x18, 0x51, 0x0,
    0x1c, 0xe1, 0xc0, 0x1d, 0xa0, 0x80, 0x1c, 0x8a,
    0x1, 0xca, 0x1e, 0x1, 0xdc, 0xa, 0x1, 0xc8,
    0xa0, 0x1c, 0xa1, 0xe0, 0x1c,

    /* U+0030 "0" */
    0x0, 0x1d, 0xff, 0x48, 0x80, 0x45, 0x88, 0x22,
    0x6d, 0x0, 0xa0, 0x1f, 0xbc, 0xcc, 0xa0, 0x2a,
    0x30, 0x0, 0xf0, 0x90, 0x50, 0x50, 0x8, 0xc0,
    0xc0, 0x40, 0x80, 0x30, 0x80, 0x4, 0x8, 0x3,
    0x8, 0x1, 0x41, 0x40, 0x23, 0x3, 0x1, 0x41,
    0x70, 0x7, 0x84, 0x80, 0x24, 0x23, 0xbc, 0xcc,
    0xa0, 0x2, 0xc4, 0x11, 0x36, 0x80, 0x0,

    /* U+0031 "1" */
    0x0, 0x1f, 0xb9, 0x56, 0x0, 0x1d, 0x0, 0x25,
    0xe8, 0x0, 0xff, 0xec, 0x80,

    /* U+0032 "2" */
    0x0, 0x2e, 0xfe, 0xb8, 0x4, 0xb4, 0x45, 0x44,
    0x80, 0x20, 0x33, 0x74, 0xc, 0x23, 0x31, 0x81,
    0x20, 0x18, 0xe4, 0x80, 0x4a, 0x4, 0x1, 0xd4,
    0x2e, 0x1, 0xd4, 0xaa, 0x80, 0xd, 0x6a, 0xd4,
    0x1, 0xe, 0x23, 0xc8, 0x6, 0xc3, 0x4, 0xcc,
    0x90, 0x48, 0x0, 0x67, 0x88,

    /* U+0033 "3" */
    0x0, 0x26, 0xff, 0x48, 0x80, 0x12, 0xc9, 0xd,
    0xb4, 0x1, 0xe1, 0xb7, 0xa6, 0x70, 0x75, 0x10,
    0x1, 0xc0, 0x41, 0x56, 0x9b, 0x46, 0x20, 0xb,
    0x19, 0x7, 0x40, 0x34, 0xfe, 0x9d, 0x90, 0x3a,
    0x80, 0xa, 0x81, 0x42, 0x68, 0x40, 0x18, 0x4,
    0x12, 0x1d, 0x7a, 0x84, 0xa0, 0xf2, 0x48, 0x6d,
    0x80,

    /* U+0034 "4" */
    0x0, 0xc5, 0xfe, 0x90, 0xf, 0x70, 0x7, 0xe6,
    0x33, 0x0, 0x78, 0xa4, 0xa4, 0x3, 0xd2, 0x1c,
    0x1, 0xe6, 0x47, 0x30, 0xe, 0x19, 0x28, 0x0,
    0xf2, 0x1, 0x7f, 0xa8, 0x1b, 0xd1, 0x91, 0x31,
    0x81, 0x23, 0x1d, 0xde, 0x90, 0x4b, 0x20, 0xf,
    0xf0,

    /* U+0035 "5" */
    0x1, 0xff, 0xee, 0x0, 0x28, 0x11, 0x9c, 0x80,
    0x2, 0xf, 0xcc, 0xa8, 0x1, 0xc0, 0x7, 0x84,
    0x0, 0x8c, 0x36, 0x1e, 0xe0, 0x0, 0xc1, 0x1f,
    0x82, 0xe6, 0x1f, 0xae, 0x7, 0x1, 0x60, 0xac,
    0x1, 0x18, 0x5, 0x34, 0x20, 0xe, 0xd, 0x8,
    0x1f, 0xbd, 0x43, 0x50, 0x6a, 0x34, 0x36, 0xc0,

    /* U+0036 "6" */
    0x0, 0x8e, 0xbb, 0xf0, 0x2, 0x5c, 0x50, 0x20,
    0x8, 0xa8, 0x6f, 0xb7, 0x0, 0x16, 0x16, 0x50,
    0xa0, 0x13, 0x84, 0x4b, 0xd6, 0x0, 0x4, 0x1b,
    0xb8, 0x86, 0xe0, 0x14, 0x8, 0xa4, 0x30, 0x4,
    0x4, 0x0, 0x60, 0x13, 0x85, 0x0, 0x18, 0xc,
    0x20, 0x5f, 0x31, 0x3, 0x20, 0x38, 0x86, 0x64,
    0xf1,

    /* U+0037 "7" */
    0x6f, 0xff, 0x88, 0xcf, 0x80, 0x93, 0x33, 0x38,
    0x78, 0x6, 0x54, 0x72, 0x0, 0xd6, 0x30, 0x1,
    0x98, 0x64, 0x3, 0xa8, 0x18, 0x3, 0x9, 0x98,
    0x40, 0x33, 0x82, 0x0, 0x77, 0x7, 0x0, 0x71,
    0x1, 0x0, 0x40,

    /* U+0038 "8" */
    0x0, 0x3e, 0xff, 0x40, 0x5, 0x10, 0x6, 0x27,
    0xa0, 0x3, 0x6, 0x4e, 0x12, 0x88, 0x18, 0x88,
    0x0, 0xc0, 0x21, 0x3, 0x4, 0xc8, 0xe0, 0x4,
    0x37, 0xd9, 0x2a, 0x0, 0x69, 0xb4, 0xb9, 0x60,
    0x91, 0xa4, 0xb4, 0x38, 0xa0, 0x1, 0x80, 0x22,
    0x1, 0x24, 0x2d, 0xac, 0x52, 0x40, 0xb7, 0x5,
    0x26, 0xc0,

    /* U+0039 "9" */
    0x0, 0x2e, 0xff, 0x48, 0x4, 0xb4, 0x48, 0x6d,
    0x60, 0xb, 0xd, 0xbd, 0x44, 0x80, 0x4c, 0x80,
    0x1a, 0x1a, 0x0, 0x31, 0x0, 0x60, 0x10, 0x38,
    0x7c, 0xe2, 0x80, 0x50, 0xe0, 0xc0, 0xe0, 0x40,
    0x8, 0xef, 0xc4, 0xd, 0x0, 0xe9, 0x33, 0x20,
    0x1e, 0xeb, 0xd8, 0x78, 0x0, 0x26, 0x42, 0xde,
    0x40,

    /* U+003A ":" */
    0x9e, 0x25, 0x11, 0x6e, 0x18, 0x98, 0x6, 0x13,
    0xd, 0xc3, 0x51, 0x10,

    /* U+003B ";" */
    0x8e, 0x33, 0xb, 0x55, 0xa8, 0xa0, 0x7, 0x18,
    0x56, 0x36, 0x80, 0x18, 0x9a, 0x24, 0x0,

    /* U+003C "<" */
    0x0, 0xe2, 0x0, 0x8e, 0xf0, 0x12, 0xf1, 0x67,
    0x2d, 0xa7, 0x9c, 0x3, 0xd9, 0x63, 0x3c, 0xe0,
    0x99, 0x85, 0x90, 0x8, 0xef, 0x0,

    /* U+003D "=" */
    0x5f, 0xff, 0x63, 0x2a, 0xf9, 0xe, 0xab, 0xd0,
    0x75, 0x5e, 0x86, 0x55, 0xf2, 0x0,

    /* U+003E ">" */
    0x20, 0xe, 0xca, 0x30, 0xa, 0x53, 0x2c, 0xc1,
    0xfa, 0x5b, 0x2c, 0x3, 0xcf, 0xd2, 0xd7, 0x69,
    0x5c, 0xb4, 0xc, 0xb3, 0x0, 0x80,

    /* U+003F "?" */
    0x0, 0x47, 0x7e, 0x20, 0x2, 0x9c, 0xc, 0xd6,
    0x62, 0xa5, 0xd9, 0x21, 0x26, 0xd0, 0x0, 0x50,
    0x12, 0x95, 0x1, 0xf0, 0xe0, 0x8, 0x70, 0xdd,
    0x40, 0x28, 0x28, 0x80, 0x6, 0x32, 0x60, 0xe,
    0xac, 0x10, 0xe, 0xce, 0x10, 0xe, 0x61, 0x0,
    0x80,

    /* U+0040 "@" */
    0x0, 0xcf, 0x9d, 0xfb, 0x26, 0x1, 0xc7, 0xd0,
    0xc, 0xef, 0x64, 0x0, 0x43, 0xa1, 0x98, 0x88,
    0x57, 0x33, 0xb8, 0x1, 0x63, 0x85, 0x9f, 0x75,
    0xf2, 0xb0, 0x22, 0x56, 0x2a, 0x36, 0x25, 0x0,
    0x40, 0x3a, 0x86, 0x82, 0x22, 0x64, 0x60, 0x2,
    0xe, 0x10, 0x71, 0x2, 0x0, 0x38, 0x8, 0x4,
    0x20, 0xe2, 0x4c, 0x68, 0x80, 0x66, 0x6, 0x28,
    0x68, 0x48, 0x65, 0xd1, 0x44, 0xaa, 0xa, 0x31,
    0x27, 0x5f, 0x2e, 0xe6, 0x28, 0x1, 0x21, 0x86,
    0x28, 0x20, 0x2, 0x30, 0x8, 0xb0, 0x33, 0x13,
    0x15, 0xd8, 0x1, 0xc7, 0xd0, 0xe, 0xe4, 0x58,
    0x0, 0x80,

    /* U+0041 "A" */
    0x0, 0x87, 0xfd, 0x60, 0x1f, 0x38, 0x1, 0x0,
    0x3e, 0xa0, 0x40, 0x50, 0xe, 0x13, 0x2f, 0xf,
    0x0, 0xe7, 0x5, 0x41, 0x50, 0xe, 0xd0, 0xb0,
    0x40, 0x50, 0x8, 0x50, 0x4c, 0x3c, 0x3c, 0x2,
    0x70, 0x1f, 0xf5, 0x2, 0x80, 0x5a, 0x6, 0x78,
    0x41, 0x0, 0x8, 0x19, 0x9a, 0xc3, 0x81, 0x41,
    0x40, 0x32, 0x82, 0x0,

    /* U+0042 "B" */
    0xff, 0xed, 0x60, 0xc, 0x89, 0x14, 0xa8, 0x0,
    0x6e, 0xea, 0xf, 0x0, 0xf0, 0x81, 0x0, 0x6,
    0x21, 0x34, 0x70, 0x1, 0x3b, 0x98, 0x5c, 0x40,
    0x3, 0xff, 0x52, 0x68, 0x7, 0x94, 0x8c, 0x3,
    0xc2, 0x40, 0x10, 0xdd, 0xde, 0xc, 0x1, 0x22,
    0x40, 0xd2, 0x0,

    /* U+0043 "C" */
    0x0, 0xa3, 0x7f, 0xac, 0xc0, 0x21, 0xc7, 0x22,
    0xa, 0x61, 0x80, 0x20, 0xcd, 0xdb, 0xf0, 0x1c,
    0x2, 0xc1, 0xa2, 0x0, 0x75, 0x2, 0x50, 0x41,
    0x0, 0xd5, 0xa4, 0x20, 0x20, 0x1f, 0x84, 0x4,
    0x3, 0xf2, 0x82, 0x8, 0x6, 0xad, 0x21, 0x60,
    0xd1, 0x0, 0x3a, 0x81, 0x4, 0x19, 0xbb, 0x7e,
    0x3, 0x80, 0x3, 0x8e, 0x44, 0x14, 0xc3, 0x0,

    /* U+0044 "D" */
    0xff, 0xdd, 0x44, 0x1, 0x8c, 0xc0, 0xba, 0x80,
    0x1, 0xcc, 0x74, 0x85, 0x8, 0x7, 0x33, 0x5,
    0xc0, 0x3d, 0xa1, 0x80, 0x1e, 0x60, 0x10, 0xf,
    0x30, 0x8, 0x7, 0xb4, 0x30, 0x3, 0x99, 0x82,
    0xe0, 0x39, 0x8e, 0x90, 0xa1, 0x0, 0x19, 0x81,
    0x75, 0x0,

    /* U+0045 "E" */
    0xff, 0xf8, 0x2, 0x44, 0xe0, 0x0, 0xdd, 0xf0,
    0x7, 0xf8, 0x6e, 0xf1, 0x80, 0x48, 0x99, 0x80,
    0x3, 0xff, 0x94, 0x3, 0xff, 0x8c, 0x39, 0x9c,
    0x1, 0x19, 0xf0, 0x0,

    /* U+0046 "F" */
    0xff, 0xf8, 0x40, 0x8, 0x9c, 0x0, 0x1b, 0xbe,
    0x10, 0xf, 0xfe, 0x28, 0xff, 0xe7, 0x0, 0x91,
    0x31, 0x0, 0x6, 0xef, 0x28, 0x7, 0xff, 0x34,

    /* U+0047 "G" */
    0x0, 0x9f, 0x7f, 0xd6, 0x60, 0x1b, 0x20, 0x88,
    0x29, 0x8a, 0x0, 0x93, 0x2d, 0xd7, 0x50, 0x58,
    0xb, 0x6, 0x10, 0x1, 0x61, 0x9, 0x41, 0x4,
    0x3, 0x3d, 0x10, 0x81, 0x0, 0x13, 0xff, 0x30,
    0x81, 0x0, 0x19, 0xa3, 0x3, 0x50, 0x41, 0x2,
    0x99, 0x30, 0x30, 0xb0, 0x68, 0x80, 0x15, 0x44,
    0x61, 0x4, 0x7d, 0xbd, 0x41, 0xc0, 0x1, 0xd7,
    0x22, 0x2, 0xe9, 0x80,

    /* U+0048 "H" */
    0xfe, 0x0, 0xd9, 0xe4, 0x1, 0xff, 0xd0, 0x1c,
    0xcc, 0x60, 0x18, 0xcf, 0x0, 0x61, 0xff, 0xc6,
    0x1, 0xff, 0xda,

    /* U+0049 "I" */
    0xfe, 0x0, 0xff, 0xe4, 0x0,

    /* U+004A "J" */
    0x0, 0x8b, 0xec, 0x3, 0xff, 0xb6, 0x20, 0x1d,
    0x40, 0x6b, 0x9c, 0xc1, 0x26, 0x61, 0x4c, 0x10,

    /* U+004B "K" */
    0xfe, 0x0, 0xa3, 0xf0, 0x3, 0x99, 0xc7, 0x40,
    0x31, 0xc8, 0x60, 0x80, 0x45, 0xa1, 0x64, 0x1,
    0xbc, 0x65, 0x0, 0x30, 0x90, 0xb8, 0x7, 0xa,
    0x8d, 0x0, 0x7a, 0x89, 0x20, 0x3, 0xde, 0x2e,
    0xa0, 0x1c, 0x54, 0x14, 0x60, 0x1c, 0x90, 0x1a,
    0x20,

    /* U+004C "L" */
    0xfe, 0x0, 0xff, 0xfd, 0x8e, 0x67, 0x0, 0x46,
    0x7c, 0x20,

    /* U+004D "M" */
    0xff, 0x60, 0x6, 0x7f, 0xf2, 0x0, 0xc, 0xc0,
    0x15, 0x0, 0x7a, 0x40, 0xa, 0x40, 0x18, 0x44,
    0xa2, 0x12, 0x6, 0x1, 0xa4, 0x18, 0xcc, 0x8a,
    0x1, 0x9c, 0x26, 0x3, 0xc0, 0x3c, 0xc2, 0x84,
    0x80, 0x1e, 0xb0, 0x5, 0x80, 0x7c, 0x57, 0x4c,
    0x1, 0xf9, 0x14, 0x3, 0xff, 0x88,

    /* U+004E "N" */
    0xff, 0x8, 0x5, 0x1e, 0xc0, 0xa, 0x0, 0xfc,
    0x8a, 0x1, 0xfa, 0xc4, 0x3, 0x85, 0x86, 0x0,
    0x3d, 0x22, 0xc6, 0x1, 0xea, 0xe, 0x0, 0xf2,
    0x31, 0x30, 0x7, 0xa0, 0x44, 0x1, 0xe1, 0xb0,
    0xf, 0xca, 0xa0, 0x0,

    /* U+004F "O" */
    0x0, 0x9f, 0x7f, 0xac, 0xc0, 0x36, 0x41, 0x8,
    0x26, 0x30, 0x2, 0x4c, 0xdb, 0xdc, 0x90, 0x92,
    0x6, 0xe, 0x20, 0x3, 0x38, 0x5a, 0x2, 0x10,
    0x6, 0xa0, 0x41, 0x2, 0x0, 0xe2, 0x2, 0x10,
    0x20, 0xe, 0x20, 0x24, 0x4, 0x10, 0xd, 0x40,
    0x80, 0xc1, 0xa4, 0x0, 0x57, 0xb, 0x9, 0x33,
    0x6e, 0xba, 0x82, 0x48, 0x1, 0x90, 0x44, 0x4,
    0xc6, 0x0,

    /* U+0050 "P" */
    0xff, 0xec, 0x30, 0x9, 0x10, 0x66, 0xc3, 0x1,
    0xbb, 0x64, 0x4, 0x80, 0x72, 0x83, 0x0, 0x72,
    0x83, 0x0, 0xe6, 0x36, 0x2, 0x40, 0x6, 0x62,
    0x3c, 0x30, 0x1f, 0xfb, 0xc, 0x3, 0xff, 0x9a,

    /* U+0051 "Q" */
    0x0, 0x9f, 0x7f, 0xac, 0xc0, 0x3b, 0x20, 0x84,
    0x13, 0x18, 0x2, 0x93, 0x36, 0xf7, 0x24, 0x24,
    0x80, 0xc, 0x1c, 0x40, 0x6, 0x70, 0xb0, 0x40,
    0x42, 0x0, 0xd4, 0x8, 0x2, 0x4, 0x1, 0xc4,
    0x4, 0x2, 0x4, 0x1, 0x52, 0x10, 0x10, 0x20,
    0x20, 0x80, 0xbd, 0xc0, 0x20, 0x1, 0x83, 0x48,
    0x7c, 0x14, 0x2c, 0x1, 0x26, 0x6d, 0xd6, 0x0,
    0x4, 0xc0, 0x2c, 0x82, 0x20, 0x24, 0xe, 0x80,

    /* U+0052 "R" */
    0xff, 0xeb, 0x20, 0x9, 0x10, 0x49, 0x82, 0x3,
    0x76, 0xd5, 0x16, 0x0, 0xec, 0xf, 0x0, 0xc3,
    0x41, 0xa0, 0x3f, 0xee, 0x34, 0x50, 0x2, 0x98,
    0x25, 0x80, 0x6, 0xb4, 0x10, 0x40, 0x30, 0xb8,
    0x40, 0x7, 0x48, 0xb0, 0x80, 0x61, 0x90, 0x80,

    /* U+0053 "S" */
    0x0, 0x46, 0xff, 0x40, 0x5, 0x4e, 0x68, 0xf,
    0x40, 0x5, 0x1e, 0xbe, 0x25, 0x21, 0x3, 0x0,
    0xb3, 0x48, 0x4c, 0xba, 0x58, 0x8, 0x1, 0xaa,
    0x2d, 0x3d, 0x0, 0x1, 0xaf, 0xb7, 0x17, 0x52,
    0x74, 0x4, 0x8b, 0xc, 0x8, 0xa1, 0x0, 0x68,
    0x9, 0x30, 0xf6, 0x6b, 0x8c, 0x84, 0xc8, 0x8c,
    0xcb, 0x82,

    /* U+0054 "T" */
    0x6f, 0xff, 0xb4, 0x91, 0x6, 0x2, 0x88, 0x74,
    0xbb, 0x78, 0x25, 0xda, 0x80, 0x3f, 0xff, 0x80,

    /* U+0055 "U" */
    0xfe, 0x0, 0xd5, 0xe8, 0x1, 0xff, 0xe9, 0x71,
    0x10, 0x6, 0x60, 0x15, 0x9, 0x0, 0x29, 0x89,
    0x40, 0x37, 0xfa, 0x82, 0x0, 0xf1, 0x4, 0xe,
    0x98, 0x0,

    /* U+0056 "V" */
    0x8f, 0x70, 0xc, 0x7f, 0x96, 0x16, 0x1, 0xac,
    0x2c, 0xc4, 0xc4, 0x2, 0x50, 0x50, 0x60, 0x70,
    0x1, 0x10, 0xc8, 0x2c, 0x34, 0x0, 0xa1, 0x60,
    0x3, 0x14, 0x0, 0x58, 0x28, 0x4, 0xe0, 0xa2,
    0x64, 0x40, 0xb, 0x43, 0xdc, 0x28, 0x3, 0x20,
    0xad, 0x2, 0x80, 0x73, 0x81, 0x91, 0x0, 0x3b,
    0x40, 0xa, 0x1, 0x0,

    /* U+0057 "W" */
    0x6f, 0x70, 0xb, 0x7d, 0x40, 0x2e, 0xf0, 0x50,
    0xc0, 0x0, 0x90, 0x60, 0x0, 0x85, 0x0, 0xc1,
    0x40, 0xa, 0x0, 0x40, 0x2, 0x6, 0x0, 0x10,
    0x48, 0x30, 0x0, 0x42, 0x18, 0x6, 0x0, 0xc0,
    0x40, 0x40, 0x70, 0x40, 0x70, 0x40, 0x2, 0x6,
    0x1, 0x9a, 0xc3, 0x4, 0x8c, 0x2, 0x30, 0x74,
    0x4, 0x30, 0x44, 0x2, 0x0, 0x64, 0x2e, 0xc,
    0x3, 0x2f, 0xc, 0x0, 0xc6, 0xa, 0xa, 0x8,
    0xa, 0xa, 0x1, 0xb0, 0x0, 0x42, 0x18, 0x0,
    0x21, 0x0, 0xc8, 0x0, 0x40, 0x2, 0x0, 0x10,
    0x2,

    /* U+0058 "X" */
    0x1e, 0xf4, 0x0, 0xaf, 0xe0, 0x60, 0x24, 0x0,
    0x88, 0x18, 0x6, 0x32, 0x60, 0x90, 0xb0, 0xb,
    0xc2, 0x1c, 0x91, 0x40, 0x23, 0x61, 0x80, 0x90,
    0xe, 0xb0, 0x2, 0x90, 0x7, 0x58, 0x1, 0x48,
    0x3, 0x1b, 0xc, 0x4, 0x80, 0x6f, 0x8, 0x72,
    0x45, 0x0, 0x31, 0x93, 0x4, 0x85, 0x80, 0xc0,
    0x48, 0x1, 0x10, 0x30,

    /* U+0059 "Y" */
    0x6f, 0xa0, 0xd, 0xbe, 0x6c, 0x2a, 0x40, 0x5,
    0x24, 0x30, 0x80, 0xb0, 0x4, 0x84, 0x0, 0x18,
    0x58, 0x90, 0xd0, 0xc0, 0x28, 0xb, 0x80, 0x80,
    0xc, 0xc4, 0xc6, 0x86, 0x1, 0xd6, 0x0, 0x80,
    0xf, 0x30, 0x11, 0x80, 0x7f, 0xf5, 0x40,

    /* U+005A "Z" */
    0x4f, 0xff, 0xa1, 0x91, 0x38, 0x1, 0xc5, 0x77,
    0xb4, 0xd, 0x80, 0x31, 0x48, 0x70, 0x7, 0x70,
    0x49, 0x0, 0x67, 0x34, 0x60, 0xc, 0x70, 0x34,
    0x1, 0xdc, 0x16, 0x20, 0x1a, 0x9, 0x54, 0x1,
    0x89, 0xc1, 0xf3, 0x33, 0x30, 0x0, 0x46, 0x7b,
    0x80,

    /* U+005B "[" */
    0xbb, 0xcc, 0x89, 0xbc, 0x7, 0xfd, 0x20, 0x1f,
    0xfe, 0xc1, 0xbb, 0x30, 0x1, 0x11, 0xe0,

    /* U+005C "\\" */
    0xbf, 0x0, 0xee, 0x5, 0x0, 0xc8, 0x1e, 0x1,
    0x85, 0x14, 0x3, 0xb4, 0x10, 0x3, 0x38, 0x68,
    0x6, 0x14, 0x70, 0xe, 0xd1, 0x40, 0xc, 0xe1,
    0xa0, 0x18, 0x4d, 0xc0, 0x3a, 0xc4, 0xc0, 0x32,
    0x85, 0x0, 0x62, 0x37, 0x0, 0xeb, 0x13, 0x0,
    0xca, 0x16,

    /* U+005D "]" */
    0x8b, 0xba, 0x51, 0x3b, 0x3f, 0x80, 0x3f, 0xfd,
    0xb1, 0x74, 0x0, 0x44, 0x80, 0x0,

    /* U+005E "^" */
    0x0, 0x33, 0x80, 0x49, 0x35, 0x20, 0x35, 0x1c,
    0xca,

    /* U+005F "_" */
    0x1, 0x1f, 0x2, 0xf7, 0x7a, 0x12, 0xef, 0xd4,

    /* U+0060 "`" */
    0x5a, 0x20, 0x44, 0x58, 0xc, 0xb0, 0x80,

    /* U+0061 "a" */
    0x0, 0x47, 0x7c, 0x4f, 0xa0, 0x43, 0x82, 0xb3,
    0x0, 0x27, 0xc, 0xac, 0x0, 0x88, 0x10, 0x80,
    0x90, 0x3, 0xf0, 0x80, 0x8, 0x14, 0x40, 0x50,
    0x2, 0x71, 0xc8, 0xd1, 0x0, 0xa1, 0xcd, 0xd5,
    0x40, 0x0,

    /* U+0062 "b" */
    0xfe, 0x0, 0xff, 0xe6, 0x2e, 0xfd, 0x88, 0x0,
    0x69, 0xc9, 0x34, 0x2, 0xaa, 0x69, 0x1a, 0x0,
    0xa8, 0x2, 0x80, 0xc0, 0x3f, 0x85, 0x0, 0x16,
    0x6, 0x0, 0xba, 0xc3, 0x32, 0x0, 0xd3, 0x9a,
    0x68, 0x0,

    /* U+0063 "c" */
    0x0, 0x2e, 0xff, 0x38, 0x1, 0xa8, 0xd4, 0xe1,
    0x82, 0x3, 0x2b, 0x4a, 0x88, 0x50, 0x80, 0x1b,
    0x80, 0x1f, 0x88, 0x50, 0x40, 0x1b, 0x81, 0x1,
    0xf5, 0xa5, 0x60, 0xd2, 0x6a, 0x70, 0xe0,

    /* U+0064 "d" */
    0x0, 0xf4, 0xfa, 0x0, 0x7f, 0xf2, 0x23, 0xbe,
    0x0, 0x34, 0x38, 0x2b, 0x30, 0x2, 0x70, 0xca,
    0xf0, 0x8, 0x81, 0x8, 0x5, 0x40, 0x3f, 0xe2,
    0x4, 0x20, 0x15, 0x0, 0x9c, 0x32, 0xbc, 0x3,
    0x43, 0x82, 0xb3, 0x0, 0x0,

    /* U+0065 "e" */
    0x0, 0x37, 0x7e, 0x20, 0x1, 0xe4, 0x98, 0xac,
    0xc2, 0x4f, 0x27, 0x2, 0x88, 0x4f, 0xfd, 0xa0,
    0xa0, 0x3, 0xcc, 0xdc, 0x40, 0x44, 0x31, 0x85,
    0x8, 0x1c, 0x9c, 0x44, 0x3, 0xc9, 0xb1, 0xd9,
    0x80,

    /* U+0066 "f" */
    0x0, 0x36, 0xf9, 0x80, 0xc9, 0xb9, 0x2, 0x82,
    0x40, 0xbd, 0x82, 0xf9, 0x99, 0x0, 0x98, 0x93,
    0xc1, 0x24, 0x40, 0x3f, 0xfa, 0x40,

    /* U+0067 "g" */
    0x0, 0x47, 0x72, 0x27, 0xd0, 0x21, 0xc1, 0x15,
    0x80, 0x27, 0xf, 0xac, 0x10, 0x1, 0x2, 0x8,
    0xa, 0x0, 0x7f, 0xc4, 0x8, 0x40, 0x28, 0x1,
    0x38, 0x64, 0xe0, 0x80, 0x50, 0xe0, 0xea, 0xc0,
    0x13, 0x87, 0x72, 0x10, 0x14, 0x3d, 0xf6, 0x70,
    0x94, 0x42, 0x1c, 0xd8, 0x9e, 0x80,

    /* U+0068 "h" */
    0xfe, 0x0, 0xff, 0xe4, 0xb7, 0x71, 0xc0, 0x3,
    0x68, 0x30, 0x60, 0xf, 0xa8, 0x4, 0x1, 0x20,
    0x20, 0xf0, 0xf, 0xfe, 0x80,

    /* U+0069 "i" */
    0xc, 0xc0, 0x0, 0xcc, 0x0, 0xdd, 0x0, 0x37,
    0x0, 0x3f, 0xfa, 0x20,

    /* U+006A "j" */
    0x0, 0x5e, 0x80, 0x4a, 0x42, 0x0, 0xcd, 0x10,
    0x7, 0xe8, 0x7, 0xff, 0x68, 0xc0, 0xd, 0x82,
    0x81, 0xe6, 0x6a, 0x0,

    /* U+006B "k" */
    0xfe, 0x0, 0xff, 0xe5, 0xe, 0xfa, 0x0, 0x54,
    0x52, 0x80, 0x9, 0x46, 0x60, 0x0, 0x58, 0xa4,
    0x2, 0x11, 0x11, 0x80, 0x6a, 0xd, 0x10, 0x9,
    0x1c, 0x6c, 0x3, 0x41, 0xab, 0x0,

    /* U+006C "l" */
    0xfe, 0x0, 0xff, 0xe4, 0x0,

    /* U+006D "m" */
    0x2f, 0xb9, 0xee, 0x2a, 0x6f, 0xd0, 0x4, 0x84,
    0xe3, 0x52, 0xa4, 0xac, 0x0, 0x1b, 0x93, 0xb,
    0x89, 0xc, 0x0, 0x28, 0x1, 0x81, 0x41, 0xc0,
    0x3f, 0xfc, 0xc0,

    /* U+006E "n" */
    0x2f, 0xb8, 0xee, 0x28, 0x4, 0x86, 0xc3, 0x42,
    0x0, 0x1b, 0x86, 0x4, 0x0, 0x28, 0x3, 0x80,
    0xc0, 0x3f, 0xfa, 0x80,

    /* U+006F "o" */
    0x0, 0x36, 0xfe, 0xb8, 0x4, 0xd2, 0x6a, 0x71,
    0x0, 0x4, 0x6, 0x57, 0x8b, 0x89, 0x8a, 0x10,
    0xb, 0x82, 0x0, 0x7f, 0x18, 0x21, 0x0, 0xb8,
    0x20, 0x40, 0x65, 0x78, 0xb8, 0x83, 0xc9, 0xa9,
    0xc4, 0x0,

    /* U+0070 "p" */
    0xfe, 0x6d, 0xfb, 0x10, 0x0, 0xc2, 0xa2, 0x34,
    0x2, 0xd8, 0xb3, 0x32, 0x0, 0x98, 0x2, 0xc0,
    0xc0, 0x40, 0x3f, 0x28, 0x2, 0x80, 0xc0, 0x15,
    0x4d, 0x23, 0x40, 0x1a, 0x72, 0x4d, 0x0, 0x97,
    0x7e, 0xc4, 0x3, 0xff, 0x8a,

    /* U+0071 "q" */
    0x0, 0x47, 0x7c, 0x4f, 0xa0, 0x43, 0x82, 0xb3,
    0x0, 0x27, 0xc, 0xaf, 0x0, 0x88, 0x10, 0x80,
    0x54, 0x3, 0xfe, 0x20, 0x42, 0x1, 0x50, 0x9,
    0xc3, 0x2b, 0xc0, 0x34, 0x38, 0x2b, 0x30, 0x3,
    0x47, 0x7c, 0x0, 0x7f, 0xf2, 0x40,

    /* U+0072 "r" */
    0x2f, 0xba, 0xf6, 0x0, 0x22, 0x91, 0x80, 0x59,
    0xaa, 0x0, 0x23, 0x0, 0xcc, 0x1, 0xff, 0xc9,

    /* U+0073 "s" */
    0x4, 0xcf, 0xe6, 0x0, 0x59, 0x39, 0x4a, 0x10,
    0x24, 0x6d, 0x39, 0x1a, 0xfd, 0x1, 0x86, 0x4a,
    0xaa, 0x9c, 0xa0, 0xab, 0xc3, 0x9, 0xae, 0x6c,
    0xc, 0x30, 0xd9, 0x1a, 0x0,

    /* U+0074 "t" */
    0x4, 0xf9, 0x0, 0xfd, 0x36, 0xd, 0xe7, 0x88,
    0x4, 0xc2, 0xbe, 0x9, 0x24, 0x1, 0xff, 0xc7,
    0x50, 0x6a, 0x40, 0x19, 0x15, 0x20,

    /* U+0075 "u" */
    0x2f, 0xb0, 0x4, 0xfa, 0x0, 0x7f, 0xf5, 0xc,
    0x18, 0x0, 0x80, 0x1, 0x11, 0x66, 0x8, 0x2,
    0xa2, 0x22, 0xb0, 0x0,

    /* U+0076 "v" */
    0x7f, 0x60, 0x1, 0xfd, 0x30, 0x50, 0x2, 0xc3,
    0xc4, 0xcc, 0x20, 0xa0, 0xa1, 0x40, 0xe4, 0x45,
    0x0, 0x38, 0x6a, 0x87, 0x0, 0x5, 0x11, 0x42,
    0x80, 0x16, 0x81, 0x38, 0x6, 0x60, 0x6, 0x80,
    0x0,

    /* U+0077 "w" */
    0x7f, 0x50, 0x6, 0xf9, 0x0, 0xfe, 0x20, 0x78,
    0x9, 0x2, 0x2, 0x5, 0x98, 0xa0, 0x38, 0x3,
    0x43, 0x1, 0x1, 0xc4, 0xb4, 0x11, 0x0, 0xe2,
    0x61, 0x80, 0xa8, 0x8d, 0x7, 0x17, 0x0, 0x28,
    0x48, 0x6b, 0x84, 0x86, 0x0, 0x48, 0x20, 0xe2,
    0x42, 0xa, 0x1, 0x60, 0x10, 0x82, 0x82, 0x0,
    0x0,

    /* U+0078 "x" */
    0x2f, 0xc0, 0x4, 0x7b, 0x13, 0x1a, 0x93, 0x93,
    0x4, 0xd, 0xc8, 0x70, 0x0, 0x60, 0x51, 0x4c,
    0x3, 0xc6, 0x1, 0xa0, 0x51, 0x8c, 0x1, 0x3,
    0x72, 0x1e, 0x4, 0xe6, 0xa4, 0xe6, 0xc0,

    /* U+0079 "y" */
    0x6f, 0x70, 0x1, 0x7d, 0xb8, 0x58, 0x1, 0x43,
    0x45, 0xc, 0x82, 0xc1, 0xc3, 0x41, 0x44, 0xd0,
    0x41, 0x82, 0xdc, 0x38, 0x2, 0x43, 0xb0, 0x50,
    0xb, 0x80, 0x94, 0x3, 0x28, 0x3, 0x80, 0x30,
    0x8c, 0x80, 0x4, 0xaf, 0x1b, 0x0, 0x89, 0x4e,
    0x94, 0x2,

    /* U+007A "z" */
    0x3f, 0xfe, 0xc1, 0x66, 0x88, 0x18, 0xa6, 0x54,
    0x44, 0xa0, 0x0, 0xe8, 0x78, 0x5, 0x43, 0x44,
    0x0, 0x84, 0x65, 0x0, 0x1b, 0x80, 0x26, 0x4e,
    0xa0, 0x6, 0x6a, 0xc0,

    /* U+007B "{" */
    0x0, 0xc, 0x5d, 0x0, 0x35, 0xd1, 0x0, 0x26,
    0x5d, 0xc0, 0x30, 0x61, 0x0, 0x8, 0x7, 0xff,
    0x11, 0xf4, 0x34, 0x1, 0xa2, 0x25, 0x0, 0x54,
    0x8c, 0x80, 0x4a, 0x2, 0x1, 0xff, 0xc3, 0x10,
    0x70, 0x8, 0x84, 0xf2, 0x40, 0x14, 0x46, 0xe0,

    /* U+007C "|" */
    0x66, 0x5d, 0x0, 0x7f, 0xf5, 0x0,

    /* U+007D "}" */
    0x4b, 0xa4, 0x0, 0x8d, 0x16, 0xcc, 0x0, 0xff,
    0x1, 0x60, 0x18, 0xc0, 0x80, 0x3f, 0xf8, 0xce,
    0x2, 0x1, 0x88, 0x52, 0xc4, 0x0, 0x28, 0x8,
    0x60, 0x3, 0x53, 0xf2, 0x0, 0x38, 0x30, 0x7,
    0xff, 0x18, 0x40, 0xc0, 0x9, 0x76, 0xf, 0x0,
    0x1a, 0x3, 0x30, 0x0,

    /* U+007E "~" */
    0x8, 0xf8, 0x5c, 0x7, 0xa5, 0xab, 0xd, 0x5d,
    0xd3, 0x80,

    /* U+00A0 " " */

    /* U+00A1 "¡" */
    0x8e, 0x13, 0x13, 0xbe, 0x28, 0xc0, 0x12, 0x3,
    0x1, 0x0, 0xe3, 0x10, 0xc, 0x20, 0x10,

    /* U+00A2 "¢" */
    0x0, 0xd2, 0x1, 0xe4, 0x64, 0x0, 0x87, 0x2c,
    0x2f, 0x4, 0x2c, 0xd0, 0x14, 0xe0, 0x54, 0xa8,
    0x2d, 0xc4, 0x81, 0xc0, 0x28, 0x80, 0x80, 0x80,
    0x42, 0x45, 0x22, 0x0, 0xbb, 0x81, 0x21, 0x41,
    0x81, 0x0, 0x98, 0xa0, 0xb8, 0x80, 0x3, 0xb0,
    0xb3, 0x0,

    /* U+00A3 "£" */
    0x0, 0x15, 0x77, 0xf4, 0x80, 0x7, 0x14, 0xc,
    0x8c, 0x0, 0xc2, 0xbd, 0x98, 0xa0, 0xd, 0xe0,
    0x1e, 0x50, 0x90, 0xe, 0x1d, 0x3, 0xff, 0x68,
    0x0, 0x7f, 0x81, 0xbf, 0x40, 0x30, 0x80, 0x80,
    0x7a, 0x2, 0x80, 0x3b, 0x5c, 0xa2, 0xaa, 0x10,
    0x20, 0x25, 0x5c, 0x60,

    /* U+00A4 "¤" */
    0x7, 0x0, 0x8, 0x1, 0xc0, 0x6a, 0xfb, 0xac,
    0xa1, 0x14, 0xa2, 0x29, 0xe, 0x44, 0x34, 0xa9,
    0x68, 0xf4, 0x2, 0x10, 0x9, 0xcc, 0x1, 0xa6,
    0xe4, 0xe9, 0xe0, 0xf, 0x18, 0xd8, 0x1e, 0x1,
    0xf, 0xeb, 0xef, 0x1,

    /* U+00A5 "¥" */
    0x6f, 0xa0, 0xd, 0xbe, 0x6c, 0x2a, 0x20, 0x4,
    0x23, 0x30, 0x48, 0x40, 0x2, 0x2, 0x0, 0xe,
    0x2c, 0x26, 0x72, 0x0, 0x52, 0x13, 0x1, 0x0,
    0x15, 0xc0, 0x3a, 0x5, 0xc0, 0x2, 0xb6, 0x0,
    0x15, 0xb2, 0x0, 0xad, 0x80, 0x5, 0x6c, 0x80,
    0x2b, 0x70, 0x7, 0x75, 0x20, 0x1, 0x23, 0x3,
    0x22, 0x8, 0x7, 0xfc,

    /* U+00A6 "¦" */
    0xcb, 0x17, 0x0, 0xff, 0xe0, 0x6e, 0x0, 0xc,
    0xdd, 0xe0, 0x1f, 0xfc, 0x0,

    /* U+00A7 "§" */
    0x0, 0x26, 0x7f, 0xac, 0x80, 0x24, 0xb3, 0x44,
    0xb0, 0x40, 0x1e, 0x17, 0x74, 0xc, 0x80, 0x18,
    0x14, 0x0, 0xf7, 0x60, 0x2, 0x86, 0x39, 0x82,
    0x18, 0x2, 0xc, 0xa3, 0x3e, 0x44, 0x1, 0x86,
    0xf0, 0xa0, 0xd8, 0x8, 0x6d, 0xf, 0x5c, 0x64,
    0x82, 0xa, 0x40, 0x1, 0x60, 0x65, 0x33, 0x6e,
    0x4d, 0x2b, 0x90, 0x63, 0x91, 0xb2, 0x9c, 0x80,
    0x51, 0xbd, 0x68, 0x7a, 0x0, 0x87, 0x1, 0x4b,
    0x13, 0x0, 0x2c, 0x20, 0x0, 0x84, 0x40, 0x9,
    0xb, 0xcb, 0xd0, 0x80, 0x2, 0x59, 0x99, 0xe,
    0x98, 0x0,

    /* U+00A8 "¨" */
    0x2, 0x0, 0x10, 0x2e, 0xca, 0xec, 0xb0, 0x73,
    0x7, 0x0,

    /* U+00A9 "©" */
    0x0, 0xff, 0xe0, 0x8c, 0x77, 0xf5, 0x98, 0x4,
    0x38, 0xb1, 0x94, 0x38, 0xa0, 0xa, 0x1c, 0xca,
    0xb2, 0x28, 0x49, 0x3a, 0xd2, 0xe6, 0x4a, 0x4c,
    0xe2, 0x4b, 0x28, 0xf8, 0x69, 0xa0, 0x18, 0x40,
    0x6, 0x22, 0x7, 0x11, 0x25, 0xa, 0x79, 0xa1,
    0x10, 0xee, 0x47, 0xad, 0x98, 0x74, 0x1e, 0xb3,
    0xd9, 0x8e, 0xa7, 0x20, 0x3c, 0x7c, 0xca, 0x65,
    0x0, 0x11, 0xe7, 0x6e, 0xb9, 0x80, 0x0,

    /* U+00AA "ª" */
    0x6, 0xee, 0x30, 0x3, 0x21, 0xe4, 0x0, 0x56,
    0xc0, 0x26, 0xf0, 0xe0, 0x3, 0x35, 0x20, 0x0,

    /* U+00AB "«" */
    0x0, 0xe, 0xf1, 0x13, 0xb4, 0x40, 0x1a, 0x5a,
    0x78, 0x18, 0x21, 0x87, 0x85, 0x81, 0x82, 0x6,
    0x62, 0x34, 0x25, 0x20, 0x1, 0xd9, 0x5a, 0xca,
    0x48, 0x4, 0x94, 0x94, 0xd0, 0xd0, 0x1, 0x2d,
    0xe1, 0x3d, 0x70, 0x80,

    /* U+00AC "¬" */
    0xef, 0xff, 0x4, 0xb3, 0x64, 0x0, 0x3c, 0xce,
    0xd0, 0xf, 0xfe, 0x1b, 0x70, 0x0,

    /* U+00AD "­" */
    0x39, 0x9d, 0xc, 0xdc, 0xa0,

    /* U+00AE "®" */
    0x4, 0x99, 0x20, 0x16, 0xa9, 0xe9, 0xad, 0xb9,
    0x6d, 0x80, 0x19, 0x14, 0x16, 0xed, 0x51, 0x65,
    0xbf, 0xec, 0x30,

    /* U+00AF "¯" */
    0x0, 0xea, 0xff, 0xb2, 0x33, 0x2e,

    /* U+00B0 "°" */
    0x0, 0xf8, 0xfb, 0xec, 0x1, 0xa9, 0x4b, 0x26,
    0x36, 0xac, 0x84, 0x12, 0x4a, 0xe3, 0x2f, 0xa1,
    0x60, 0xdd, 0x9a, 0x20,

    /* U+00B1 "±" */
    0x0, 0x17, 0xb0, 0x7, 0xf1, 0xfe, 0x84, 0xfb,
    0x93, 0x28, 0x23, 0x18, 0xcc, 0x6, 0xca, 0x0,
    0xc, 0xc, 0x2, 0x23, 0xd7, 0x21, 0x5d, 0xde,
    0xb0,

    /* U+00B2 "²" */
    0x4, 0xde, 0x80, 0x5, 0xb3, 0x1d, 0x43, 0x6f,
    0x40, 0x40, 0x96, 0x99, 0x2, 0x29, 0x30, 0x85,
    0xc1, 0x29, 0x40,

    /* U+00B3 "³" */
    0x4, 0xdf, 0xb1, 0xe, 0x59, 0x47, 0xa, 0x9,
    0x36, 0x2, 0xaa, 0x1a, 0x86, 0x41, 0x81, 0x5,
    0x3c, 0x2b, 0x80,

    /* U+00B4 "´" */
    0x8, 0xa0, 0x27, 0xd0, 0xb1, 0x70,

    /* U+00B5 "µ" */
    0x6f, 0x70, 0x6, 0xf8, 0x7, 0xff, 0x73, 0x80,
    0x48, 0x4, 0x2, 0x6a, 0xc0, 0x6, 0xa8, 0x0,
    0xd5, 0xb4, 0xcc, 0x40, 0x9, 0xfb, 0x2c, 0xf7,
    0x0, 0x10, 0x7, 0xff, 0xc,

    /* U+00B6 "¶" */
    0x5, 0xab, 0xbc, 0xf4, 0xa8, 0x9a, 0x80, 0x21,
    0xd0, 0x30, 0xf, 0x20, 0x7, 0xac, 0xc0, 0x38,
    0x73, 0xe8, 0x3, 0xc2, 0x1, 0xff, 0xcc,

    /* U+00B7 "·" */
    0x14, 0xd, 0xb4, 0x40, 0xb0,

    /* U+00B8 "¸" */
    0x8, 0xb0, 0x9, 0x53, 0x0, 0x1b, 0xa3, 0x10,
    0xfd, 0x61, 0xe, 0xe4, 0x80,

    /* U+00B9 "¹" */
    0x5, 0xe3, 0x6a, 0x10, 0x6c, 0x0, 0xff, 0xe1,
    0x0,

    /* U+00BA "º" */
    0x4, 0xef, 0x90, 0x1b, 0x7a, 0x66, 0x10, 0x52,
    0x97, 0x90, 0x52, 0x97, 0x8d, 0xbd, 0x33, 0x0,

    /* U+00BB "»" */
    0x1e, 0xd1, 0x3f, 0xc0, 0x8, 0x70, 0xf0, 0xac,
    0xf0, 0x2, 0x2d, 0x2d, 0x5b, 0x3b, 0x0, 0x8c,
    0xe2, 0x52, 0x52, 0x0, 0x51, 0xd1, 0xe9, 0x69,
    0x4, 0xac, 0xad, 0x9d, 0x98, 0xf, 0xdb, 0x16,
    0xe2, 0x0, 0x0,

    /* U+00BC "¼" */
    0x1, 0x10, 0x7, 0x10, 0x4, 0xfc, 0xe0, 0x19,
    0xf0, 0x40, 0x2, 0x1, 0xc3, 0x10, 0x10, 0x3,
    0x8, 0x6, 0x82, 0x60, 0xf, 0xc6, 0xd2, 0x1,
    0xca, 0x60, 0xf, 0x44, 0x0, 0x4, 0x1, 0x6a,
    0xa, 0x72, 0x0, 0xce, 0x40, 0xd, 0xc, 0x40,
    0xa2, 0x1, 0xce, 0x70, 0x0, 0xb9, 0x0, 0xc3,
    0x10, 0x10, 0x51, 0xb0, 0xb0, 0x4, 0x13, 0x0,
    0x17, 0x74, 0x12, 0x0, 0xbc, 0x0, 0xc4, 0x4d,
    0x60,

    /* U+00BD "½" */
    0x0, 0xfc, 0x20, 0x19, 0xb9, 0x80, 0x33, 0xf0,
    0x80, 0x42, 0x20, 0xc, 0x33, 0x2, 0x1, 0x38,
    0x80, 0x68, 0x37, 0x0, 0xfe, 0x26, 0x80, 0xf,
    0xf4, 0xa2, 0x80, 0x7b, 0x98, 0x11, 0x12, 0x7,
    0xbc, 0xc0, 0x1d, 0x2c, 0x41, 0xee, 0xe9, 0x0,
    0xce, 0x70, 0x0, 0xca, 0x24, 0x0, 0x86, 0x64,
    0x20, 0x2, 0xc0, 0xa0, 0xa, 0xd, 0xc0, 0x2f,
    0x34, 0xe0, 0xa, 0xf0, 0x3, 0x7e, 0xec, 0x0,

    /* U+00BE "¾" */
    0xa, 0xea, 0x0, 0xc7, 0xc6, 0x1, 0x19, 0xb5,
    0x50, 0x2, 0xf4, 0x30, 0x8, 0xe3, 0x9, 0x0,
    0xc, 0x70, 0x1, 0x8d, 0xb8, 0x94, 0x1, 0xe,
    0x40, 0x18, 0xf7, 0x4c, 0xa1, 0x1, 0x0, 0x2,
    0x10, 0x5, 0x64, 0x81, 0x3d, 0x80, 0x2b, 0x5c,
    0x3, 0xd2, 0x8a, 0x8, 0x80, 0xf, 0x91, 0x12,
    0x0, 0x9b, 0x10, 0xf, 0x4b, 0x10, 0x19, 0x50,
    0xc8, 0x80, 0x4e, 0x70, 0x0, 0x3d, 0xd0, 0xb8,
    0x80, 0x4d, 0xe2, 0x1, 0x11, 0x32, 0x0,

    /* U+00BF "¿" */
    0x0, 0x9f, 0x88, 0x3, 0xb4, 0x44, 0x1, 0xd5,
    0xa6, 0x1, 0xd1, 0xe4, 0x1, 0x85, 0x88, 0xc0,
    0x22, 0xf1, 0x91, 0x0, 0xbc, 0x69, 0x80, 0x23,
    0x24, 0x50, 0x19, 0x61, 0x6, 0x0, 0x3b, 0x79,
    0x19, 0x76, 0x48, 0x58, 0x6b, 0x1, 0x9b, 0x8,

    /* U+00C0 "À" */
    0x0, 0x9e, 0x80, 0x3f, 0x91, 0x58, 0x3, 0xf1,
    0xad, 0x80, 0x7f, 0x56, 0x80, 0x7e, 0x1f, 0xf5,
    0x80, 0x7c, 0xe0, 0x4, 0x0, 0xfa, 0x81, 0x1,
    0x40, 0x38, 0x4c, 0xbc, 0x3c, 0x3, 0x9c, 0x15,
    0x5, 0x40, 0x3b, 0x42, 0xc1, 0x1, 0x40, 0x21,
    0x41, 0x30, 0xf0, 0xf0, 0x9, 0xc0, 0x7f, 0xd4,
    0xa, 0x1, 0x68, 0x19, 0xe1, 0x4, 0x0, 0x20,
    0x66, 0x6b, 0xe, 0x5, 0x5, 0x0, 0xca, 0x8,
    0x0,

    /* U+00C1 "Á" */
    0x0, 0xe4, 0xa3, 0x0, 0xfd, 0xe, 0x60, 0x1f,
    0x11, 0xc8, 0x7, 0xe2, 0xf4, 0x0, 0xf8, 0x7f,
    0xd6, 0x1, 0xf3, 0x80, 0x10, 0x3, 0xea, 0x4,
    0x5, 0x0, 0xe1, 0x32, 0xf0, 0xf0, 0xe, 0x70,
    0x54, 0x15, 0x0, 0xed, 0xb, 0x4, 0x5, 0x0,
    0x85, 0x4, 0xc3, 0xc3, 0xc0, 0x27, 0x1, 0xff,
    0x50, 0x28, 0x5, 0xa0, 0x67, 0x84, 0x10, 0x0,
    0x81, 0x99, 0xac, 0x38, 0x14, 0x14, 0x3, 0x28,
    0x20, 0x0,

    /* U+00C2 "Â" */
    0x0, 0xdb, 0xf0, 0x1, 0xf5, 0xb6, 0x3b, 0x0,
    0x7a, 0xec, 0x7e, 0xc0, 0x1e, 0x1f, 0xf5, 0x80,
    0x7c, 0xe0, 0x4, 0x0, 0xfa, 0x81, 0x1, 0x40,
    0x38, 0x4c, 0xbc, 0x3c, 0x3, 0x9c, 0x15, 0x5,
    0x40, 0x3b, 0x42, 0xc1, 0x1, 0x40, 0x21, 0x41,
    0x30, 0xf0, 0xf0, 0x9, 0xc0, 0x7f, 0xd4, 0xa,
    0x1, 0x68, 0x19, 0xe1, 0x4, 0x0, 0x20, 0x66,
    0x6b, 0xe, 0x5, 0x5, 0x0, 0xca, 0x8, 0x0,

    /* U+00C3 "Ã" */
    0x0, 0xff, 0xe1, 0x47, 0xbc, 0x48, 0x7, 0x9a,
    0x69, 0xf0, 0x3, 0xda, 0xdb, 0xa5, 0x0, 0xf1,
    0x7f, 0xa4, 0x3, 0xe7, 0x0, 0x20, 0x7, 0xd4,
    0x8, 0xa, 0x1, 0xc2, 0x65, 0xe1, 0xe0, 0x1c,
    0xe0, 0xa8, 0x2a, 0x1, 0xda, 0x16, 0x8, 0xa,
    0x1, 0xa, 0x9, 0x87, 0x87, 0x80, 0x4e, 0x3,
    0xfe, 0xa0, 0x50, 0xb, 0x40, 0xcf, 0x8, 0x20,
    0x1, 0x3, 0x33, 0x58, 0x70, 0x28, 0x28, 0x6,
    0x50, 0x40,

    /* U+00C4 "Ä" */
    0x0, 0x88, 0x40, 0x84, 0x3, 0x8b, 0x74, 0x5b,
    0xa0, 0xe, 0x31, 0x53, 0x15, 0x0, 0xe1, 0xe9,
    0x1e, 0x90, 0xf, 0xf, 0xfa, 0xc0, 0x3e, 0x70,
    0x2, 0x0, 0x7d, 0x40, 0x80, 0xa0, 0x1c, 0x26,
    0x5e, 0x1e, 0x1, 0xce, 0xa, 0x82, 0xa0, 0x1d,
    0xa1, 0x60, 0x80, 0xa0, 0x10, 0xa0, 0x98, 0x78,
    0x78, 0x4, 0xe0, 0x3f, 0xea, 0x5, 0x0, 0xb4,
    0xc, 0xf0, 0x82, 0x0, 0x10, 0x33, 0x35, 0x87,
    0x2, 0x82, 0x80, 0x65, 0x4, 0x0,

    /* U+00C5 "Å" */
    0x0, 0xd7, 0xcc, 0x1, 0xf3, 0x3d, 0x48, 0x80,
    0x78, 0x59, 0x40, 0x3f, 0x33, 0xf3, 0x88, 0x7,
    0x87, 0x7a, 0x0, 0x3e, 0x1f, 0xeb, 0x0, 0xf9,
    0xc0, 0x8, 0x1, 0xf5, 0x2, 0x2, 0x80, 0x70,
    0x99, 0x78, 0x78, 0x7, 0x38, 0x2a, 0xa, 0x80,
    0x76, 0x85, 0x82, 0x2, 0x80, 0x42, 0x82, 0x61,
    0xe1, 0xe0, 0x13, 0x80, 0xff, 0xa8, 0x14, 0x2,
    0xd0, 0x33, 0xc2, 0x8, 0x0, 0x40, 0xcc, 0xd6,
    0x1c, 0xa, 0xa, 0x1, 0x94, 0x10, 0x0,

    /* U+00C6 "Æ" */
    0x0, 0xed, 0xff, 0xfa, 0x0, 0x32, 0x10, 0x0,
    0x91, 0x37, 0x0, 0x6f, 0x4, 0x5, 0xbb, 0xcc,
    0x1, 0x12, 0x16, 0x80, 0x7f, 0xac, 0x2c, 0x0,
    0xb7, 0x75, 0x0, 0x42, 0xc2, 0xc0, 0x2, 0x44,
    0xc0, 0x14, 0x83, 0x0, 0x4f, 0xff, 0x70, 0x4,
    0xc0, 0xff, 0x20, 0x1f, 0x98, 0x49, 0x10, 0x40,
    0x1f, 0xac, 0x3e, 0xee, 0x6, 0xcc, 0xce, 0x84,
    0x84, 0x1, 0x84, 0xcf, 0x68,

    /* U+00C7 "Ç" */
    0x0, 0xa3, 0x7f, 0xac, 0xc0, 0x36, 0x39, 0x10,
    0x53, 0xc, 0x1, 0x26, 0x6e, 0xdf, 0x80, 0xe0,
    0x16, 0xe, 0x10, 0x3, 0xa8, 0x12, 0x82, 0x10,
    0x6, 0xad, 0x21, 0x1, 0x0, 0xfc, 0x20, 0x20,
    0x1f, 0x94, 0x10, 0x40, 0x35, 0x69, 0xb, 0x6,
    0x88, 0x1, 0x94, 0x8, 0x24, 0xcd, 0xdb, 0xd2,
    0x1c, 0x1, 0x63, 0x89, 0x9, 0xe1, 0x80, 0x68,
    0xa1, 0xfc, 0x30, 0xf, 0x60, 0x69, 0x0, 0x7d,
    0x1c, 0x2a, 0x1, 0xf5, 0x79, 0x28, 0x7, 0xd5,
    0xdc, 0x20, 0x8,

    /* U+00C8 "È" */
    0x3, 0xa4, 0x0, 0xe3, 0x78, 0x0, 0xf4, 0x99,
    0x80, 0x39, 0x3c, 0xc0, 0x2e, 0xff, 0xf0, 0x4,
    0x89, 0xc0, 0x15, 0xdf, 0x0, 0x7f, 0xd7, 0x79,
    0x0, 0x24, 0x4c, 0x40, 0x17, 0xfe, 0x60, 0xf,
    0xfe, 0x3e, 0x67, 0x8, 0x0, 0xcf, 0x80,

    /* U+00C9 "É" */
    0x0, 0xd4, 0xe0, 0x1c, 0xca, 0x80, 0x1d, 0x6a,
    0x60, 0x1d, 0xb4, 0x1, 0x77, 0xff, 0x80, 0x24,
    0x4e, 0x0, 0xae, 0xf8, 0x3, 0xfe, 0xbb, 0xc8,
    0x1, 0x22, 0x62, 0x0, 0xbf, 0xf3, 0x0, 0x7f,
    0xf1, 0xf3, 0x38, 0x40, 0x6, 0x7c, 0x0,

    /* U+00CA "Ê" */
    0x0, 0x47, 0xe0, 0x6, 0x66, 0x6b, 0xd8, 0x4,
    0xdc, 0x57, 0x60, 0x7, 0x7f, 0xf8, 0x2, 0x44,
    0xe0, 0xa, 0xef, 0x80, 0x3f, 0xeb, 0xbc, 0x80,
    0x12, 0x26, 0x20, 0xb, 0xff, 0x30, 0x7, 0xff,
    0x1f, 0x33, 0x84, 0x0, 0x67, 0xc0,

    /* U+00CB "Ë" */
    0x1, 0x20, 0x12, 0x0, 0xb3, 0x4b, 0x34, 0x80,
    0xe, 0x26, 0xe2, 0x60, 0xa, 0xe1, 0xae, 0x10,
    0xef, 0xff, 0x0, 0x48, 0x9c, 0x1, 0x5d, 0xf0,
    0x7, 0xfd, 0x77, 0x90, 0x2, 0x44, 0xc4, 0x1,
    0x7f, 0xe6, 0x0, 0xff, 0xe3, 0xe6, 0x70, 0x80,
    0xc, 0xf8, 0x0,

    /* U+00CC "Ì" */
    0x9, 0x80, 0x7, 0x39, 0x3, 0x8d, 0x80, 0x3a,
    0x40, 0x1d, 0xe0, 0x1f, 0xfd, 0xc0,

    /* U+00CD "Í" */
    0x7, 0xa0, 0x18, 0x30, 0x60, 0x80, 0x7f, 0x10,
    0xef, 0x0, 0xff, 0xef, 0x0,

    /* U+00CE "Î" */
    0x0, 0x33, 0x80, 0x4d, 0x32, 0x80, 0x29, 0xaa,
    0x39, 0x97, 0xaa, 0x79, 0x80, 0x3b, 0xc0, 0x3f,
    0xfe, 0x40,

    /* U+00CF "Ï" */
    0x3, 0x0, 0x18, 0x3e, 0x43, 0x64, 0x10, 0x69,
    0x6, 0xaf, 0xaa, 0x7a, 0x80, 0x3b, 0xc0, 0x3f,
    0xfe, 0x40,

    /* U+00D0 "Ð" */
    0x6, 0xff, 0xdb, 0x0, 0x1e, 0x13, 0x31, 0x3e,
    0x88, 0x6, 0x6c, 0xc7, 0x21, 0x40, 0x7, 0xc3,
    0x40, 0xc2, 0x1, 0xf0, 0xa8, 0x2d, 0x48, 0x3f,
    0xc0, 0x0, 0x80, 0x70, 0xc0, 0x97, 0x40, 0x4,
    0x2, 0xd4, 0xb, 0x4a, 0x2, 0xa0, 0xa0, 0x1e,
    0x1a, 0x6, 0x10, 0x9, 0xb3, 0x79, 0xa, 0x0,
    0x30, 0x99, 0x11, 0xf4, 0x40,

    /* U+00D1 "Ñ" */
    0x0, 0xff, 0xa7, 0xda, 0x60, 0x3, 0x35, 0x43,
    0x60, 0x6, 0xc5, 0xed, 0x40, 0x7, 0x78, 0x80,
    0x9, 0xbd, 0xc0, 0x1c, 0x1, 0xf8, 0xd8, 0x3,
    0xf4, 0x88, 0x7, 0xa0, 0x28, 0x3, 0xce, 0x48,
    0xa0, 0x1e, 0xe0, 0xb1, 0x0, 0xe3, 0x71, 0x90,
    0xf, 0x41, 0x8, 0x7, 0xdc, 0x1, 0xf8, 0xd8,
    0x0,

    /* U+00D2 "Ò" */
    0x0, 0x8b, 0xe4, 0x3, 0xf1, 0x3b, 0x8, 0x7,
    0xe8, 0x55, 0x0, 0x7f, 0x52, 0x0, 0x7c, 0xfb,
    0xfd, 0x66, 0x1, 0xb2, 0x8, 0x41, 0x31, 0x80,
    0x12, 0x66, 0xde, 0xe4, 0x84, 0x90, 0x30, 0x71,
    0x0, 0x19, 0xc2, 0xd0, 0x10, 0x80, 0x35, 0x2,
    0x8, 0x10, 0x7, 0x10, 0x10, 0x81, 0x0, 0x71,
    0x1, 0x20, 0x20, 0x80, 0x6a, 0x4, 0x6, 0xd,
    0x20, 0x2, 0xb8, 0x58, 0x49, 0x9b, 0x75, 0xd4,
    0x12, 0x40, 0xc, 0x82, 0x20, 0x26, 0x30, 0x0,

    /* U+00D3 "Ó" */
    0x0, 0xf7, 0x58, 0x7, 0xe6, 0x19, 0x0, 0xfd,
    0xd0, 0x40, 0x1f, 0xa1, 0xc0, 0x3e, 0x7d, 0xfe,
    0xb3, 0x0, 0xd9, 0x4, 0x20, 0x98, 0xc0, 0x9,
    0x33, 0x6f, 0x72, 0x42, 0x48, 0x18, 0x38, 0x80,
    0xc, 0xe1, 0x68, 0x8, 0x40, 0x1a, 0x81, 0x4,
    0x8, 0x3, 0x88, 0x8, 0x40, 0x80, 0x38, 0x80,
    0x90, 0x10, 0x40, 0x35, 0x2, 0x3, 0x6, 0x90,
    0x1, 0x5c, 0x2c, 0x24, 0xcd, 0xba, 0xea, 0x9,
    0x20, 0x6, 0x41, 0x10, 0x13, 0x18, 0x0,

    /* U+00D4 "Ô" */
    0x0, 0xc2, 0xec, 0x1, 0xfb, 0x72, 0x18, 0x3,
    0xc9, 0x76, 0xd1, 0x0, 0xf2, 0x38, 0x1b, 0x80,
    0x79, 0xf7, 0xfa, 0xcc, 0x3, 0x64, 0x10, 0x82,
    0x63, 0x0, 0x24, 0xcd, 0xbd, 0xc9, 0x9, 0x20,
    0x60, 0xe2, 0x0, 0x33, 0x85, 0xa0, 0x21, 0x0,
    0x6a, 0x4, 0x10, 0x20, 0xe, 0x20, 0x21, 0x2,
    0x0, 0xe2, 0x2, 0x40, 0x41, 0x0, 0xd4, 0x8,
    0xc, 0x1a, 0x40, 0x5, 0x70, 0xb0, 0x93, 0x36,
    0xeb, 0xa8, 0x24, 0x80, 0x19, 0x4, 0x40, 0x4c,
    0x60,

    /* U+00D5 "Õ" */
    0x0, 0xff, 0xe1, 0xf, 0x61, 0x78, 0x80, 0x73,
    0x2a, 0xb4, 0xc4, 0x3, 0x9a, 0xa7, 0x70, 0x3,
    0xc2, 0x20, 0x20, 0xf, 0x9f, 0x7f, 0xac, 0xc0,
    0x36, 0x41, 0x8, 0x26, 0x30, 0x2, 0x4c, 0xdb,
    0xdc, 0x90, 0x92, 0x6, 0xe, 0x20, 0x3, 0x38,
    0x5a, 0x2, 0x10, 0x6, 0xa0, 0x41, 0x2, 0x0,
    0xe2, 0x2, 0x10, 0x20, 0xe, 0x20, 0x24, 0x4,
    0x10, 0xd, 0x40, 0x80, 0xc1, 0xa4, 0x0, 0x57,
    0xb, 0x9, 0x33, 0x6e, 0xba, 0x82, 0x48, 0x1,
    0x90, 0x44, 0x4, 0xc6, 0x0,

    /* U+00D6 "Ö" */
    0x0, 0xc6, 0x0, 0x30, 0xf, 0x5e, 0x25, 0xe2,
    0x0, 0x71, 0x8b, 0x18, 0xb0, 0x7, 0x47, 0x14,
    0x71, 0x0, 0x73, 0xef, 0xf5, 0x98, 0x6, 0xc8,
    0x21, 0x4, 0xc6, 0x0, 0x49, 0x9b, 0x7b, 0x92,
    0x12, 0x40, 0xc1, 0xc4, 0x0, 0x67, 0xb, 0x40,
    0x42, 0x0, 0xd4, 0x8, 0x20, 0x40, 0x1c, 0x40,
    0x42, 0x4, 0x1, 0xc4, 0x4, 0x80, 0x82, 0x1,
    0xa8, 0x10, 0x18, 0x34, 0x80, 0xa, 0xe1, 0x61,
    0x26, 0x6d, 0xd7, 0x50, 0x49, 0x0, 0x32, 0x8,
    0x80, 0x98, 0xc0,

    /* U+00D7 "×" */
    0x2, 0x0, 0x10, 0xe, 0x51, 0x64, 0x8a, 0x2e,
    0x8e, 0x85, 0x80, 0x15, 0x7, 0x0, 0x95, 0xc0,
    0x67, 0x4c, 0x45, 0x8c, 0x18, 0xc0,

    /* U+00D8 "Ø" */
    0x0, 0x9f, 0x7f, 0xaf, 0xb4, 0x2, 0xc8, 0x21,
    0x12, 0xa, 0x80, 0x24, 0xcd, 0xbd, 0x60, 0x7,
    0x20, 0x60, 0xe2, 0x9, 0x16, 0xb, 0x40, 0x42,
    0x8, 0x2b, 0xb0, 0x20, 0x81, 0x1, 0x3a, 0x29,
    0x1, 0x8, 0x10, 0x70, 0x48, 0x10, 0x12, 0x2,
    0x41, 0xc1, 0x5, 0x2, 0x3, 0x83, 0x93, 0x82,
    0xb8, 0x58, 0x40, 0x81, 0x77, 0x28, 0x24, 0x81,
    0x44, 0xc8, 0x41, 0x2d, 0x80,

    /* U+00D9 "Ù" */
    0x0, 0x5f, 0x80, 0x7d, 0x20, 0xc0, 0x1e, 0x28,
    0xe0, 0xf, 0x9e, 0x0, 0x37, 0x78, 0x6, 0x8f,
    0x50, 0xf, 0xff, 0x51, 0x80, 0x80, 0x44, 0x2,
    0x81, 0x60, 0x4, 0x50, 0x5b, 0x15, 0xff, 0x58,
    0x38, 0x96, 0x28, 0x81, 0x4c, 0x0,

    /* U+00DA "Ú" */
    0x0, 0xd3, 0xe4, 0x1, 0xc2, 0xce, 0x40, 0x1c,
    0xaa, 0x90, 0xf, 0x25, 0x8, 0x5, 0xde, 0x1,
    0xa3, 0xd4, 0x3, 0xff, 0xd4, 0x60, 0x20, 0x11,
    0x0, 0xa0, 0x58, 0x1, 0x14, 0x16, 0xc5, 0x7f,
    0xd6, 0xe, 0x25, 0x8a, 0x20, 0x53, 0x0,

    /* U+00DB "Û" */
    0x0, 0x95, 0xc0, 0x3c, 0x95, 0x50, 0x6, 0x1a,
    0x7f, 0x55, 0x0, 0x43, 0xd0, 0x5e, 0xa0, 0xe,
    0xf0, 0xd, 0x1e, 0xa0, 0x1f, 0xfe, 0xa3, 0x1,
    0x0, 0x88, 0x5, 0x2, 0xc0, 0x8, 0xa0, 0xb6,
    0x2b, 0xfe, 0xb0, 0x71, 0x2c, 0x51, 0x2, 0x98,
    0x0,

    /* U+00DC "Ü" */
    0x0, 0x18, 0x0, 0xc0, 0x32, 0x65, 0x26, 0x50,
    0x4, 0xe2, 0x4e, 0x3a, 0x1, 0x1f, 0x41, 0xf3,
    0x80, 0x3b, 0xc0, 0x34, 0x7a, 0x80, 0x7f, 0xfa,
    0x8c, 0x4, 0x2, 0x20, 0x14, 0xb, 0x0, 0x22,
    0x82, 0xd8, 0xaf, 0xfa, 0xc1, 0xc4, 0xb1, 0x44,
    0xa, 0x60, 0x0,

    /* U+00DD "Ý" */
    0x0, 0xe8, 0x90, 0xf, 0x89, 0xc4, 0x3, 0xea,
    0x18, 0x0, 0xfa, 0x38, 0x3, 0x37, 0xd0, 0x6,
    0xdf, 0x36, 0x15, 0x20, 0x2, 0x92, 0x18, 0x40,
    0x58, 0x2, 0x42, 0x0, 0xc, 0x2c, 0x48, 0x68,
    0x60, 0x14, 0x5, 0xc0, 0x40, 0x6, 0x62, 0x63,
    0x43, 0x0, 0xeb, 0x0, 0x40, 0x7, 0x98, 0x8,
    0xc0, 0x3f, 0xfa, 0xa0,

    /* U+00DE "Þ" */
    0xfe, 0x0, 0xff, 0xe1, 0x8f, 0xfd, 0x86, 0x1,
    0x19, 0x88, 0xf0, 0xc0, 0x73, 0x1b, 0x1, 0x20,
    0x1c, 0xa0, 0xc0, 0x1c, 0xa0, 0xc0, 0x37, 0x6d,
    0x80, 0x90, 0x2, 0x20, 0x8f, 0xc, 0x7, 0xfe,
    0xc3, 0x0, 0xfe,

    /* U+00DF "ß" */
    0x3, 0xcf, 0xea, 0x20, 0x3c, 0x34, 0x25, 0xd1,
    0x80, 0xab, 0xc6, 0x7, 0x50, 0x50, 0x0, 0x81,
    0x88, 0x82, 0x29, 0xd1, 0x40, 0x27, 0x50, 0xc0,
    0xd, 0xfe, 0x68, 0x70, 0xe, 0x80, 0xb0, 0xe,
    0x70, 0xc, 0x77, 0x92, 0x12, 0x1, 0x21, 0x9a,
    0xd4,

    /* U+00E0 "à" */
    0x0, 0x1d, 0x20, 0x7, 0x8d, 0xfc, 0x3, 0xe8,
    0x42, 0x0, 0xf2, 0xf9, 0x0, 0x73, 0xf7, 0x22,
    0x7d, 0x1, 0xe0, 0x11, 0x98, 0x1, 0x48, 0x65,
    0x78, 0x80, 0x8, 0x4c, 0x80, 0x50, 0x3, 0x38,
    0x4, 0x60, 0x2, 0x14, 0x10, 0x3, 0x80, 0x52,
    0x19, 0x18, 0x20, 0x13, 0xb8, 0xd9, 0x58, 0x0,

    /* U+00E1 "á" */
    0x0, 0xea, 0x70, 0xf, 0x3a, 0xa0, 0x7, 0xa9,
    0x8c, 0x3, 0xdb, 0x20, 0x1c, 0xfd, 0xc8, 0x9f,
    0x40, 0x78, 0x4, 0x66, 0x0, 0x52, 0x19, 0x5e,
    0x20, 0x2, 0x13, 0x20, 0x14, 0x0, 0xce, 0x1,
    0x18, 0x0, 0x85, 0x4, 0x0, 0xe0, 0x14, 0x86,
    0x46, 0x8, 0x4, 0xee, 0x36, 0x56, 0x0, 0x0,

    /* U+00E2 "â" */
    0x0, 0xa3, 0xf0, 0x3, 0x95, 0xec, 0x60, 0x3,
    0x36, 0xa6, 0x58, 0x6, 0x4c, 0xe9, 0xaf, 0x40,
    0x78, 0x4, 0x66, 0x0, 0x52, 0x19, 0x5e, 0x20,
    0x2, 0x13, 0x20, 0x14, 0x0, 0xce, 0x1, 0x18,
    0x0, 0x85, 0x4, 0x0, 0xe0, 0x14, 0x86, 0x46,
    0x8, 0x4, 0xee, 0x36, 0x56, 0x0, 0x0,

    /* U+00E3 "ã" */
    0x0, 0x1f, 0xda, 0x70, 0x6, 0xa6, 0xb, 0x40,
    0xd, 0x71, 0x7b, 0x40, 0x19, 0x7f, 0xaa, 0x7d,
    0x1, 0xe0, 0x11, 0x98, 0x1, 0x48, 0x65, 0x78,
    0x80, 0x8, 0x4c, 0x80, 0x50, 0x3, 0x38, 0x4,
    0x60, 0x2, 0x14, 0x10, 0x3, 0x80, 0x52, 0x19,
    0x18, 0x20, 0x13, 0xb8, 0xd9, 0x58, 0x0,

    /* U+00E4 "ä" */
    0x0, 0x5e, 0x85, 0xe8, 0x6, 0x62, 0x16, 0x21,
    0x0, 0xb3, 0x47, 0x34, 0x40, 0x26, 0xce, 0x9b,
    0xf4, 0x7, 0x80, 0x46, 0x60, 0x5, 0x21, 0x95,
    0xe2, 0x0, 0x21, 0x32, 0x1, 0x40, 0xc, 0xe0,
    0x11, 0x80, 0x8, 0x50, 0x40, 0xe, 0x1, 0x48,
    0x64, 0x60, 0x80, 0x4e, 0xe3, 0x65, 0x60, 0x0,

    /* U+00E5 "å" */
    0x0, 0x9f, 0xa8, 0x3, 0x86, 0x29, 0xd4, 0x3,
    0x18, 0x28, 0x98, 0x6, 0x25, 0xe1, 0x60, 0xe,
    0xae, 0xd0, 0xe, 0x7e, 0xf8, 0x9f, 0x40, 0x78,
    0x4, 0x66, 0x0, 0x52, 0x19, 0x5e, 0x20, 0x2,
    0x13, 0x20, 0x14, 0x0, 0xce, 0x1, 0x18, 0x0,
    0x85, 0x4, 0x0, 0xe0, 0x14, 0x86, 0x46, 0x8,
    0x4, 0xee, 0x36, 0x56, 0x0, 0x0,

    /* U+00E6 "æ" */
    0x1, 0xaf, 0xf5, 0xb, 0xf7, 0xe1, 0x80, 0x35,
    0x54, 0xcb, 0xf0, 0x8c, 0x58, 0x41, 0x57, 0x52,
    0xe2, 0xf5, 0x34, 0x14, 0x5, 0x3f, 0xe7, 0x7,
    0xff, 0x58, 0x10, 0xd8, 0x5e, 0x30, 0x36, 0x66,
    0x85, 0x5, 0x43, 0x50, 0x53, 0x30, 0x7b, 0xa8,
    0x3c, 0xd9, 0xa9, 0xdc, 0xe9, 0xa0, 0xd1, 0x33,
    0x2e, 0x9d, 0x58, 0xb0, 0x40,

    /* U+00E7 "ç" */
    0x0, 0x2e, 0xff, 0x38, 0x4, 0xb4, 0x6a, 0x70,
    0xc0, 0x8, 0xc, 0xac, 0x1b, 0x1, 0x23, 0x20,
    0x1e, 0xd0, 0x20, 0x60, 0xf, 0x10, 0x38, 0x4,
    0xf0, 0x2, 0xa5, 0x2, 0xd0, 0x60, 0xb, 0x27,
    0xe9, 0x19, 0x0, 0xe, 0xb8, 0x4f, 0x90, 0x6,
    0x10, 0xb3, 0x0, 0xe8, 0xe0, 0x40, 0xe, 0xae,
    0x7, 0x0, 0xeb, 0xed, 0x10, 0x0,

    /* U+00E8 "è" */
    0x0, 0x35, 0x88, 0x7, 0x22, 0x24, 0x3, 0x89,
    0xd8, 0x3, 0xd1, 0xc0, 0x1c, 0xdd, 0xfa, 0xa0,
    0x6, 0x92, 0x60, 0xa3, 0x8, 0x2c, 0x9f, 0x9,
    0x21, 0x2f, 0xf6, 0x83, 0x0, 0xf, 0x33, 0x79,
    0x9, 0x91, 0x94, 0x20, 0x40, 0x64, 0xfa, 0x20,
    0x1a, 0x41, 0x8e, 0xcc,

    /* U+00E9 "é" */
    0x0, 0xc7, 0x68, 0x1, 0xd2, 0xa8, 0x1, 0x85,
    0x60, 0x3, 0x87, 0xd8, 0x3, 0x37, 0x7e, 0xa8,
    0x1, 0xa4, 0x98, 0x28, 0xc2, 0xb, 0x27, 0xc2,
    0x48, 0x4b, 0xfd, 0xa0, 0xc0, 0x3, 0xcc, 0xde,
    0x42, 0x64, 0x65, 0x8, 0x10, 0x19, 0x3e, 0x88,
    0x6, 0x90, 0x63, 0xb3,

    /* U+00EA "ê" */
    0x0, 0xaf, 0xe0, 0x3, 0x42, 0xdb, 0xa8, 0x5,
    0x78, 0x9a, 0xc0, 0x12, 0xe7, 0xf9, 0x80, 0xd,
    0x24, 0xc1, 0x46, 0x10, 0x59, 0x3e, 0x12, 0x42,
    0x5f, 0xed, 0x6, 0x0, 0x1e, 0x66, 0xf2, 0x13,
    0x23, 0x28, 0x40, 0x80, 0xc9, 0xf4, 0x40, 0x34,
    0x83, 0x1d, 0x98,

    /* U+00EB "ë" */
    0x0, 0x6d, 0x86, 0xd8, 0x0, 0x49, 0x44, 0x94,
    0x0, 0x3b, 0xe3, 0xbe, 0x1, 0x27, 0xfc, 0x80,
    0x6, 0x92, 0x60, 0xa3, 0x8, 0x2c, 0x9f, 0x9,
    0x21, 0x2f, 0xf6, 0x83, 0x0, 0xf, 0x33, 0x79,
    0x9, 0x91, 0x94, 0x20, 0x40, 0x64, 0xfa, 0x20,
    0x1a, 0x41, 0x8e, 0xcc,

    /* U+00EC "ì" */
    0x9, 0x80, 0x7, 0x39, 0x3, 0x95, 0x80, 0x36,
    0x40, 0x1b, 0xe0, 0x1f, 0xfd, 0x0,

    /* U+00ED "í" */
    0x6, 0xa1, 0x9, 0x31, 0x70, 0x80, 0x7f, 0x10,
    0xdf, 0x0, 0xff, 0xe9, 0x0,

    /* U+00EE "î" */
    0x2, 0xff, 0x18, 0xf, 0xb4, 0x69, 0x7, 0xcb,
    0xe1, 0x89, 0x6f, 0x90, 0x80, 0x7f, 0xf7, 0x80,

    /* U+00EF "ï" */
    0x4f, 0x54, 0xf5, 0x30, 0xd2, 0xd, 0x7c, 0x86,
    0xc8, 0x3, 0xdf, 0x30, 0xf, 0xfe, 0xf8,

    /* U+00F0 "ð" */
    0x2, 0x40, 0x2, 0x0, 0x6a, 0xbc, 0xbb, 0x18,
    0x5, 0x4, 0x68, 0xc6, 0x1, 0x19, 0x38, 0xb3,
    0x0, 0x23, 0xe8, 0xc1, 0x92, 0x0, 0xa7, 0xb0,
    0xc2, 0x40, 0x10, 0xe7, 0x22, 0x8, 0x20, 0xe3,
    0x8f, 0x82, 0xa, 0x40, 0xa2, 0x0, 0x70, 0x10,
    0xf, 0xc2, 0x42, 0x84, 0x2, 0xe0, 0x81, 0x1,
    0x95, 0x82, 0xe0, 0x6, 0xa3, 0x50, 0x88, 0x0,

    /* U+00F1 "ñ" */
    0x8, 0xe7, 0x89, 0x0, 0x3c, 0x4b, 0xe0, 0x3,
    0x1b, 0xb5, 0x43, 0xf5, 0xbb, 0x1c, 0x0, 0x34,
    0xc1, 0x6, 0x0, 0xd8, 0x80, 0x58, 0x8, 0x80,
    0xc0, 0x3f, 0xfa, 0x40,

    /* U+00F2 "ò" */
    0x0, 0x25, 0x98, 0x7, 0x91, 0x60, 0x3, 0xeb,
    0x42, 0x0, 0xf2, 0xf9, 0x0, 0x72, 0xef, 0xeb,
    0x80, 0x4d, 0x46, 0xa7, 0x12, 0x0, 0x80, 0xca,
    0xf1, 0x61, 0x21, 0x32, 0x1, 0x70, 0x40, 0x3,
    0x80, 0x78, 0x85, 0x8, 0x5, 0xc1, 0xc2, 0x3,
    0x2b, 0xc5, 0x88, 0x1a, 0x4d, 0x42, 0x24, 0x0,

    /* U+00F3 "ó" */
    0x0, 0xc3, 0x4c, 0x1, 0xe6, 0x54, 0x0, 0xf4,
    0xb1, 0x0, 0x7b, 0xa4, 0x3, 0x97, 0x7f, 0x5c,
    0x2, 0x6a, 0x35, 0x38, 0x90, 0x4, 0x6, 0x57,
    0x8b, 0x9, 0x9, 0x90, 0xb, 0x82, 0x0, 0x1c,
    0x3, 0xc4, 0x28, 0x40, 0x2e, 0xe, 0x10, 0x19,
    0x5e, 0x2c, 0x40, 0xd2, 0x6a, 0x11, 0x20,

    /* U+00F4 "ô" */
    0x0, 0xa3, 0xec, 0x3, 0x95, 0xed, 0x60, 0x3,
    0x36, 0xa7, 0xd8, 0x6, 0x6f, 0xf6, 0x20, 0x4,
    0xd4, 0x6a, 0x71, 0x20, 0x8, 0xc, 0xaf, 0x16,
    0x12, 0x13, 0x20, 0x17, 0x4, 0x0, 0x38, 0x7,
    0x88, 0x50, 0x80, 0x5c, 0x1c, 0x20, 0x32, 0xbc,
    0x58, 0x81, 0xa4, 0xd4, 0x22, 0x40,

    /* U+00F5 "õ" */
    0x0, 0x27, 0xd2, 0x70, 0x6, 0xe6, 0x1b, 0x70,
    0xd, 0x10, 0xbd, 0x90, 0xc, 0xf9, 0xfe, 0x70,
    0x9, 0xa8, 0xd4, 0xe2, 0x40, 0x10, 0x19, 0x5e,
    0x2c, 0x24, 0x26, 0x40, 0x2e, 0x8, 0x0, 0x70,
    0xf, 0x10, 0xa1, 0x0, 0xb8, 0x38, 0x40, 0x65,
    0x78, 0xb1, 0x3, 0x49, 0xa8, 0x44, 0x80,

    /* U+00F6 "ö" */
    0x0, 0x5e, 0x85, 0xe8, 0x6, 0x52, 0x15, 0x21,
    0x0, 0xbf, 0x47, 0xf4, 0x40, 0x24, 0xff, 0x62,
    0x80, 0x4d, 0x46, 0xa7, 0x12, 0x0, 0x80, 0xca,
    0xf1, 0x61, 0x21, 0x32, 0x1, 0x70, 0x40, 0x3,
    0x80, 0x78, 0x85, 0x8, 0x5, 0xc1, 0xc2, 0x3,
    0x2b, 0xc5, 0x88, 0x1a, 0x4d, 0x42, 0x24, 0x0,

    /* U+00F7 "÷" */
    0x0, 0xb7, 0x0, 0x38, 0x48, 0xc0, 0x31, 0x1d,
    0x59, 0x10, 0x17, 0x75, 0x57, 0xba, 0x24, 0xaa,
    0xf1, 0xa, 0xa9, 0xdc, 0xaa, 0x0, 0x87, 0x74,
    0x1, 0xc2, 0x46, 0x1, 0x0,

    /* U+00F8 "ø" */
    0x0, 0xf3, 0x18, 0x4, 0xdb, 0xfb, 0x22, 0x0,
    0x69, 0x35, 0x20, 0xa0, 0x4, 0x86, 0x70, 0xb,
    0x89, 0x82, 0x14, 0xc3, 0x82, 0x0, 0x4c, 0x6e,
    0x1, 0x18, 0x24, 0x58, 0xb8, 0x20, 0x48, 0xf,
    0xf8, 0x5c, 0x41, 0xc0, 0x94, 0xe2, 0x0, 0x2,
    0x8d, 0xfd, 0x70, 0x0,

    /* U+00F9 "ù" */
    0x8, 0xa0, 0xe, 0xd5, 0x40, 0xc, 0xa9, 0xe0,
    0x1d, 0x76, 0x0, 0xbf, 0x80, 0xf, 0xec, 0x1,
    0xff, 0xd1, 0x10, 0x6, 0x0, 0xc, 0x32, 0xd0,
    0x1, 0xc6, 0x61, 0x80, 0x0,

    /* U+00FA "ú" */
    0x0, 0x96, 0x88, 0x3, 0x43, 0x10, 0x4, 0x85,
    0xe0, 0x19, 0x3c, 0xc0, 0x1f, 0xc0, 0x7, 0xf6,
    0x0, 0xff, 0xe8, 0x88, 0x3, 0x0, 0x6, 0x19,
    0x68, 0x0, 0xe3, 0x30, 0xc0, 0x0,

    /* U+00FB "û" */
    0x1, 0xef, 0x50, 0xb, 0x56, 0xa8, 0x60, 0xe,
    0xb5, 0xd2, 0xf, 0xc0, 0x2, 0xf3, 0x0, 0x7f,
    0xf4, 0x44, 0x1, 0x80, 0x3, 0xc, 0xb4, 0x0,
    0x71, 0x98, 0x60, 0x0,

    /* U+00FC "ü" */
    0x2e, 0x82, 0xe8, 0x6, 0x12, 0x61, 0x20, 0x4c,
    0xa4, 0xca, 0xf, 0xd0, 0x2, 0x7b, 0x0, 0x7f,
    0xf4, 0x44, 0x1, 0x80, 0x3, 0xc, 0xb4, 0x0,
    0x71, 0x98, 0x60, 0x0,

    /* U+00FD "ý" */
    0x0, 0xcd, 0x42, 0x1, 0xd0, 0x2, 0x1, 0x94,
    0x60, 0x3, 0x97, 0xc8, 0x0, 0xde, 0xe0, 0x2,
    0xfb, 0x70, 0xb0, 0x2, 0x86, 0x8a, 0x19, 0x5,
    0x83, 0x86, 0x82, 0x89, 0xa0, 0x83, 0x5, 0xb8,
    0x70, 0x4, 0x87, 0x60, 0xa0, 0x17, 0x1, 0x28,
    0x6, 0x50, 0x7, 0x0, 0x61, 0x19, 0x0, 0x9,
    0x5e, 0x36, 0x1, 0x12, 0x9d, 0x28, 0x4,

    /* U+00FE "þ" */
    0xfe, 0x0, 0xff, 0xe6, 0x2e, 0xfd, 0x88, 0x0,
    0x69, 0xc9, 0x34, 0x2, 0xaa, 0x69, 0x1a, 0x0,
    0xa8, 0x2, 0x80, 0xc0, 0x3f, 0x85, 0x0, 0x16,
    0x6, 0x0, 0xba, 0xc3, 0x32, 0x0, 0xd3, 0x9a,
    0x68, 0x4, 0xbb, 0xf6, 0x20, 0x1f, 0xfc, 0x50,

    /* U+00FF "ÿ" */
    0x3, 0xf6, 0x3f, 0x60, 0x3, 0x7, 0xb0, 0x78,
    0x1, 0x72, 0x57, 0x24, 0x1b, 0xd0, 0x0, 0x3f,
    0x6e, 0x16, 0x0, 0x50, 0xd1, 0x43, 0x20, 0xb0,
    0x70, 0xd0, 0x51, 0x34, 0x10, 0x60, 0xb7, 0xe,
    0x0, 0x90, 0xec, 0x14, 0x2, 0xe0, 0x25, 0x0,
    0xca, 0x0, 0xe0, 0xc, 0x23, 0x20, 0x1, 0x2b,
    0xc6, 0xc0, 0x22, 0x53, 0xa5, 0x0, 0x80,

    /* U+0100 "Ā" */
    0x0, 0xff, 0xe1, 0x77, 0xfd, 0x0, 0x1e, 0xcc,
    0xd2, 0x1, 0xe3, 0xcc, 0x40, 0x80, 0x79, 0xc0,
    0x8, 0x1, 0xf5, 0x2, 0x2, 0x80, 0x70, 0x99,
    0x78, 0x78, 0x7, 0x38, 0x2a, 0xa, 0x80, 0x76,
    0x85, 0x82, 0x2, 0x80, 0x42, 0x82, 0x61, 0xe1,
    0xe0, 0x13, 0x80, 0xff, 0xa8, 0x14, 0x2, 0xd0,
    0x33, 0xc2, 0x8, 0x0, 0x40, 0xcc, 0xd6, 0x1c,
    0xa, 0xa, 0x1, 0x94, 0x10, 0x0,

    /* U+0101 "ā" */
    0x0, 0xff, 0xa7, 0xfe, 0xd0, 0xd, 0x19, 0x97,
    0x80, 0x66, 0xdd, 0x5d, 0xbd, 0x1, 0xe0, 0x11,
    0x98, 0x1, 0x48, 0x65, 0x78, 0x80, 0x8, 0x4c,
    0x80, 0x50, 0x3, 0x38, 0x4, 0x60, 0x2, 0x14,
    0x10, 0x3, 0x80, 0x52, 0x19, 0x18, 0x20, 0x13,
    0xb8, 0xd9, 0x58, 0x0,

    /* U+0102 "Ă" */
    0x0, 0xbd, 0x82, 0xe8, 0x3, 0xd1, 0x3e, 0xb0,
    0x1, 0xe7, 0xed, 0xe2, 0x0, 0xf0, 0xf6, 0xd8,
    0x7, 0xce, 0x0, 0x40, 0xf, 0xa8, 0x10, 0x14,
    0x3, 0x84, 0xcb, 0xc3, 0xc0, 0x39, 0xc1, 0x50,
    0x54, 0x3, 0xb4, 0x2c, 0x10, 0x14, 0x2, 0x14,
    0x13, 0xf, 0xf, 0x0, 0x9c, 0x7, 0xfd, 0x40,
    0xa0, 0x16, 0x81, 0x9e, 0x10, 0x40, 0x2, 0x6,
    0x66, 0xb0, 0xe0, 0x50, 0x50, 0xc, 0xa0, 0x80,

    /* U+0103 "ă" */
    0x0, 0x5d, 0x3, 0xf8, 0x6, 0x84, 0xf8, 0x90,
    0xc, 0x7d, 0xbc, 0xc0, 0x19, 0xfb, 0x26, 0x5e,
    0x80, 0xf0, 0x8, 0xcc, 0x0, 0xa4, 0x32, 0xbc,
    0x40, 0x4, 0x26, 0x40, 0x28, 0x1, 0x9c, 0x2,
    0x30, 0x1, 0xa, 0x8, 0x1, 0xc0, 0x29, 0xc,
    0x8c, 0x10, 0x9, 0xdc, 0x6c, 0xac, 0x0,

    /* U+0104 "Ą" */
    0x0, 0x87, 0xfd, 0x60, 0x1f, 0x38, 0x1, 0x0,
    0x3e, 0xa0, 0x30, 0x50, 0xe, 0x13, 0x18, 0xf,
    0x0, 0xe7, 0x7, 0x40, 0x50, 0xe, 0xd0, 0xd0,
    0x50, 0x40, 0x8, 0x50, 0x10, 0x30, 0x34, 0x2,
    0x70, 0x6, 0x62, 0x81, 0xc0, 0x2d, 0x0, 0x19,
    0xc0, 0x26, 0x0, 0x40, 0xef, 0xfa, 0x42, 0xc1,
    0x41, 0x44, 0x2, 0x70, 0x50, 0x5f, 0xa0, 0xc,
    0x28, 0x20, 0x1f, 0xca, 0xc4, 0x1, 0xfa, 0x56,
    0x0,

    /* U+0105 "ą" */
    0x0, 0x3f, 0x72, 0x27, 0xd0, 0x1e, 0x1, 0x19,
    0x80, 0x14, 0x86, 0x57, 0x88, 0x0, 0x84, 0xc8,
    0x5, 0x0, 0x33, 0x80, 0x46, 0x0, 0x21, 0x41,
    0x0, 0x38, 0x5, 0x21, 0x91, 0x82, 0x1, 0x3b,
    0x8d, 0x95, 0x80, 0x34, 0x77, 0x24, 0x4d, 0x0,
    0x3c, 0x80, 0x60, 0x1e, 0x92, 0xf0,

    /* U+0106 "Ć" */
    0x0, 0xe1, 0xf9, 0x0, 0xfd, 0x21, 0x0, 0x1f,
    0x86, 0x44, 0x3, 0xf4, 0xb0, 0x7, 0xd1, 0xbf,
    0xd6, 0x60, 0x10, 0xe3, 0x91, 0x5, 0x30, 0xc0,
    0x10, 0x66, 0xed, 0xf8, 0xe, 0x1, 0x60, 0xd1,
    0x0, 0x3a, 0x81, 0x28, 0x20, 0x80, 0x6a, 0xd2,
    0x10, 0x10, 0xf, 0xc2, 0x2, 0x1, 0xf9, 0x41,
    0x4, 0x3, 0x56, 0x90, 0xb0, 0x68, 0x80, 0x1d,
    0x40, 0x82, 0xc, 0xdd, 0xbf, 0x1, 0xc0, 0x1,
    0xc7, 0x22, 0xa, 0x61, 0x80,

    /* U+0107 "ć" */
    0x0, 0xc3, 0x4c, 0x1, 0xe6, 0x54, 0x0, 0xf5,
    0x31, 0x0, 0x7b, 0x64, 0x3, 0x97, 0x7f, 0x9c,
    0x2, 0x6a, 0x35, 0x38, 0x70, 0x4, 0x6, 0x56,
    0x95, 0x81, 0xa, 0x10, 0x3, 0x70, 0x3, 0xfc,
    0x42, 0x84, 0x0, 0xdc, 0x0, 0x40, 0x65, 0x69,
    0x58, 0x1, 0xa8, 0xd4, 0xdd, 0xc0,

    /* U+010A "Ċ" */
    0x0, 0xe4, 0x10, 0xf, 0xcb, 0x74, 0x1, 0xf9,
    0x84, 0xc0, 0x3f, 0x1f, 0x40, 0x7, 0xd1, 0xbf,
    0xd6, 0x60, 0x10, 0xe3, 0x91, 0x5, 0x30, 0xc0,
    0x10, 0x66, 0xed, 0xf8, 0xe, 0x1, 0x60, 0xd1,
    0x0, 0x3a, 0x81, 0x28, 0x20, 0x80, 0x6a, 0xd2,
    0x10, 0x10, 0xf, 0xc2, 0x2, 0x1, 0xf9, 0x41,
    0x4, 0x3, 0x56, 0x90, 0xb0, 0x68, 0x80, 0x1d,
    0x40, 0x82, 0xc, 0xdd, 0xbf, 0x1, 0xc0, 0x1,
    0xc7, 0x22, 0xa, 0x61, 0x80,

    /* U+010B "ċ" */
    0x0, 0x93, 0xdc, 0x3, 0xc4, 0x1a, 0x1, 0xe6,
    0xba, 0x0, 0xe5, 0xdb, 0xe7, 0x0, 0x9a, 0x8d,
    0x4e, 0x1c, 0x1, 0x1, 0x95, 0xa5, 0x60, 0x42,
    0x84, 0x0, 0xdc, 0x0, 0xff, 0x10, 0xa1, 0x0,
    0x37, 0x0, 0x10, 0x19, 0x5a, 0x56, 0x0, 0x6a,
    0x35, 0x37, 0x70, 0x0,

    /* U+010C "Č" */
    0x0, 0x95, 0x80, 0xdc, 0x3, 0xcf, 0x2d, 0xbe,
    0x1, 0xe2, 0x99, 0x14, 0x0, 0x7c, 0xdf, 0x80,
    0x1f, 0x46, 0xff, 0x59, 0x80, 0x43, 0x8e, 0x44,
    0x14, 0xc3, 0x0, 0x41, 0x9b, 0xb7, 0xe0, 0x38,
    0x5, 0x83, 0x44, 0x0, 0xea, 0x4, 0xa0, 0x82,
    0x1, 0xab, 0x48, 0x40, 0x40, 0x3f, 0x8, 0x8,
    0x7, 0xe5, 0x4, 0x10, 0xd, 0x5a, 0x42, 0xc1,
    0xa2, 0x0, 0x75, 0x2, 0x8, 0x33, 0x76, 0xfc,
    0x7, 0x0, 0x7, 0x1c, 0x88, 0x29, 0x86, 0x0,

    /* U+010D "č" */
    0x0, 0x47, 0xd, 0xd8, 0x3, 0x42, 0xfa, 0xd0,
    0x7, 0x55, 0xe0, 0x80, 0x65, 0xca, 0xf6, 0x0,
    0x9a, 0x8d, 0x42, 0x54, 0x1, 0x1, 0x95, 0x81,
    0x20, 0x42, 0x84, 0x3, 0x72, 0x1, 0xf2, 0x28,
    0x10, 0xa1, 0x0, 0x2a, 0x80, 0x8, 0xc, 0xad,
    0x52, 0x0, 0x35, 0x1a, 0x9b, 0xc0, 0x0,

    /* U+010E "Ď" */
    0x4, 0x70, 0x27, 0x10, 0x9, 0x66, 0x3f, 0x44,
    0x2, 0x1a, 0x70, 0xa0, 0xe, 0x4f, 0xd0, 0xd,
    0xdf, 0xf7, 0x59, 0x80, 0x63, 0x39, 0x31, 0x40,
    0x2c, 0xc6, 0xd0, 0x50, 0x80, 0x72, 0xb8, 0x48,
    0x7, 0xa8, 0x10, 0x3, 0xc6, 0x2, 0x1, 0xe3,
    0x1, 0x0, 0xf5, 0x2, 0x0, 0x72, 0xb8, 0x48,
    0x3, 0x31, 0xd4, 0x14, 0x20, 0x3, 0x30, 0x26,
    0x28, 0x0,

    /* U+010F "ď" */
    0x0, 0xf4, 0xfa, 0x56, 0x80, 0x7f, 0xb, 0x80,
    0x7f, 0xb4, 0x1, 0x1d, 0xf0, 0x1, 0x4b, 0x4,
    0x38, 0x2b, 0x30, 0x0, 0x42, 0xe, 0x19, 0x5e,
    0x1, 0xc4, 0x8, 0x40, 0x2a, 0x1, 0xff, 0xc3,
    0x20, 0x42, 0x1, 0x50, 0xe, 0x70, 0xca, 0xf0,
    0xf, 0x43, 0x82, 0xb3, 0x0, 0x30,

    /* U+0110 "Đ" */
    0x6, 0xff, 0xdb, 0x0, 0x1e, 0x13, 0x31, 0x3e,
    0x88, 0x6, 0x6c, 0xc7, 0x21, 0x40, 0x7, 0xc3,
    0x40, 0xc2, 0x1, 0xf0, 0xa8, 0x2d, 0x48, 0x3f,
    0xc0, 0x0, 0x80, 0x70, 0xc0, 0x97, 0x40, 0x4,
    0x2, 0xd4, 0xb, 0x4a, 0x2, 0xa0, 0xa0, 0x1e,
    0x1a, 0x6, 0x10, 0x9, 0xb3, 0x79, 0xa, 0x0,
    0x30, 0x99, 0x11, 0xf4, 0x40,

    /* U+0111 "đ" */
    0x0, 0xe1, 0xaf, 0x50, 0xe, 0x7e, 0x50, 0xa7,
    0x0, 0xcd, 0x68, 0x10, 0xc0, 0x8, 0xee, 0x61,
    0x1, 0x88, 0x43, 0x82, 0xb3, 0x0, 0x33, 0x86,
    0x57, 0x80, 0x62, 0x4, 0x20, 0x15, 0x0, 0xff,
    0xe0, 0x90, 0x21, 0x0, 0xa8, 0x6, 0x70, 0xca,
    0xf0, 0xe, 0x87, 0x5, 0x66, 0x0, 0x40,

    /* U+0112 "Ē" */
    0x0, 0xfe, 0x9f, 0xfb, 0x80, 0x28, 0xcc, 0xc0,
    0xe, 0xe6, 0x65, 0xbe, 0x1, 0x22, 0x70, 0x5,
    0x77, 0xc0, 0x1f, 0xf5, 0xde, 0x40, 0x9, 0x13,
    0x10, 0x5, 0xff, 0x98, 0x3, 0xff, 0x8f, 0x99,
    0xc2, 0x0, 0x33, 0xe0,

    /* U+0113 "ē" */
    0x0, 0xff, 0x6f, 0xfd, 0x40, 0x17, 0xe6, 0x50,
    0x1, 0x11, 0x9c, 0x40, 0x13, 0x77, 0xea, 0x80,
    0x1a, 0x49, 0x82, 0x8c, 0x20, 0xb2, 0x7c, 0x24,
    0x84, 0xbf, 0xda, 0xc, 0x0, 0x3c, 0xcd, 0xe4,
    0x26, 0x46, 0x50, 0x81, 0x1, 0x93, 0xe8, 0x80,
    0x69, 0x6, 0x3b, 0x30,

    /* U+0116 "Ė" */
    0x0, 0x90, 0x40, 0x39, 0xae, 0xc0, 0x1c, 0xa1,
    0xa0, 0x1c, 0x7e, 0xe0, 0x17, 0x7f, 0xf8, 0x2,
    0x44, 0xe0, 0xa, 0xef, 0x80, 0x3f, 0xeb, 0xbc,
    0x80, 0x12, 0x26, 0x20, 0xb, 0xff, 0x30, 0x7,
    0xff, 0x1f, 0x33, 0x84, 0x0, 0x67, 0xc0,

    /* U+0117 "ė" */
    0x0, 0x9b, 0xd0, 0x3, 0xbc, 0xc, 0x3, 0xa6,
    0xdc, 0x3, 0x37, 0x5e, 0xa8, 0x1, 0xa4, 0x98,
    0x28, 0xc2, 0xb, 0x27, 0xc2, 0x48, 0x4b, 0xfd,
    0xa0, 0xc0, 0x3, 0xcc, 0xde, 0x42, 0x64, 0x65,
    0x8, 0x10, 0x19, 0x3e, 0x88, 0x6, 0x90, 0x63,
    0xb3,

    /* U+0118 "Ę" */
    0xef, 0xff, 0x0, 0x48, 0x9c, 0x1, 0x5d, 0xf0,
    0x7, 0xff, 0x1f, 0xff, 0x30, 0x4, 0x89, 0x88,
    0x2, 0xbb, 0xc8, 0x1, 0xff, 0x66, 0x70, 0x80,
    0xc, 0xf8, 0x3b, 0xff, 0x22, 0x88, 0x7, 0x20,
    0x10, 0x7, 0x42, 0xd8,

    /* U+0119 "ę" */
    0x0, 0x36, 0xfe, 0x18, 0x1, 0xa4, 0x18, 0xf4,
    0x42, 0xc3, 0x26, 0x86, 0x44, 0x8c, 0x41, 0x0,
    0xc8, 0xf, 0xfd, 0xc0, 0xe4, 0x7, 0x99, 0xbc,
    0x50, 0xdc, 0xdf, 0x6c, 0x24, 0x6f, 0xec, 0xe4,
    0xb, 0x94, 0xab, 0x44, 0x2, 0x47, 0x70, 0x7,
    0x4a, 0xc0, 0x0,

    /* U+011A "Ě" */
    0x5, 0x60, 0x47, 0x0, 0x9a, 0x5a, 0x80, 0x31,
    0xc4, 0x93, 0x80, 0x67, 0xfc, 0x0, 0xbb, 0xff,
    0xc0, 0x12, 0x27, 0x0, 0x57, 0x7c, 0x1, 0xff,
    0x5d, 0xe4, 0x0, 0x91, 0x31, 0x0, 0x5f, 0xf9,
    0x80, 0x3f, 0xf8, 0xf9, 0x9c, 0x20, 0x3, 0x3e,
    0x0,

    /* U+011B "ě" */
    0x0, 0x5e, 0xe, 0xc0, 0x5, 0x45, 0xe3, 0x0,
    0x10, 0xe5, 0xe8, 0x6, 0x6c, 0xac, 0x50, 0x3,
    0x49, 0x30, 0x51, 0x84, 0x16, 0x4f, 0x84, 0x90,
    0x97, 0xfb, 0x41, 0x80, 0x7, 0x99, 0xbc, 0x84,
    0xc8, 0xca, 0x10, 0x20, 0x32, 0x7d, 0x10, 0xd,
    0x20, 0xc7, 0x66,

    /* U+011E "Ğ" */
    0x0, 0x91, 0x40, 0x10, 0x20, 0x1c, 0x56, 0x2c,
    0xe0, 0x1e, 0x62, 0xe9, 0x81, 0x0, 0xf6, 0x6f,
    0x38, 0x7, 0x9f, 0x75, 0xd6, 0x60, 0x1b, 0x20,
    0x88, 0x29, 0x8a, 0x0, 0x93, 0x2d, 0xd7, 0x50,
    0x58, 0xb, 0x6, 0x10, 0x1, 0x61, 0x9, 0x41,
    0x4, 0x3, 0x3d, 0x10, 0x81, 0x0, 0x13, 0xff,
    0x30, 0x81, 0x0, 0x19, 0xa3, 0x3, 0x50, 0x41,
    0x2, 0x99, 0x30, 0x30, 0xb0, 0x68, 0x80, 0x15,
    0x44, 0x61, 0x4, 0x7d, 0xbd, 0x41, 0xc0, 0x1,
    0xd7, 0x22, 0x2, 0xe9, 0x80,

    /* U+011F "ğ" */
    0x0, 0x5d, 0x3, 0xf0, 0x6, 0x84, 0xf8, 0x80,
    0x6, 0x3e, 0xde, 0x60, 0xc, 0xfd, 0x93, 0x1e,
    0xa0, 0xf0, 0x8, 0xae, 0x1, 0x40, 0x65, 0x60,
    0x80, 0x8, 0x10, 0x80, 0x50, 0x3, 0xfe, 0x20,
    0x42, 0x1, 0x40, 0x9, 0xc3, 0x27, 0x4, 0x2,
    0x87, 0x7, 0x46, 0x1, 0x6, 0xe, 0xe4, 0xa8,
    0x30, 0x73, 0xec, 0xe1, 0xa9, 0x4, 0x40, 0xd8,
    0x9a, 0x80,

    /* U+0120 "Ġ" */
    0x0, 0xe3, 0x10, 0xf, 0xc7, 0x98, 0x0, 0xfc,
    0x42, 0xe0, 0x1f, 0x87, 0xa8, 0x3, 0xe7, 0xdf,
    0xf5, 0x98, 0x6, 0xc8, 0x22, 0xa, 0x62, 0x80,
    0x24, 0xcb, 0x75, 0xd4, 0x16, 0x2, 0xc1, 0x84,
    0x0, 0x58, 0x42, 0x50, 0x41, 0x0, 0xcf, 0x44,
    0x20, 0x40, 0x4, 0xff, 0xcc, 0x20, 0x40, 0x6,
    0x68, 0xc0, 0xd4, 0x10, 0x40, 0xa6, 0x4c, 0xc,
    0x2c, 0x1a, 0x20, 0x5, 0x51, 0x18, 0x41, 0x1f,
    0x6f, 0x50, 0x70, 0x0, 0x75, 0xc8, 0x80, 0xba,
    0x60,

    /* U+0121 "ġ" */
    0x0, 0x93, 0xdc, 0x3, 0xc4, 0x1a, 0x1, 0xe6,
    0xba, 0x0, 0xe7, 0xea, 0x88, 0x7a, 0x83, 0xc0,
    0x22, 0xb8, 0x5, 0x1, 0x95, 0x82, 0x0, 0x20,
    0x42, 0x1, 0x40, 0xf, 0xf8, 0x81, 0x8, 0x5,
    0x0, 0x27, 0xc, 0x9c, 0x10, 0xa, 0x1c, 0x1d,
    0x18, 0x4, 0x18, 0x3b, 0x92, 0xa0, 0xc1, 0xcf,
    0xb3, 0x86, 0xa4, 0x11, 0x3, 0x62, 0x6a, 0x0,

    /* U+0126 "Ħ" */
    0x8, 0xf6, 0x0, 0x93, 0xe8, 0x2d, 0xc2, 0x7f,
    0xeb, 0x5, 0xad, 0x30, 0x47, 0x79, 0x40, 0xbd,
    0x90, 0x36, 0x22, 0xe0, 0x75, 0x0, 0xaf, 0x32,
    0x90, 0xf, 0x11, 0x9c, 0x40, 0x1e, 0x9f, 0xfa,
    0xc0, 0x3f, 0xfc, 0x60,

    /* U+0127 "ħ" */
    0x19, 0xf5, 0x10, 0xb, 0x18, 0x2b, 0x84, 0x1,
    0xca, 0x11, 0x62, 0x0, 0x32, 0x1, 0xff, 0x60,
    0x80, 0x52, 0x4, 0x74, 0x1, 0x35, 0xe0, 0x20,
    0x5, 0x80, 0x22, 0x0, 0xff, 0xea, 0x80,

    /* U+0128 "Ĩ" */
    0x0, 0xfb, 0x39, 0x31, 0x4c, 0xa2, 0xcd, 0xf,
    0x1b, 0xb8, 0x20, 0x5d, 0xc1, 0x0, 0xff, 0xf8,
    0x80,

    /* U+0129 "ĩ" */
    0xb, 0xe4, 0xc5, 0x25, 0x8b, 0x34, 0x2c, 0x6e,
    0xe0, 0x81, 0x6f, 0x8, 0x7, 0xff, 0x7c,

    /* U+012A "Ī" */
    0x0, 0xf1, 0xff, 0xe4, 0x3c, 0xcc, 0x80, 0x7b,
    0x86, 0x1, 0xff, 0xf1,

    /* U+012B "ī" */
    0x0, 0xf1, 0x7f, 0xe4, 0x2c, 0xcc, 0x80, 0x7d,
    0x86, 0x1, 0xff, 0xdf,

    /* U+012E "Į" */
    0xe, 0xf0, 0xf, 0xfe, 0xf1, 0xb8, 0x9, 0x0,
    0x89, 0x9e, 0x40,

    /* U+012F "į" */
    0xc, 0xd0, 0x1, 0x90, 0x86, 0xe0, 0x87, 0xe0,
    0x7, 0xff, 0x4d, 0xc0, 0x48, 0x4, 0x4c, 0xf2,

    /* U+0130 "İ" */
    0x2, 0x30, 0x6, 0xe0, 0x81, 0x90, 0x86, 0x68,
    0x3, 0xbc, 0x3, 0xff, 0xba,

    /* U+0131 "ı" */
    0xdf, 0x0, 0xff, 0xe1, 0x0,

    /* U+0139 "Ĺ" */
    0x6, 0xa1, 0x0, 0xe8, 0x1, 0x0, 0xcc, 0x30,
    0x1, 0xcd, 0xe4, 0x1, 0xdd, 0xe0, 0x1f, 0xff,
    0xcc, 0xce, 0x10, 0x1, 0x9f, 0x80,

    /* U+013A "ĺ" */
    0xb, 0xe0, 0x24, 0x80, 0x75, 0x60, 0x5a, 0x0,
    0x77, 0x80, 0x7f, 0xf7, 0x80,

    /* U+013D "Ľ" */
    0x18, 0x20, 0x73, 0x0, 0xc2, 0x7d, 0x32, 0x30,
    0xe, 0xa2, 0x6d, 0x0, 0xf0, 0xf7, 0x98, 0x7,
    0xdd, 0xe0, 0x1f, 0xff, 0xf0, 0xf, 0xfe, 0x1e,
    0x67, 0x8, 0x6, 0x33, 0xf0,

    /* U+013E "ľ" */
    0xfe, 0xf, 0x90, 0xd, 0x80, 0x19, 0xc0, 0x2c,
    0x20, 0x8, 0xc0, 0x3f, 0xfa, 0x60,

    /* U+0141 "Ł" */
    0xb, 0xf2, 0x0, 0xff, 0xe7, 0xa, 0x90, 0x7,
    0xb2, 0x98, 0x2, 0xb4, 0x5, 0xc4, 0x0, 0xc4,
    0x10, 0x60, 0x1a, 0xd8, 0x3, 0xff, 0x8f, 0xd9,
    0x98, 0xc0, 0x23, 0x3e, 0x60,

    /* U+0142 "ł" */
    0x1, 0xfc, 0x0, 0xff, 0xe3, 0x90, 0x4, 0x5d,
    0x4b, 0xa0, 0x2d, 0x3e, 0xe0, 0x70, 0x35, 0x40,
    0xf, 0xfe, 0x50,

    /* U+0143 "Ń" */
    0x0, 0xc9, 0x46, 0x1, 0xe8, 0x63, 0x0, 0xe4,
    0x3f, 0x0, 0xf2, 0x79, 0x80, 0x5d, 0xe4, 0x1,
    0x37, 0xb8, 0x3, 0x80, 0x3f, 0x1b, 0x0, 0x7e,
    0x91, 0x0, 0xf4, 0x5, 0x0, 0x79, 0xc9, 0x14,
    0x3, 0xdc, 0x16, 0x20, 0x1c, 0x6e, 0x32, 0x1,
    0xe8, 0x21, 0x0, 0xfb, 0x80, 0x3f, 0x1b, 0x0,
    0x0,

    /* U+0144 "ń" */
    0x0, 0x92, 0x8c, 0x3, 0x43, 0x98, 0x4, 0x66,
    0x90, 0xc, 0x7e, 0x80, 0xf, 0xe6, 0xee, 0x38,
    0x0, 0x69, 0x82, 0xc, 0x1, 0xb1, 0x0, 0xb0,
    0x11, 0x1, 0x80, 0x7f, 0xf4, 0x80,

    /* U+0147 "Ň" */
    0x0, 0x39, 0x83, 0xa0, 0x6, 0xfe, 0x78, 0x50,
    0xd, 0x1, 0x14, 0x20, 0x1d, 0xbe, 0xa0, 0x17,
    0x79, 0x0, 0x4d, 0xee, 0x0, 0xe0, 0xf, 0xc6,
    0xc0, 0x1f, 0xa4, 0x40, 0x3d, 0x1, 0x40, 0x1e,
    0x72, 0x45, 0x0, 0xf7, 0x5, 0x88, 0x7, 0x1b,
    0x8c, 0x80, 0x7a, 0x8, 0x40, 0x3e, 0xe0, 0xf,
    0xc6, 0xc0, 0x0,

    /* U+0148 "ň" */
    0xc, 0xa2, 0xe6, 0x0, 0x6a, 0x63, 0xb0, 0x0,
    0x7f, 0x64, 0x1, 0xfc, 0xfb, 0xce, 0x0, 0x1a,
    0x60, 0x83, 0x0, 0x6c, 0x40, 0x2c, 0x4, 0x40,
    0x60, 0x1f, 0xfd, 0x20,

    /* U+014C "Ō" */
    0x0, 0xff, 0xe1, 0x3f, 0xfe, 0x0, 0xf3, 0x66,
    0x60, 0xf, 0x9, 0x9e, 0x0, 0xf3, 0xef, 0xf5,
    0x98, 0x6, 0xc8, 0x21, 0x4, 0xc6, 0x0, 0x49,
    0x9b, 0x7b, 0x92, 0x12, 0x40, 0xc1, 0xc4, 0x0,
    0x67, 0xb, 0x40, 0x42, 0x0, 0xd4, 0x8, 0x20,
    0x40, 0x1c, 0x40, 0x42, 0x4, 0x1, 0xc4, 0x4,
    0x80, 0x82, 0x1, 0xa8, 0x10, 0x18, 0x34, 0x80,
    0xa, 0xe1, 0x61, 0x26, 0x6d, 0xd7, 0x50, 0x49,
    0x0, 0x32, 0x8, 0x80, 0x98, 0xc0,

    /* U+014D "ō" */
    0x0, 0xff, 0xab, 0xfe, 0xd0, 0xd, 0x19, 0x97,
    0x80, 0x62, 0x33, 0x88, 0x3, 0x2e, 0xfe, 0xb8,
    0x4, 0xd4, 0x6a, 0x71, 0x20, 0x8, 0xc, 0xaf,
    0x16, 0x12, 0x13, 0x20, 0x17, 0x4, 0x0, 0x38,
    0x7, 0x88, 0x50, 0x80, 0x5c, 0x1c, 0x20, 0x32,
    0xbc, 0x58, 0x81, 0xa4, 0xd4, 0x22, 0x40,

    /* U+0150 "Ő" */
    0x0, 0xd5, 0xe7, 0xf0, 0x1, 0xe7, 0x55, 0x5,
    0x0, 0x79, 0xe4, 0x1c, 0x80, 0x3d, 0x46, 0xd0,
    0x1, 0xe7, 0xdf, 0xeb, 0x30, 0xd, 0x90, 0x42,
    0x9, 0x8c, 0x0, 0x93, 0x36, 0xf7, 0x24, 0x24,
    0x81, 0x83, 0x88, 0x0, 0xce, 0x16, 0x80, 0x84,
    0x1, 0xa8, 0x10, 0x40, 0x80, 0x38, 0x80, 0x84,
    0x8, 0x3, 0x88, 0x9, 0x1, 0x4, 0x3, 0x50,
    0x20, 0x30, 0x69, 0x0, 0x15, 0xc2, 0xc2, 0x4c,
    0xdb, 0xae, 0xa0, 0x92, 0x0, 0x64, 0x11, 0x1,
    0x31, 0x80,

    /* U+0151 "ő" */
    0x0, 0xa2, 0x4e, 0xcc, 0x3, 0x38, 0xda, 0x10,
    0x4, 0x81, 0x48, 0xa2, 0x1, 0x27, 0x96, 0x50,
    0x6, 0x5d, 0xfd, 0x70, 0x9, 0xa8, 0xd4, 0xe2,
    0x40, 0x10, 0x19, 0x5e, 0x2c, 0x24, 0x26, 0x40,
    0x2e, 0x8, 0x0, 0x70, 0xf, 0x10, 0xa1, 0x0,
    0xb8, 0x38, 0x40, 0x65, 0x78, 0xb1, 0x3, 0x49,
    0xa8, 0x44, 0x80,

    /* U+0152 "Œ" */
    0x0, 0x9f, 0x3f, 0xff, 0x38, 0x3, 0x20, 0xcc,
    0x40, 0x48, 0x98, 0x82, 0x4c, 0xdd, 0x96, 0xb,
    0x77, 0x94, 0x18, 0x34, 0x40, 0x3f, 0x90, 0x14,
    0x40, 0x32, 0xdd, 0xd2, 0x2, 0x6, 0x1, 0xc4,
    0x89, 0x80, 0x40, 0xc0, 0x39, 0xff, 0xed, 0x4,
    0x5, 0x10, 0xf, 0xf9, 0x83, 0x44, 0x3, 0xfd,
    0x26, 0x6e, 0xcb, 0x6, 0xcc, 0xcc, 0x0, 0xc8,
    0x33, 0x10, 0x9, 0x9e, 0xe0,

    /* U+0153 "œ" */
    0x0, 0x36, 0xfe, 0xa8, 0x4f, 0x7d, 0x88, 0x1,
    0xa4, 0x18, 0x2b, 0x19, 0x15, 0x30, 0x1, 0x3,
    0x93, 0x82, 0x6f, 0x76, 0x82, 0x53, 0x14, 0x10,
    0x14, 0x7, 0xee, 0x40, 0x10, 0x7, 0xe7, 0xbb,
    0xca, 0x60, 0x82, 0x2, 0x80, 0x68, 0x81, 0xf1,
    0x8, 0x1c, 0x9c, 0x13, 0x4b, 0xaa, 0x31, 0x83,
    0xc8, 0x30, 0x56, 0x32, 0xa9, 0x3c, 0x0,

    /* U+0154 "Ŕ" */
    0x0, 0x9e, 0x80, 0x38, 0x60, 0x80, 0x3a, 0x46,
    0x0, 0x3a, 0x38, 0x3, 0x77, 0xfe, 0xc3, 0x0,
    0x91, 0x4, 0x78, 0x40, 0xb, 0xb6, 0xb8, 0x50,
    0x7, 0x60, 0x8, 0x6, 0x1f, 0xf, 0x0, 0x7f,
    0xb9, 0xd, 0x80, 0xa, 0x80, 0x78, 0x1, 0x55,
    0x89, 0x90, 0x7, 0x40, 0x40, 0x7, 0x30, 0xa9,
    0x0, 0x74, 0x4, 0x80,

    /* U+0155 "ŕ" */
    0x0, 0x35, 0x8, 0x2, 0x0, 0x41, 0x86, 0x0,
    0xd, 0xe4, 0x1d, 0xef, 0xd2, 0x0, 0x83, 0x10,
    0x4, 0x6c, 0x0, 0x1c, 0x3, 0xff, 0x94,

    /* U+0158 "Ř" */
    0x27, 0x11, 0x41, 0x0, 0xa, 0xae, 0x90, 0x80,
    0x2f, 0x54, 0xe0, 0xc, 0x5f, 0xe2, 0x0, 0xbb,
    0xff, 0x61, 0x80, 0x48, 0x82, 0x3c, 0x20, 0x5,
    0xdb, 0x5c, 0x28, 0x3, 0xb0, 0x4, 0x3, 0xf,
    0x87, 0x80, 0x3f, 0xdc, 0x86, 0xc0, 0x5, 0x40,
    0x3c, 0x0, 0xaa, 0xc4, 0xc8, 0x3, 0xa0, 0x20,
    0x3, 0x98, 0x54, 0x80, 0x3a, 0x2, 0x40,

    /* U+0159 "ř" */
    0x1e, 0x74, 0xf4, 0x1d, 0x8a, 0x94, 0x3, 0xdd,
    0x30, 0x3, 0xb5, 0x3a, 0x40, 0x28, 0x31, 0x0,
    0xa3, 0x60, 0x2, 0x70, 0xf, 0xfe, 0x70,

    /* U+015A "Ś" */
    0x0, 0xc5, 0xf0, 0x1, 0xeb, 0x18, 0x0, 0xf1,
    0xd8, 0x7, 0xd4, 0xa0, 0x1d, 0x1b, 0xfd, 0x0,
    0x15, 0x39, 0xa0, 0x3d, 0x0, 0x14, 0x7a, 0xf8,
    0x94, 0x84, 0xc, 0x2, 0xcd, 0x21, 0x32, 0xe9,
    0x60, 0x20, 0x6, 0xa8, 0xb4, 0xf4, 0x0, 0x6,
    0xbe, 0xdc, 0x5d, 0x49, 0xd0, 0x12, 0x2c, 0x30,
    0x22, 0x84, 0x1, 0xa0, 0x24, 0xc3, 0xd9, 0xae,
    0x32, 0x13, 0x22, 0x33, 0x2e, 0x8,

    /* U+015B "ś" */
    0x0, 0xd1, 0x20, 0x18, 0x9f, 0x80, 0x35, 0x8b,
    0x80, 0x69, 0xe0, 0x8, 0xf3, 0xf9, 0x80, 0x1a,
    0x4e, 0x52, 0x82, 0x25, 0x8c, 0xa7, 0x13, 0x4f,
    0xb0, 0x30, 0xc9, 0x55, 0x53, 0x8c, 0x1d, 0x70,
    0x58, 0xb5, 0x4d, 0x2, 0x86, 0x23, 0x2a, 0xa4,

    /* U+015E "Ş" */
    0x0, 0x46, 0xff, 0x40, 0x5, 0x4e, 0x68, 0xf,
    0x40, 0x5, 0x1e, 0xbe, 0x25, 0x21, 0x3, 0x0,
    0xb3, 0x48, 0x4c, 0xba, 0x54, 0x48, 0x1, 0xaa,
    0x2d, 0x5f, 0x0, 0x1, 0xaf, 0xb7, 0x17, 0x52,
    0x74, 0x4, 0x8b, 0xc, 0x8, 0xa1, 0x0, 0x68,
    0x9, 0x30, 0xf6, 0x6b, 0x85, 0x4, 0xc1, 0x19,
    0x26, 0x90, 0x1, 0xd4, 0xb2, 0xc8, 0x3, 0x8,
    0xb0, 0xc0, 0x3a, 0x70, 0x5c, 0x3, 0xb7, 0xd5,
    0x0, 0x3b, 0x3a, 0xc0, 0x20,

    /* U+015F "ş" */
    0x2, 0xcf, 0xe6, 0x0, 0x61, 0x39, 0x4a, 0x8,
    0x92, 0x36, 0x0, 0x44, 0xbb, 0x8, 0x80, 0xc4,
    0x26, 0xc5, 0x0, 0x57, 0xd0, 0x48, 0xee, 0x85,
    0xc1, 0xc5, 0xcf, 0xb4, 0x20, 0x23, 0x2, 0x38,
    0xc0, 0xc, 0x10, 0x80, 0x12, 0xf3, 0x78, 0x4,
    0xfc, 0xdc, 0x1, 0x3f, 0x7a, 0x0,

    /* U+0160 "Š" */
    0x0, 0x33, 0x82, 0xc0, 0x6, 0x58, 0x5a, 0xe0,
    0xc, 0x6d, 0x46, 0xc0, 0x1d, 0x3b, 0xa0, 0xe,
    0x8d, 0xd7, 0xc0, 0x5, 0x4e, 0x68, 0xf, 0x40,
    0x5, 0x1e, 0xbe, 0x35, 0x21, 0x3, 0x0, 0xb3,
    0xc8, 0x4c, 0xba, 0x58, 0x40, 0x2d, 0x51, 0x69,
    0xe8, 0x0, 0xd, 0x7d, 0xb8, 0xba, 0x93, 0xa0,
    0x24, 0x58, 0x60, 0x45, 0x8, 0x3, 0x40, 0x49,
    0xc7, 0xb3, 0x5c, 0x64, 0x22, 0x48, 0xcc, 0xb8,
    0x20,

    /* U+0161 "š" */
    0x3, 0xf4, 0x7e, 0x10, 0x39, 0xb8, 0xd1, 0x0,
    0x36, 0xe8, 0xc0, 0x7, 0x9b, 0x8c, 0x0, 0xd2,
    0x72, 0x94, 0x11, 0x2c, 0x6c, 0x0, 0x9a, 0x7d,
    0x12, 0x6, 0x4a, 0xaa, 0x9c, 0x60, 0xab, 0x82,
    0xc5, 0xae, 0x68, 0x14, 0x31, 0x19, 0x55, 0x20,

    /* U+0162 "Ţ" */
    0x6f, 0xff, 0xb4, 0x91, 0x6, 0x2, 0x88, 0x74,
    0xbb, 0x78, 0x25, 0xda, 0x80, 0x3f, 0xff, 0xe6,
    0x5e, 0x1, 0xe3, 0x2b, 0x70, 0xe, 0x3e, 0x9a,
    0x0, 0xe4, 0xe8, 0xb0, 0xe, 0x4e, 0xf6, 0x0,
    0x0,

    /* U+0163 "ţ" */
    0x4, 0xf9, 0x0, 0xfd, 0x36, 0xd, 0xe7, 0x88,
    0x4, 0xc2, 0xbe, 0x9, 0x24, 0x1, 0xff, 0xc7,
    0x50, 0x6a, 0x40, 0x19, 0x5, 0x20, 0x1, 0x5,
    0x30, 0x0, 0x4e, 0x98, 0x0, 0xb8, 0xbc, 0x0,
    0x8f, 0x4a, 0x0, 0x47, 0x70, 0x80,

    /* U+0164 "Ť" */
    0x0, 0x23, 0x1, 0xb8, 0x6, 0x69, 0x7d, 0xf0,
    0xc, 0x53, 0x5, 0x0, 0x1c, 0xdf, 0x80, 0x13,
    0x7f, 0xfd, 0xa4, 0x88, 0x30, 0x14, 0x43, 0xa5,
    0xdb, 0xc1, 0x2e, 0xd4, 0x1, 0xff, 0xfc,

    /* U+0165 "ť" */
    0x0, 0xc2, 0x60, 0x1c, 0xd8, 0x1, 0xde, 0x60,
    0x4, 0xf8, 0x15, 0x0, 0xc3, 0x32, 0x9, 0xb0,
    0x6f, 0x30, 0xc4, 0x2, 0x61, 0x5, 0xf0, 0x49,
    0x20, 0xf, 0xfe, 0x5a, 0x83, 0x52, 0x0, 0x6,
    0x45, 0x48, 0x0,

    /* U+0166 "Ŧ" */
    0x6f, 0xff, 0xb4, 0x91, 0x6, 0x2, 0x88, 0x74,
    0xbb, 0x78, 0x25, 0xda, 0x80, 0x3f, 0xc2, 0x4c,
    0x2, 0x44, 0x0, 0x7e, 0xd0, 0x26, 0xe9, 0x2,
    0xa9, 0x0, 0x75, 0x45, 0x4, 0x54, 0x6, 0x55,
    0x8, 0x7, 0xff, 0x3c,

    /* U+0167 "ŧ" */
    0x4, 0xf9, 0x0, 0xfd, 0x36, 0xd, 0xe7, 0x88,
    0x4, 0xc2, 0xba, 0x9, 0x4, 0xd2, 0xd, 0xa0,
    0x8e, 0x9, 0x0, 0x58, 0x4, 0x80, 0x5, 0x6,
    0xa4, 0x1, 0x91, 0x52,

    /* U+0168 "Ũ" */
    0x0, 0xff, 0xab, 0x9a, 0x9c, 0x2, 0x15, 0xb8,
    0x54, 0x0, 0x87, 0x17, 0xf4, 0xc0, 0x31, 0x80,
    0x90, 0x5, 0xde, 0x1, 0xa3, 0xd4, 0x3, 0xff,
    0xd4, 0x60, 0x20, 0x11, 0x0, 0xa0, 0x58, 0x1,
    0x14, 0x16, 0xc5, 0x7f, 0xd6, 0xe, 0x25, 0x8a,
    0x20, 0x53, 0x0,

    /* U+0169 "ũ" */
    0x9, 0xe6, 0x98, 0x0, 0x34, 0x41, 0xac, 0x1,
    0x8d, 0xda, 0x61, 0xfa, 0x0, 0x5f, 0x60, 0xf,
    0xfe, 0x88, 0x80, 0x30, 0x0, 0x61, 0x96, 0x80,
    0xe, 0x33, 0xc, 0x0, 0x0,

    /* U+016A "Ū" */
    0x0, 0xff, 0xbf, 0xf3, 0x0, 0x6c, 0xcc, 0xe0,
    0x18, 0xcf, 0x8, 0x3, 0xbc, 0x3, 0x47, 0xa8,
    0x7, 0xff, 0xa8, 0xc0, 0x40, 0x22, 0x1, 0x40,
    0xb0, 0x2, 0x28, 0x2d, 0x8a, 0xff, 0xac, 0x1c,
    0x4b, 0x14, 0x40, 0xa6, 0x0,

    /* U+016B "ū" */
    0x0, 0xfd, 0xff, 0x98, 0x1, 0x99, 0x9c, 0x0,
    0x67, 0x84, 0x3f, 0x80, 0xf, 0xec, 0x1, 0xff,
    0xd1, 0x10, 0x6, 0x0, 0xc, 0x32, 0xd0, 0x1,
    0xc6, 0x61, 0x80, 0x0,

    /* U+016E "Ů" */
    0x0, 0xe, 0x72, 0x0, 0x74, 0x34, 0x50, 0x7,
    0x89, 0x44, 0x3, 0xad, 0xb2, 0x0, 0x38, 0xbb,
    0x8e, 0x1, 0x77, 0x80, 0x4, 0x23, 0xd4, 0x3,
    0xff, 0xd4, 0x60, 0x20, 0x11, 0x0, 0xa0, 0x58,
    0x1, 0x14, 0x16, 0xc5, 0x7f, 0xd6, 0xe, 0x25,
    0x8a, 0x20, 0x53, 0x0,

    /* U+016F "ů" */
    0x1, 0xce, 0x50, 0xa, 0x5a, 0xec, 0x1, 0x9,
    0xb0, 0x80, 0x56, 0xf9, 0x0, 0x11, 0x77, 0x1c,
    0x1, 0xfc, 0x2, 0xfe, 0xc0, 0x1f, 0xfd, 0x11,
    0x0, 0x60, 0x0, 0xc3, 0x2d, 0x0, 0x1c, 0x66,
    0x18, 0x0, 0x0,

    /* U+0170 "Ű" */
    0x0, 0x1f, 0xb6, 0x70, 0x6, 0x40, 0x73, 0x60,
    0xe, 0x83, 0x5a, 0x0, 0xce, 0xe2, 0xa2, 0x0,
    0x77, 0x80, 0x68, 0xf5, 0x0, 0xff, 0xf5, 0x18,
    0x8, 0x4, 0x40, 0x28, 0x16, 0x0, 0x45, 0x5,
    0xb1, 0x5f, 0xf5, 0x83, 0x89, 0x62, 0x88, 0x14,
    0xc0, 0x0,

    /* U+0171 "ű" */
    0x2, 0xa5, 0x7a, 0x0, 0x22, 0xbc, 0x80, 0x58,
    0x60, 0x3c, 0x0, 0xac, 0x2f, 0x40, 0xfe, 0x0,
    0x3f, 0xb0, 0x7, 0xff, 0x44, 0x40, 0x18, 0x0,
    0x30, 0xcb, 0x40, 0x7, 0x19, 0x86, 0x0, 0x0,

    /* U+0172 "Ų" */
    0xef, 0x0, 0xd1, 0xea, 0x1, 0xff, 0xea, 0x30,
    0x10, 0x8, 0x40, 0x58, 0x1c, 0x0, 0x2e, 0xd,
    0xe1, 0x37, 0x3e, 0x28, 0x49, 0x0, 0x8c, 0x29,
    0x40, 0x7, 0xe2, 0x4c, 0xb1, 0x0, 0x84, 0x8c,
    0x80, 0x3c, 0xcf, 0x20, 0x10,

    /* U+0173 "ų" */
    0xfe, 0x0, 0x3f, 0xb0, 0x7, 0xff, 0x44, 0x40,
    0x18, 0x0, 0x30, 0xcb, 0x40, 0x7, 0x19, 0x86,
    0x0, 0x5, 0x9f, 0x42, 0x4c, 0x1, 0xb0, 0xc,
    0x3, 0x49, 0xe8,

    /* U+0174 "Ŵ" */
    0x0, 0xf3, 0x38, 0x7, 0xfc, 0xb3, 0x30, 0x7,
    0xf0, 0xd4, 0xeb, 0x20, 0x7, 0xe1, 0xf6, 0x3f,
    0x40, 0xd, 0x3e, 0x80, 0x17, 0xf8, 0x80, 0x3,
    0xf9, 0xe1, 0x80, 0x3, 0x0, 0x20, 0x1, 0x1,
    0x10, 0x8, 0x0, 0x40, 0x6, 0x0, 0x30, 0x34,
    0x84, 0xc0, 0x18, 0x0, 0x40, 0x2, 0x82, 0x2,
    0x1, 0x82, 0x12, 0x89, 0x1, 0x90, 0x86, 0x2,
    0x18, 0x26, 0x2, 0x20, 0x10, 0x0, 0x81, 0x88,
    0x18, 0x81, 0x98, 0xc, 0x0, 0x10, 0xae, 0x2,
    0x10, 0xa1, 0x82, 0x0, 0x4a, 0x28, 0x22, 0x5,
    0x14, 0x11, 0x0, 0x58, 0x0, 0x40, 0x6, 0x0,
    0x10, 0x3, 0x20, 0x3, 0x0, 0x8, 0x0, 0xc0,
    0x0,

    /* U+0175 "ŵ" */
    0x0, 0xc3, 0xde, 0xa0, 0x1f, 0xb5, 0x2a, 0x86,
    0x1, 0xf7, 0x52, 0xe9, 0x0, 0x4f, 0xea, 0x5,
    0xbe, 0x2, 0x2f, 0xc4, 0xf, 0x1, 0x20, 0x40,
    0x40, 0xb3, 0x14, 0x7, 0x0, 0x68, 0x60, 0x20,
    0x38, 0x96, 0x82, 0x20, 0x1c, 0x4c, 0x30, 0x15,
    0x11, 0xa0, 0xe2, 0xe0, 0x5, 0x9, 0xd, 0x70,
    0x90, 0xc0, 0x9, 0x4, 0x1c, 0x48, 0x41, 0x40,
    0x2c, 0x2, 0x10, 0x50, 0x40, 0x0,

    /* U+0176 "Ŷ" */
    0x0, 0xd0, 0xe0, 0x1f, 0x43, 0x43, 0x0, 0x71,
    0xbd, 0x4c, 0x88, 0x3, 0x1f, 0xa3, 0x79, 0x0,
    0x1b, 0xe8, 0x3, 0x6f, 0x9b, 0xa, 0x90, 0x1,
    0x49, 0xc, 0x20, 0x2c, 0x1, 0x21, 0x0, 0x6,
    0x16, 0x24, 0x34, 0x30, 0xa, 0x2, 0xe0, 0x20,
    0x3, 0x31, 0x31, 0xa1, 0x80, 0x75, 0x80, 0x20,
    0x3, 0xcc, 0x4, 0x60, 0x1f, 0xfd, 0x50,

    /* U+0177 "ŷ" */
    0x0, 0xf, 0x7a, 0x0, 0x6c, 0x49, 0xb2, 0x0,
    0xbe, 0x9b, 0x4c, 0x1b, 0xd4, 0x2, 0xeb, 0x70,
    0xb0, 0x2, 0x86, 0x8a, 0x19, 0x5, 0x83, 0x86,
    0x82, 0x89, 0xa0, 0x83, 0x5, 0xb8, 0x70, 0x4,
    0x87, 0x60, 0xa0, 0x17, 0x1, 0x28, 0x6, 0x50,
    0x7, 0x0, 0x61, 0x19, 0x0, 0x9, 0x5e, 0x36,
    0x1, 0x12, 0x9d, 0x28, 0x4,

    /* U+0178 "Ÿ" */
    0x0, 0x8c, 0x0, 0x60, 0x1d, 0x18, 0xd1, 0x8c,
    0x1, 0xb8, 0xb, 0x80, 0x80, 0x33, 0x7a, 0x37,
    0xa0, 0x1, 0xbe, 0x80, 0x36, 0xf9, 0xb0, 0xa9,
    0x0, 0x14, 0x90, 0xc2, 0x2, 0xc0, 0x12, 0x10,
    0x0, 0x61, 0x62, 0x43, 0x43, 0x0, 0xa0, 0x2e,
    0x2, 0x0, 0x33, 0x13, 0x1a, 0x18, 0x7, 0x58,
    0x2, 0x0, 0x3c, 0xc0, 0x46, 0x1, 0xff, 0xd5,

    /* U+0179 "Ź" */
    0x0, 0xc5, 0x4a, 0x1, 0xeb, 0x54, 0x0, 0xf3,
    0x40, 0x80, 0x7b, 0xdc, 0x2, 0x4f, 0xff, 0xa1,
    0x91, 0x38, 0x1, 0xc5, 0x77, 0xb4, 0xd, 0x80,
    0x31, 0x48, 0x70, 0x7, 0x70, 0x49, 0x0, 0x67,
    0x34, 0x60, 0xc, 0x70, 0x34, 0x1, 0xdc, 0x16,
    0x20, 0x1a, 0x9, 0x54, 0x1, 0x89, 0xc1, 0xf3,
    0x33, 0x30, 0x0, 0x46, 0x7b, 0x80,

    /* U+017A "ź" */
    0x0, 0x93, 0xd8, 0x3, 0x79, 0x30, 0x4, 0x22,
    0x90, 0x1, 0xff, 0x2d, 0xfe, 0xb, 0x34, 0x40,
    0xc5, 0x32, 0xa2, 0x25, 0x0, 0x7, 0x43, 0xc0,
    0x2a, 0x1a, 0x20, 0x4, 0x23, 0x28, 0x0, 0xdc,
    0x1, 0x32, 0x75, 0x0, 0x33, 0x56,

    /* U+017B "Ż" */
    0x0, 0xc8, 0x1, 0xf4, 0x5c, 0x0, 0x7b, 0x43,
    0x40, 0x3c, 0xbe, 0xa0, 0x12, 0x7f, 0xfd, 0xc,
    0x89, 0xc0, 0xe, 0x2b, 0xbd, 0xa0, 0x6c, 0x1,
    0x8a, 0x43, 0x80, 0x3b, 0x82, 0x48, 0x3, 0x39,
    0xa3, 0x0, 0x63, 0x81, 0xa0, 0xe, 0xe0, 0xb1,
    0x0, 0xd0, 0x4a, 0xa0, 0xc, 0x4e, 0xf, 0x99,
    0x99, 0x80, 0x2, 0x33, 0xdc,

    /* U+017C "ż" */
    0x0, 0x37, 0xa8, 0x6, 0xe0, 0x20, 0xd, 0x16,
    0xe0, 0x3, 0xff, 0x5f, 0xfb, 0x5, 0x9a, 0x20,
    0x62, 0x99, 0x51, 0x12, 0x80, 0x3, 0xa1, 0xe0,
    0x15, 0xd, 0x10, 0x2, 0x11, 0x94, 0x0, 0x6e,
    0x0, 0x99, 0x3a, 0x80, 0x19, 0xab,

    /* U+017D "Ž" */
    0x0, 0x32, 0x82, 0xb0, 0x6, 0x3a, 0x6a, 0x20,
    0xc, 0xad, 0x2c, 0x80, 0x1d, 0x3f, 0x20, 0x12,
    0x7f, 0xfd, 0xc, 0x89, 0xc0, 0xe, 0x2b, 0xbd,
    0xa0, 0x6c, 0x1, 0x8a, 0x43, 0x80, 0x3b, 0x82,
    0x48, 0x3, 0x39, 0xa3, 0x0, 0x63, 0x81, 0xa0,
    0xe, 0xe0, 0xb1, 0x0, 0xd0, 0x4a, 0xa0, 0xc,
    0x4e, 0xf, 0x99, 0x99, 0x80, 0x2, 0x33, 0xdc,

    /* U+017E "ž" */
    0xa, 0xc1, 0xd9, 0x0, 0x50, 0xf8, 0xc8, 0x5,
    0x9b, 0xa0, 0x1, 0xff, 0x67, 0x7e, 0xb, 0x34,
    0x40, 0xc5, 0x32, 0xa2, 0x25, 0x0, 0x7, 0x43,
    0xc0, 0x2a, 0x1a, 0x20, 0x4, 0x23, 0x28, 0x0,
    0xdc, 0x1, 0x32, 0x75, 0x0, 0x33, 0x56,

    /* U+01A0 "Ơ" */
    0x0, 0xfc, 0x7e, 0xe0, 0x1f, 0x98, 0x4, 0x2,
    0x7d, 0xff, 0xa8, 0x10, 0x1, 0x90, 0x42, 0x20,
    0x4, 0x10, 0x49, 0x9b, 0x7b, 0x92, 0x10, 0x40,
    0xc1, 0xc4, 0x0, 0x67, 0xb, 0x40, 0x42, 0x0,
    0xd4, 0x8, 0x20, 0x40, 0x1c, 0x40, 0x42, 0x4,
    0x1, 0xc4, 0x4, 0x80, 0x82, 0x1, 0xa8, 0x10,
    0x18, 0x34, 0x80, 0xa, 0xe1, 0x61, 0x26, 0x6d,
    0xd7, 0x50, 0x49, 0x0, 0x32, 0x8, 0x80, 0x96,
    0xc0,

    /* U+01A1 "ơ" */
    0x0, 0xfa, 0xc, 0x3, 0xc4, 0xe8, 0x0, 0x6d,
    0xff, 0x68, 0xa8, 0x34, 0x9a, 0x88, 0x39, 0x4,
    0x6, 0x57, 0x8b, 0x9, 0x8a, 0x10, 0xb, 0x82,
    0x0, 0x7f, 0x18, 0x21, 0x0, 0xb8, 0x20, 0x40,
    0x65, 0x78, 0xb8, 0x83, 0xc9, 0xa9, 0xc4, 0x0,

    /* U+01AF "Ư" */
    0x0, 0xfc, 0xd6, 0x1, 0xfb, 0x53, 0xbc, 0x3,
    0x47, 0xa3, 0x80, 0x7e, 0xa8, 0x0, 0xff, 0xf3,
    0x18, 0x8, 0x4, 0x40, 0x20, 0x81, 0x60, 0x4,
    0x50, 0x50, 0xb1, 0x5f, 0xf5, 0x83, 0x88, 0x16,
    0x28, 0x81, 0x4c, 0x0, 0x0,

    /* U+01B0 "ư" */
    0x0, 0xf9, 0xe0, 0x3, 0xeb, 0x42, 0xfb, 0x0,
    0x4f, 0x9d, 0x0, 0x7d, 0x6c, 0x1, 0xff, 0xcf,
    0x30, 0x60, 0x2, 0x0, 0x42, 0x22, 0xcc, 0x10,
    0x6, 0xa2, 0x22, 0xb0, 0x4,

    /* U+1EA0 "Ạ" */
    0x0, 0x87, 0xfd, 0x60, 0x1f, 0x38, 0x1, 0x0,
    0x3e, 0xa0, 0x40, 0x50, 0xe, 0x13, 0x2f, 0xf,
    0x0, 0xe7, 0x5, 0x41, 0x50, 0xe, 0xd0, 0xb0,
    0x40, 0x50, 0x8, 0x50, 0x4c, 0x3c, 0x3c, 0x2,
    0x70, 0x1f, 0xf5, 0x2, 0x80, 0x5a, 0x6, 0x78,
    0x41, 0x0, 0x8, 0x19, 0x9a, 0xc3, 0x81, 0x41,
    0x40, 0x32, 0x82, 0x2, 0xfd, 0x0, 0x77, 0xf0,
    0x7, 0x3f, 0x10, 0x7, 0xed, 0x11, 0x0, 0x7e,
    0xad, 0x30, 0xc,

    /* U+1EA1 "ạ" */
    0x0, 0x3f, 0x72, 0x27, 0xd0, 0x1e, 0x1, 0x19,
    0x80, 0x14, 0x86, 0x57, 0x88, 0x0, 0x84, 0xc8,
    0x5, 0x0, 0x33, 0x80, 0x46, 0x0, 0x21, 0x41,
    0x0, 0x38, 0x5, 0x21, 0x91, 0x82, 0x1, 0x3b,
    0x8d, 0x95, 0x80, 0x34, 0x77, 0x26, 0x5e, 0x80,
    0x11, 0xf3, 0x0, 0x79, 0xc7, 0x80, 0x3c, 0x9b,
    0x0, 0x10,

    /* U+1EA2 "Ả" */
    0x0, 0xd5, 0xd0, 0x1, 0xf1, 0x1d, 0xb8, 0x7,
    0xc5, 0x76, 0xa0, 0xf, 0xc5, 0x8a, 0x1, 0xf0,
    0xfe, 0xd8, 0x7, 0xce, 0x0, 0x40, 0xf, 0xa8,
    0x10, 0x14, 0x3, 0x84, 0xcb, 0xc3, 0xc0, 0x39,
    0xc1, 0x50, 0x54, 0x3, 0xb4, 0x2c, 0x10, 0x14,
    0x2, 0x14, 0x13, 0xf, 0xf, 0x0, 0x9c, 0x7,
    0xfd, 0x40, 0xa0, 0x16, 0x81, 0x9e, 0x10, 0x40,
    0x2, 0x6, 0x66, 0xb0, 0xe0, 0x50, 0x50, 0xc,
    0xa0, 0x80,

    /* U+1EA3 "ả" */
    0x0, 0x9f, 0x6c, 0x40, 0x3b, 0x65, 0x50, 0x3,
    0xab, 0xd1, 0x40, 0x3d, 0x14, 0x1, 0xcf, 0xdb,
    0x13, 0xe8, 0xf, 0x0, 0x8c, 0xc0, 0xa, 0x43,
    0x2b, 0xc4, 0x0, 0x42, 0x64, 0x2, 0x80, 0x19,
    0xc0, 0x23, 0x0, 0x10, 0xa0, 0x80, 0x1c, 0x2,
    0x90, 0xc8, 0xc1, 0x0, 0x9d, 0xc6, 0xca, 0xc0,
    0x0,

    /* U+1EA4 "Ấ" */
    0x0, 0xfd, 0x50, 0x1, 0xf9, 0x55, 0x80, 0x1c,
    0x6a, 0x32, 0x88, 0x0, 0xc5, 0x97, 0x59, 0x60,
    0x1d, 0xcb, 0xea, 0xe0, 0x1e, 0xca, 0x1e, 0x70,
    0xf, 0xf, 0xfa, 0xc0, 0x3e, 0x70, 0x2, 0x0,
    0x7d, 0x40, 0x80, 0xa0, 0x1c, 0x26, 0x5e, 0x1e,
    0x1, 0xce, 0xa, 0x82, 0xa0, 0x1d, 0xa1, 0x60,
    0x80, 0xa0, 0x10, 0xa0, 0x98, 0x78, 0x78, 0x4,
    0xe0, 0x3f, 0xea, 0x5, 0x0, 0xb4, 0xc, 0xf0,
    0x82, 0x0, 0x10, 0x33, 0x35, 0x87, 0x2, 0x82,
    0x80, 0x65, 0x4, 0x0,

    /* U+1EA5 "ấ" */
    0x0, 0xf9, 0xe8, 0x40, 0x3c, 0x30, 0x62, 0x1,
    0xe6, 0x8, 0x0, 0xd1, 0xd8, 0xfe, 0x20, 0x13,
    0x33, 0xc2, 0x80, 0x39, 0xb8, 0x72, 0xc0, 0x39,
    0xfb, 0x91, 0xf, 0x40, 0x3, 0xc0, 0x23, 0x30,
    0x3, 0x48, 0x65, 0x78, 0x80, 0x44, 0x26, 0x40,
    0x28, 0x1, 0xce, 0x1, 0x18, 0x4, 0x42, 0x82,
    0x0, 0x70, 0xd, 0x21, 0x91, 0x82, 0x1, 0x9d,
    0xc6, 0xca, 0xc0, 0x10,

    /* U+1EA6 "Ầ" */
    0x0, 0xf5, 0x40, 0x7, 0xf6, 0xb9, 0x0, 0x78,
    0xd5, 0x86, 0xc0, 0x38, 0xb2, 0xeb, 0xa4, 0x3,
    0xb9, 0x7d, 0x5c, 0x3, 0xd9, 0x43, 0xce, 0x1,
    0xe1, 0xff, 0x58, 0x7, 0xce, 0x0, 0x40, 0xf,
    0xa8, 0x10, 0x14, 0x3, 0x84, 0xcb, 0xc3, 0xc0,
    0x39, 0xc1, 0x50, 0x54, 0x3, 0xb4, 0x2c, 0x10,
    0x14, 0x2, 0x14, 0x13, 0xf, 0xf, 0x0, 0x9c,
    0x7, 0xfd, 0x40, 0xa0, 0x16, 0x81, 0x9e, 0x10,
    0x40, 0x2, 0x6, 0x66, 0xb0, 0xe0, 0x50, 0x50,
    0xc, 0xa0, 0x80,

    /* U+1EA7 "ầ" */
    0x0, 0xe7, 0xa0, 0xf, 0x95, 0x4e, 0x1, 0xe2,
    0x6a, 0x0, 0xd1, 0xd9, 0x3a, 0x1, 0x33, 0x3c,
    0x28, 0x3, 0x37, 0xe, 0x58, 0x6, 0x7e, 0xe4,
    0x43, 0xd0, 0x1e, 0x1, 0x19, 0x80, 0x14, 0x86,
    0x57, 0x88, 0x0, 0x84, 0xc8, 0x5, 0x0, 0x33,
    0x80, 0x46, 0x0, 0x21, 0x41, 0x0, 0x38, 0x5,
    0x21, 0x91, 0x82, 0x1, 0x3b, 0x8d, 0x95, 0x80,
    0x0,

    /* U+1EA8 "Ẩ" */
    0x0, 0xf2, 0x6e, 0x10, 0x7, 0xd9, 0xf, 0x40,
    0x1e, 0x18, 0x26, 0xa0, 0xc, 0x3d, 0xc8, 0x3f,
    0x20, 0xd, 0xa9, 0xae, 0x44, 0x0, 0xec, 0xa2,
    0xf6, 0x0, 0xf0, 0xff, 0xac, 0x3, 0xe7, 0x0,
    0x20, 0x7, 0xd4, 0x8, 0xa, 0x1, 0xc2, 0x65,
    0xe1, 0xe0, 0x1c, 0xe0, 0xa8, 0x2a, 0x1, 0xda,
    0x16, 0x8, 0xa, 0x1, 0xa, 0x9, 0x87, 0x87,
    0x80, 0x4e, 0x3, 0xfe, 0xa0, 0x50, 0xb, 0x40,
    0xcf, 0x8, 0x20, 0x1, 0x3, 0x33, 0x58, 0x70,
    0x28, 0x28, 0x6, 0x50, 0x40,

    /* U+1EA9 "ẩ" */
    0x0, 0xe1, 0xbd, 0x50, 0xe, 0x53, 0xa8, 0x0,
    0xe4, 0xaa, 0x80, 0x29, 0xfb, 0x18, 0x70, 0x3,
    0x33, 0x1a, 0x94, 0x2, 0x4e, 0x3c, 0xb0, 0xc,
    0xbf, 0xd3, 0x7e, 0x80, 0xf0, 0x8, 0xcc, 0x0,
    0xa4, 0x32, 0xbc, 0x40, 0x4, 0x26, 0x40, 0x28,
    0x1, 0x9c, 0x2, 0x30, 0x1, 0xa, 0x8, 0x1,
    0xc0, 0x29, 0xc, 0x8c, 0x10, 0x9, 0xdc, 0x6c,
    0xac, 0x0,

    /* U+1EAA "Ẫ" */
    0x0, 0xff, 0xe1, 0x47, 0xbc, 0x48, 0x7, 0x9e,
    0x64, 0xfa, 0x1, 0xec, 0x4a, 0xd4, 0x0, 0xf1,
    0x65, 0x40, 0x7, 0xda, 0x98, 0x8c, 0x1, 0xec,
    0xa2, 0xe6, 0x0, 0xf0, 0xff, 0xac, 0x3, 0xe7,
    0x0, 0x20, 0x7, 0xd4, 0x8, 0xa, 0x1, 0xc2,
    0x65, 0xe1, 0xe0, 0x1c, 0xe0, 0xa8, 0x2a, 0x1,
    0xda, 0x16, 0x8, 0xa, 0x1, 0xa, 0x9, 0x87,
    0x87, 0x80, 0x4e, 0x3, 0xfe, 0xa0, 0x50, 0xb,
    0x40, 0xcf, 0x8, 0x20, 0x1, 0x3, 0x33, 0x58,
    0x70, 0x28, 0x28, 0x6, 0x50, 0x40,

    /* U+1EAB "ẫ" */
    0x0, 0xff, 0x93, 0xe9, 0x38, 0x3, 0x73, 0xd,
    0xb8, 0x6, 0x88, 0x5e, 0xc8, 0x6, 0x29, 0xf9,
    0x0, 0xe5, 0x7c, 0x69, 0x0, 0xcf, 0xc7, 0x96,
    0x1, 0x97, 0xfa, 0x6f, 0xd0, 0x1e, 0x1, 0x19,
    0x80, 0x14, 0x86, 0x57, 0x88, 0x0, 0x84, 0xc8,
    0x5, 0x0, 0x33, 0x80, 0x46, 0x0, 0x21, 0x41,
    0x0, 0x38, 0x5, 0x21, 0x91, 0x82, 0x1, 0x3b,
    0x8d, 0x95, 0x80, 0x0,

    /* U+1EAC "Ậ" */
    0x0, 0xdb, 0xf0, 0x1, 0xf5, 0xb6, 0x3b, 0x0,
    0x7a, 0xec, 0x7e, 0xc0, 0x1e, 0x1f, 0xf5, 0x80,
    0x7c, 0xe0, 0x4, 0x0, 0xfa, 0x81, 0x1, 0x40,
    0x38, 0x4c, 0xbc, 0x3c, 0x3, 0x9c, 0x15, 0x5,
    0x40, 0x3b, 0x42, 0xc1, 0x1, 0x40, 0x21, 0x41,
    0x30, 0xf0, 0xf0, 0x9, 0xc0, 0x7f, 0xd4, 0xa,
    0x1, 0x68, 0x19, 0xe1, 0x4, 0x0, 0x20, 0x66,
    0x6b, 0xe, 0x5, 0x5, 0x0, 0xca, 0x8, 0xb,
    0xf4, 0x1, 0xdf, 0xc0, 0x1c, 0xfc, 0x40, 0x1f,
    0xb4, 0x44, 0x1, 0xfa, 0xb4, 0xc0, 0x30,

    /* U+1EAD "ậ" */
    0x0, 0xa3, 0xf0, 0x3, 0x95, 0xec, 0x60, 0x3,
    0x36, 0xa6, 0x58, 0x6, 0x4c, 0xe9, 0xaf, 0x40,
    0x78, 0x4, 0x66, 0x0, 0x52, 0x19, 0x5e, 0x20,
    0x2, 0x13, 0x20, 0x14, 0x0, 0xce, 0x1, 0x18,
    0x0, 0x85, 0x4, 0x0, 0xe0, 0x14, 0x86, 0x46,
    0x8, 0x4, 0xee, 0x36, 0x56, 0x0, 0xd1, 0xdc,
    0x99, 0x7a, 0x0, 0x47, 0xcc, 0x1, 0xe7, 0x1e,
    0x0, 0xf2, 0x6c, 0x0, 0x40,

    /* U+1EAE "Ắ" */
    0x0, 0xe4, 0xa3, 0x0, 0xfd, 0xe, 0x60, 0x1f,
    0x11, 0xc8, 0x7, 0xcc, 0x7e, 0xe8, 0x1, 0xe8,
    0x61, 0xec, 0x0, 0xf5, 0xc7, 0x4, 0x80, 0x79,
    0x7f, 0x74, 0x20, 0x1e, 0x1f, 0xdb, 0x0, 0xf9,
    0xc0, 0x8, 0x1, 0xf5, 0x2, 0x2, 0x80, 0x70,
    0x99, 0x78, 0x78, 0x7, 0x38, 0x2a, 0xa, 0x80,
    0x76, 0x85, 0x82, 0x2, 0x80, 0x42, 0x82, 0x61,
    0xe1, 0xe0, 0x13, 0x80, 0xff, 0xa8, 0x14, 0x2,
    0xd0, 0x33, 0xc2, 0x8, 0x0, 0x40, 0xcc, 0xd6,
    0x1c, 0xa, 0xa, 0x1, 0x94, 0x10, 0x0,

    /* U+1EAF "ắ" */
    0x0, 0xc5, 0xf0, 0x1, 0xeb, 0x19, 0x0, 0xfa,
    0xc4, 0x3, 0x5d, 0x49, 0x78, 0x6, 0x84, 0xf8,
    0x90, 0xc, 0x7d, 0xbe, 0xc0, 0x19, 0xfb, 0x22,
    0x7d, 0x1, 0xe0, 0x11, 0x98, 0x1, 0x48, 0x65,
    0x78, 0x80, 0x8, 0x4c, 0x80, 0x50, 0x3, 0x38,
    0x4, 0x60, 0x2, 0x14, 0x10, 0x3, 0x80, 0x52,
    0x19, 0x18, 0x20, 0x13, 0xb8, 0xd9, 0x58, 0x0,

    /* U+1EB0 "Ằ" */
    0x0, 0x9e, 0x80, 0x3f, 0x91, 0x58, 0x3, 0xf1,
    0xad, 0x80, 0x7e, 0x6b, 0xd3, 0x40, 0xf, 0x43,
    0xf, 0x60, 0x7, 0xae, 0x38, 0x24, 0x3, 0xcb,
    0xdb, 0xa1, 0x0, 0xf0, 0xf6, 0xd8, 0x7, 0xce,
    0x0, 0x40, 0xf, 0xa8, 0x10, 0x14, 0x3, 0x84,
    0xcb, 0xc3, 0xc0, 0x39, 0xc1, 0x50, 0x54, 0x3,
    0xb4, 0x2c, 0x10, 0x14, 0x2, 0x14, 0x13, 0xf,
    0xf, 0x0, 0x9c, 0x7, 0xfd, 0x40, 0xa0, 0x16,
    0x81, 0x9e, 0x10, 0x40, 0x2, 0x6, 0x66, 0xb0,
    0xe0, 0x50, 0x50, 0xc, 0xa0, 0x80,

    /* U+1EB1 "ằ" */
    0x0, 0x27, 0xb0, 0x7, 0x91, 0x16, 0x1, 0xf4,
    0xb9, 0x0, 0x75, 0xc5, 0x2f, 0x0, 0x68, 0x4f,
    0x8b, 0x0, 0xc7, 0xdb, 0xea, 0x1, 0x9f, 0xb2,
    0x27, 0xd0, 0x1e, 0x1, 0x19, 0x80, 0x14, 0x86,
    0x57, 0x88, 0x0, 0x84, 0xc8, 0x5, 0x0, 0x33,
    0x80, 0x46, 0x0, 0x21, 0x41, 0x0, 0x38, 0x5,
    0x21, 0x91, 0x82, 0x1, 0x3b, 0x8d, 0x95, 0x80,
    0x0,

    /* U+1EB2 "Ẳ" */
    0x0, 0xd5, 0xae, 0x1, 0xf1, 0x84, 0x40, 0x3,
    0xe3, 0xb9, 0x50, 0xf, 0x84, 0xd2, 0x84, 0x3,
    0xdc, 0x91, 0x90, 0x1, 0xe8, 0x9f, 0x1b, 0x0,
    0xf3, 0xf6, 0xe8, 0x80, 0x3c, 0x3d, 0xb6, 0x1,
    0xf3, 0x80, 0x10, 0x3, 0xea, 0x4, 0x5, 0x0,
    0xe1, 0x32, 0xf0, 0xf0, 0xe, 0x70, 0x54, 0x15,
    0x0, 0xed, 0xb, 0x4, 0x5, 0x0, 0x85, 0x4,
    0xc3, 0xc3, 0xc0, 0x27, 0x1, 0xff, 0x50, 0x28,
    0x5, 0xa0, 0x67, 0x84, 0x10, 0x0, 0x81, 0x99,
    0xac, 0x38, 0x14, 0x14, 0x3, 0x28, 0x20, 0x0,

    /* U+1EB3 "ẳ" */
    0x0, 0x9b, 0x68, 0x3, 0xd9, 0x28, 0xa0, 0x1d,
    0x58, 0x8, 0x1, 0xe2, 0xc1, 0x0, 0xd7, 0x54,
    0x5e, 0x0, 0xd0, 0x9f, 0x16, 0x1, 0x8f, 0xb7,
    0xd4, 0x3, 0x3f, 0x64, 0x4f, 0xa0, 0x3c, 0x2,
    0x33, 0x0, 0x29, 0xc, 0xaf, 0x10, 0x1, 0x9,
    0x90, 0xa, 0x0, 0x67, 0x0, 0x8c, 0x0, 0x42,
    0x82, 0x0, 0x70, 0xa, 0x43, 0x23, 0x4, 0x2,
    0x77, 0x1b, 0x2b, 0x0, 0x0,

    /* U+1EB4 "Ẵ" */
    0x0, 0xff, 0xe1, 0x47, 0xbc, 0x48, 0x7, 0x9a,
    0x69, 0xf0, 0x3, 0xd4, 0xdb, 0x88, 0x1, 0xeb,
    0x60, 0xf8, 0x0, 0xf4, 0xcb, 0xc6, 0xc0, 0x3c,
    0xdd, 0xba, 0x20, 0xf, 0xf, 0x6d, 0x80, 0x7c,
    0xe0, 0x4, 0x0, 0xfa, 0x81, 0x1, 0x40, 0x38,
    0x4c, 0xbc, 0x3c, 0x3, 0x9c, 0x15, 0x5, 0x40,
    0x3b, 0x42, 0xc1, 0x1, 0x40, 0x21, 0x41, 0x30,
    0xf0, 0xf0, 0x9, 0xc0, 0x7f, 0xd4, 0xa, 0x1,
    0x68, 0x19, 0xe1, 0x4, 0x0, 0x20, 0x66, 0x6b,
    0xe, 0x5, 0x5, 0x0, 0xca, 0x8, 0x0,

    /* U+1EB5 "ẵ" */
    0x0, 0xff, 0x93, 0xed, 0x38, 0x3, 0x6b, 0xd,
    0xa0, 0x6, 0xb8, 0xad, 0xa0, 0xd, 0x36, 0xb,
    0xe0, 0x1a, 0x13, 0xe2, 0x40, 0x31, 0xf6, 0xfb,
    0x0, 0x67, 0xec, 0x89, 0xf4, 0x7, 0x80, 0x46,
    0x60, 0x5, 0x21, 0x95, 0xe2, 0x0, 0x21, 0x32,
    0x1, 0x40, 0xc, 0xe0, 0x11, 0x80, 0x8, 0x50,
    0x40, 0xe, 0x1, 0x48, 0x64, 0x60, 0x80, 0x4e,
    0xe3, 0x65, 0x60, 0x0,

    /* U+1EB6 "Ặ" */
    0x0, 0xbd, 0x82, 0xe8, 0x3, 0xd1, 0x3e, 0xb0,
    0x1, 0xe7, 0xed, 0xe2, 0x0, 0xf0, 0xf6, 0xd8,
    0x7, 0xce, 0x0, 0x40, 0xf, 0xa8, 0x10, 0x14,
    0x3, 0x84, 0xcb, 0xc3, 0xc0, 0x39, 0xc1, 0x50,
    0x54, 0x3, 0xb4, 0x2c, 0x10, 0x14, 0x2, 0x14,
    0x13, 0xf, 0xf, 0x0, 0x9c, 0x7, 0xfd, 0x40,
    0xa0, 0x16, 0x81, 0x9e, 0x10, 0x40, 0x2, 0x6,
    0x66, 0xb0, 0xe0, 0x50, 0x50, 0xc, 0xa0, 0x80,
    0xbf, 0x40, 0x1d, 0xfc, 0x1, 0xcf, 0xc4, 0x1,
    0xfb, 0x44, 0x40, 0x1f, 0xab, 0x4c, 0x3, 0x0,

    /* U+1EB7 "ặ" */
    0x0, 0x5d, 0x3, 0xf8, 0x6, 0x84, 0xf8, 0x90,
    0xc, 0x7d, 0xbc, 0xc0, 0x19, 0xfb, 0x26, 0x5e,
    0x80, 0xf0, 0x8, 0xcc, 0x0, 0xa4, 0x32, 0xbc,
    0x40, 0x4, 0x26, 0x40, 0x28, 0x1, 0x9c, 0x2,
    0x30, 0x1, 0xa, 0x8, 0x1, 0xc0, 0x29, 0xc,
    0x8c, 0x10, 0x9, 0xdc, 0x6c, 0xac, 0x1, 0xa3,
    0xb9, 0x32, 0xf4, 0x0, 0x8f, 0x98, 0x3, 0xce,
    0x3c, 0x1, 0xe4, 0xd8, 0x0, 0x80,

    /* U+1EB8 "Ẹ" */
    0xef, 0xff, 0x0, 0x48, 0x9c, 0x1, 0x5d, 0xf0,
    0x7, 0xfd, 0x77, 0x90, 0x2, 0x44, 0xc4, 0x1,
    0x7f, 0xe6, 0x0, 0xff, 0xe3, 0xe6, 0x70, 0x80,
    0xc, 0xf8, 0x3b, 0xff, 0xc2, 0x0, 0x6f, 0x30,
    0xe, 0xe0, 0x60, 0xe, 0x8d, 0x50, 0x8,

    /* U+1EB9 "ẹ" */
    0x0, 0x37, 0x7e, 0xa8, 0x1, 0xa4, 0x98, 0x28,
    0xc2, 0xb, 0x27, 0xc2, 0x48, 0x4b, 0xfd, 0xa0,
    0xc0, 0x3, 0xcc, 0xde, 0x42, 0x64, 0x65, 0x8,
    0x10, 0x19, 0x3e, 0x88, 0x6, 0x90, 0x63, 0xb3,
    0x0, 0x36, 0xfe, 0xa0, 0x6, 0x6f, 0x30, 0xe,
    0xe0, 0x60, 0xe, 0x8d, 0x50, 0x0,

    /* U+1EBA "Ẻ" */
    0x0, 0x36, 0xd8, 0x80, 0x6c, 0x95, 0x70, 0xd,
    0x5e, 0x8c, 0x1, 0xd3, 0x40, 0x17, 0x7f, 0xb7,
    0xfe, 0x0, 0x91, 0x38, 0x2, 0xbb, 0xe0, 0xf,
    0xfa, 0xef, 0x20, 0x4, 0x89, 0x88, 0x2, 0xff,
    0xcc, 0x1, 0xff, 0xc7, 0xcc, 0xe1, 0x0, 0x19,
    0xf0, 0x0,

    /* U+1EBB "ẻ" */
    0x0, 0xa7, 0xa4, 0x3, 0x9, 0xd3, 0x10, 0x4,
    0x35, 0x2e, 0x40, 0x1d, 0x30, 0x1, 0x9b, 0xaf,
    0x54, 0x0, 0xd2, 0x4c, 0x14, 0x61, 0x5, 0x93,
    0xe1, 0x24, 0x25, 0xfe, 0xd0, 0x60, 0x1, 0xe6,
    0x6f, 0x21, 0x32, 0x32, 0x84, 0x8, 0xc, 0x9f,
    0x44, 0x3, 0x48, 0x31, 0xd9, 0x80,

    /* U+1EBC "Ẽ" */
    0x0, 0xfe, 0x3f, 0xb3, 0xf0, 0xa, 0x98, 0x71,
    0x40, 0x2b, 0x8a, 0xda, 0x0, 0x76, 0xf7, 0xef,
    0xf8, 0x2, 0x44, 0xe0, 0xa, 0xef, 0x80, 0x3f,
    0xeb, 0xbc, 0x80, 0x12, 0x26, 0x20, 0xb, 0xff,
    0x30, 0x7, 0xff, 0x1f, 0x33, 0x84, 0x0, 0x67,
    0xc0,

    /* U+1EBD "ẽ" */
    0x0, 0x37, 0xc3, 0x58, 0x5, 0x70, 0xb3, 0xa0,
    0x17, 0x3e, 0xe9, 0x80, 0x25, 0xef, 0xf2, 0x80,
    0x1a, 0x49, 0x82, 0x8c, 0x20, 0xb2, 0x7c, 0x24,
    0x84, 0xbf, 0xda, 0xc, 0x0, 0x3c, 0xcd, 0xe4,
    0x26, 0x46, 0x50, 0x81, 0x1, 0x93, 0xe8, 0x80,
    0x69, 0x6, 0x3b, 0x30,

    /* U+1EBE "Ế" */
    0x0, 0xf3, 0x50, 0x80, 0x7a, 0x40, 0x40, 0x2,
    0xa4, 0xc1, 0x60, 0x15, 0x5e, 0x27, 0x88, 0x1,
    0xdb, 0xd3, 0x80, 0x33, 0xe8, 0xd6, 0x0, 0x5d,
    0xff, 0xe0, 0xc, 0x89, 0xc0, 0x1a, 0xef, 0x80,
    0x3f, 0xf8, 0x37, 0x79, 0x0, 0x32, 0x26, 0x20,
    0xd, 0xff, 0x98, 0x3, 0xff, 0x95, 0x99, 0xc2,
    0x1, 0x19, 0xf0, 0x0,

    /* U+1EBF "ế" */
    0x0, 0xfa, 0x64, 0x1, 0xf1, 0xb7, 0x80, 0x7d,
    0x24, 0xc0, 0x1a, 0xfa, 0x6b, 0x40, 0x34, 0xbf,
    0xbb, 0x80, 0x3a, 0x30, 0x79, 0xc0, 0x39, 0xfb,
    0xf5, 0x40, 0x33, 0x49, 0x30, 0x51, 0x80, 0x50,
    0x59, 0x3e, 0x12, 0x0, 0x21, 0x2f, 0xf6, 0x83,
    0x0, 0x63, 0xcc, 0xde, 0x0, 0x21, 0x32, 0x32,
    0x84, 0x0, 0xa0, 0x32, 0x7d, 0x10, 0x1, 0x34,
    0x83, 0x1d, 0x98, 0x0,

    /* U+1EC0 "Ề" */
    0x0, 0xcd, 0x42, 0x1, 0xc8, 0xac, 0x1, 0xa,
    0x83, 0x48, 0x5, 0x57, 0x97, 0xc0, 0x7, 0x6f,
    0x4e, 0x0, 0x9f, 0x46, 0xb0, 0x1, 0xdf, 0xfe,
    0x0, 0x91, 0x38, 0x2, 0xbb, 0xe0, 0xf, 0xfa,
    0xef, 0x20, 0x4, 0x89, 0x88, 0x2, 0xff, 0xcc,
    0x1, 0xff, 0xc7, 0xcc, 0xe1, 0x0, 0x19, 0xf0,
    0x0,

    /* U+1EC1 "ề" */
    0x0, 0xe9, 0x90, 0x7, 0xbd, 0x8c, 0x3, 0x98,
    0xa4, 0x2, 0xbe, 0x9d, 0xa0, 0x4, 0xbf, 0xbb,
    0x80, 0x28, 0xc1, 0xe7, 0x0, 0x9f, 0xbf, 0x54,
    0x0, 0xd2, 0x4c, 0x14, 0x61, 0x5, 0x93, 0xe1,
    0x24, 0x25, 0xfe, 0xd0, 0x60, 0x1, 0xe6, 0x6f,
    0x21, 0x32, 0x32, 0x84, 0x8, 0xc, 0x9f, 0x44,
    0x3, 0x48, 0x31, 0xd9, 0x80,

    /* U+1EC2 "Ể" */
    0x0, 0xc3, 0x7a, 0xc0, 0x19, 0x4a, 0xa0, 0x2,
    0x14, 0xb9, 0x80, 0x5, 0x76, 0x8d, 0x30, 0x3a,
    0x68, 0xc2, 0x0, 0x1f, 0x8b, 0x2c, 0x1, 0xdf,
    0xfe, 0x0, 0x91, 0x38, 0x2, 0xbb, 0xe0, 0xf,
    0xfa, 0xef, 0x20, 0x4, 0x89, 0x88, 0x2, 0xff,
    0xcc, 0x1, 0xff, 0xc7, 0xcc, 0xe1, 0x0, 0x19,
    0xf0, 0x0,

    /* U+1EC3 "ể" */
    0x0, 0xe3, 0xdd, 0x18, 0x7, 0x25, 0x3c, 0x80,
    0x73, 0x92, 0x70, 0x5, 0x9f, 0x1, 0x48, 0x0,
    0x91, 0xc7, 0x34, 0x0, 0xaf, 0xf, 0x90, 0x3,
    0x27, 0xfb, 0x1c, 0x2, 0x69, 0x26, 0xa, 0x30,
    0x4, 0x16, 0x4f, 0x84, 0x81, 0x9, 0x7f, 0xb4,
    0x18, 0x2, 0x3c, 0xcd, 0xe0, 0x42, 0x64, 0x65,
    0x8, 0x0, 0x80, 0xc9, 0xf4, 0x40, 0x1, 0xa4,
    0x18, 0xec, 0xc0,

    /* U+1EC4 "Ễ" */
    0x0, 0xfe, 0x3f, 0xb4, 0xe0, 0xa, 0x98, 0x6d,
    0x0, 0x2b, 0xb4, 0xdd, 0x0, 0x45, 0x3b, 0x42,
    0x1, 0x3a, 0xfa, 0xd0, 0x4, 0xfc, 0x37, 0x60,
    0x7, 0x7f, 0xf8, 0x2, 0x44, 0xe0, 0xa, 0xef,
    0x80, 0x3f, 0xeb, 0xbc, 0x80, 0x12, 0x26, 0x20,
    0xb, 0xff, 0x30, 0x7, 0xff, 0x1f, 0x33, 0x84,
    0x0, 0x67, 0xc0,

    /* U+1EC5 "ễ" */
    0x0, 0xff, 0x3f, 0xc3, 0x58, 0x5, 0x52, 0xb3,
    0xa0, 0x17, 0x36, 0xe9, 0x80, 0x23, 0xbf, 0xb0,
    0xd, 0x2d, 0x8c, 0xc0, 0xa, 0xf0, 0xf9, 0x0,
    0x24, 0xff, 0x63, 0x80, 0x1a, 0x49, 0x82, 0x8c,
    0x20, 0xb2, 0x7c, 0x24, 0x84, 0xbf, 0xda, 0xc,
    0x0, 0x3c, 0xcd, 0xe4, 0x26, 0x46, 0x50, 0x81,
    0x1, 0x93, 0xe8, 0x80, 0x69, 0x6, 0x3b, 0x30,

    /* U+1EC6 "Ệ" */
    0x0, 0x47, 0xe0, 0x6, 0x66, 0x6b, 0xd8, 0x4,
    0xdc, 0x57, 0x60, 0x7, 0x7f, 0xf8, 0x2, 0x44,
    0xe0, 0xa, 0xef, 0x80, 0x3f, 0xeb, 0xbc, 0x80,
    0x12, 0x26, 0x20, 0xb, 0xff, 0x30, 0x7, 0xff,
    0x1f, 0x33, 0x84, 0x0, 0x67, 0xc1, 0xdf, 0xfe,
    0x10, 0x3, 0x79, 0x80, 0x77, 0x3, 0x0, 0x74,
    0x6a, 0x80, 0x40,

    /* U+1EC7 "ệ" */
    0x0, 0xaf, 0xe0, 0x3, 0x42, 0xdb, 0xa8, 0x5,
    0x78, 0x9a, 0xc0, 0x12, 0xe7, 0xf9, 0x80, 0xd,
    0x24, 0xc1, 0x46, 0x10, 0x59, 0x3e, 0x12, 0x42,
    0x5f, 0xed, 0x6, 0x0, 0x1e, 0x66, 0xf2, 0x13,
    0x23, 0x28, 0x40, 0x80, 0xc9, 0xf4, 0x40, 0x34,
    0x83, 0x1d, 0x98, 0x1, 0xb7, 0xf5, 0x0, 0x33,
    0x79, 0x80, 0x77, 0x3, 0x0, 0x74, 0x6a, 0x80,
    0x0,

    /* U+1EC8 "Ỉ" */
    0x2c, 0xd5, 0x7b, 0x49, 0x52, 0x4f, 0x4, 0xc3,
    0xf, 0xe0, 0xf, 0xfe, 0xe8,

    /* U+1EC9 "ỉ" */
    0x2c, 0xd5, 0x74, 0x59, 0x5d, 0x5f, 0x4, 0xc3,
    0xc, 0xe0, 0xf, 0xfe, 0x88,

    /* U+1ECA "Ị" */
    0xef, 0x0, 0xff, 0xe9, 0xf7, 0x85, 0xe0, 0x29,
    0x7, 0xf8, 0x0,

    /* U+1ECB "ị" */
    0xc, 0xd0, 0x1, 0x90, 0x86, 0xe8, 0x43, 0xf4,
    0x3, 0xff, 0xa5, 0xbe, 0x0, 0xbd, 0x0, 0x31,
    0x80, 0x33, 0xc0,

    /* U+1ECC "Ọ" */
    0x0, 0x9f, 0x7f, 0xac, 0xc0, 0x36, 0x41, 0x8,
    0x26, 0x30, 0x2, 0x4c, 0xdb, 0xdc, 0x90, 0x92,
    0x6, 0xe, 0x20, 0x3, 0x38, 0x5a, 0x2, 0x10,
    0x6, 0xa0, 0x41, 0x2, 0x0, 0xe2, 0x2, 0x10,
    0x20, 0xe, 0x20, 0x24, 0x4, 0x10, 0xd, 0x40,
    0x80, 0xc1, 0xa4, 0x0, 0x57, 0xb, 0x9, 0x33,
    0x6e, 0xba, 0x82, 0x48, 0x1, 0x90, 0x44, 0x4,
    0xc6, 0x0, 0xcf, 0xbf, 0xd6, 0x60, 0x1e, 0x1e,
    0x90, 0xf, 0xc6, 0x24, 0x1, 0xf8, 0xba, 0xc0,
    0x30,

    /* U+1ECD "ọ" */
    0x0, 0x2e, 0xfe, 0xb8, 0x4, 0xd4, 0x6a, 0x71,
    0x20, 0x8, 0xc, 0xaf, 0x16, 0x12, 0x13, 0x20,
    0x17, 0x4, 0x0, 0x38, 0x7, 0x88, 0x50, 0x80,
    0x5c, 0x1c, 0x20, 0x32, 0xbc, 0x58, 0x81, 0xa4,
    0xd4, 0x22, 0x40, 0x26, 0xdf, 0xe7, 0x0, 0xe3,
    0xf6, 0x0, 0xf3, 0x7, 0x0, 0x79, 0x76, 0x0,
    0x20,

    /* U+1ECE "Ỏ" */
    0x0, 0xc9, 0xb8, 0x20, 0x1f, 0x64, 0x4, 0x80,
    0x7d, 0x2, 0x7a, 0x1, 0xfb, 0xa5, 0x40, 0x3f,
    0x53, 0x0, 0x7c, 0xfb, 0xfd, 0x66, 0x1, 0xb2,
    0x8, 0x41, 0x31, 0x80, 0x12, 0x66, 0xde, 0xe4,
    0x84, 0x90, 0x30, 0x71, 0x0, 0x19, 0xc2, 0xd0,
    0x10, 0x80, 0x35, 0x2, 0x8, 0x10, 0x7, 0x10,
    0x10, 0x81, 0x0, 0x71, 0x1, 0x20, 0x20, 0x80,
    0x6a, 0x4, 0x6, 0xd, 0x20, 0x2, 0xb8, 0x58,
    0x49, 0x9b, 0x75, 0xd4, 0x12, 0x40, 0xc, 0x82,
    0x20, 0x26, 0x30, 0x0,

    /* U+1ECF "ỏ" */
    0x0, 0x9f, 0x6c, 0x3, 0xdb, 0x2a, 0xa0, 0xe,
    0xaf, 0x45, 0x0, 0xf7, 0xd0, 0x7, 0x2e, 0xde,
    0xb8, 0x4, 0xd4, 0x6a, 0x71, 0x20, 0x8, 0xc,
    0xaf, 0x16, 0x12, 0x13, 0x20, 0x17, 0x4, 0x0,
    0x38, 0x7, 0x88, 0x50, 0x80, 0x5c, 0x1c, 0x20,
    0x32, 0xbc, 0x58, 0x81, 0xa4, 0xd4, 0x22, 0x40,

    /* U+1ED0 "Ố" */
    0x0, 0xfd, 0x1e, 0x40, 0x1f, 0x9d, 0x88, 0x3,
    0xd, 0x41, 0xac, 0x0, 0x76, 0xb3, 0xb5, 0x8,
    0x6, 0x50, 0xd9, 0x90, 0x80, 0x72, 0xe0, 0xb6,
    0x8, 0x7, 0x3e, 0xff, 0x59, 0x80, 0x6c, 0x82,
    0x10, 0x4c, 0x60, 0x4, 0x99, 0xb7, 0xb9, 0x21,
    0x24, 0xc, 0x1c, 0x40, 0x6, 0x70, 0xb4, 0x4,
    0x20, 0xd, 0x40, 0x82, 0x4, 0x1, 0xc4, 0x4,
    0x20, 0x40, 0x1c, 0x40, 0x48, 0x8, 0x20, 0x1a,
    0x81, 0x1, 0x83, 0x48, 0x0, 0xae, 0x16, 0x12,
    0x66, 0xdd, 0x75, 0x4, 0x90, 0x3, 0x20, 0x88,
    0x9, 0x8c, 0x0,

    /* U+1ED1 "ố" */
    0x0, 0xf9, 0xe8, 0x3, 0xe1, 0x83, 0x0, 0xf9,
    0x86, 0x0, 0x34, 0xf5, 0xbf, 0x8, 0x4, 0xee,
    0xf7, 0xa0, 0xe, 0x7e, 0x1c, 0xa0, 0xe, 0x5d,
    0xfd, 0x70, 0xc, 0xd4, 0x6a, 0x71, 0x20, 0x14,
    0x6, 0x57, 0x8b, 0x8, 0x10, 0x99, 0x0, 0xb8,
    0x20, 0x4, 0xe0, 0x1f, 0x10, 0xa1, 0x0, 0xb8,
    0x38, 0x2, 0x3, 0x2b, 0xc5, 0x88, 0x0, 0xd2,
    0x6a, 0x11, 0x20, 0x0,

    /* U+1ED2 "Ồ" */
    0x0, 0xf3, 0x7a, 0x80, 0x7e, 0x62, 0xe0, 0xf,
    0xd, 0x47, 0x8, 0x80, 0x3b, 0x59, 0xda, 0x84,
    0x3, 0x28, 0x6c, 0xc8, 0x40, 0x39, 0x70, 0x5b,
    0x4, 0x3, 0x9f, 0x7f, 0xac, 0xc0, 0x36, 0x41,
    0x8, 0x26, 0x30, 0x2, 0x4c, 0xdb, 0xdc, 0x90,
    0x92, 0x6, 0xe, 0x20, 0x3, 0x38, 0x5a, 0x2,
    0x10, 0x6, 0xa0, 0x41, 0x2, 0x0, 0xe2, 0x2,
    0x10, 0x20, 0xe, 0x20, 0x24, 0x4, 0x10, 0xd,
    0x40, 0x80, 0xc1, 0xa4, 0x0, 0x57, 0xb, 0x9,
    0x33, 0x6e, 0xba, 0x82, 0x48, 0x1, 0x90, 0x44,
    0x4, 0xc6, 0x0,

    /* U+1ED3 "ồ" */
    0x0, 0xe7, 0xa0, 0xf, 0x91, 0x58, 0x3, 0xc6,
    0xb6, 0x1, 0xa7, 0xae, 0xb4, 0x2, 0x77, 0x7b,
    0xd0, 0x6, 0x7e, 0x1c, 0xa0, 0xc, 0xbb, 0xfa,
    0xe0, 0x13, 0x51, 0xa9, 0xc4, 0x80, 0x20, 0x32,
    0xbc, 0x58, 0x48, 0x4c, 0x80, 0x5c, 0x10, 0x0,
    0xe0, 0x1e, 0x21, 0x42, 0x1, 0x70, 0x70, 0x80,
    0xca, 0xf1, 0x62, 0x6, 0x93, 0x50, 0x89, 0x0,

    /* U+1ED4 "Ổ" */
    0x0, 0xfa, 0xb5, 0xc0, 0x3e, 0x30, 0x88, 0x0,
    0x7c, 0x75, 0xe6, 0x1, 0xc5, 0x72, 0x6d, 0x80,
    0x1d, 0xc0, 0xcc, 0xc0, 0xe, 0x60, 0xa9, 0x90,
    0x7, 0x9b, 0x5, 0xb0, 0x3, 0xcf, 0xbf, 0xd6,
    0x60, 0x1b, 0x20, 0x84, 0x13, 0x18, 0x1, 0x26,
    0x6d, 0xee, 0x48, 0x49, 0x3, 0x7, 0x10, 0x1,
    0x9c, 0x2d, 0x1, 0x8, 0x3, 0x50, 0x20, 0x81,
    0x0, 0x71, 0x1, 0x8, 0x10, 0x7, 0x10, 0x12,
    0x2, 0x8, 0x6, 0xa0, 0x40, 0x60, 0xd2, 0x0,
    0x2b, 0x85, 0x84, 0x99, 0xb7, 0x5d, 0x41, 0x24,
    0x0, 0xc8, 0x22, 0x2, 0x63, 0x0,

    /* U+1ED5 "ổ" */
    0x0, 0xe1, 0xbd, 0x50, 0xe, 0x43, 0xa8, 0x0,
    0xe5, 0xb9, 0xb0, 0xa, 0x7e, 0xde, 0xd8, 0x0,
    0xcf, 0x8b, 0x8a, 0x1, 0x27, 0x9f, 0xd0, 0x6,
    0x7c, 0xfc, 0x50, 0x9, 0xa8, 0xd4, 0xe2, 0x40,
    0x10, 0x19, 0x5e, 0x2c, 0x24, 0x26, 0x40, 0x2e,
    0x8, 0x0, 0x70, 0xf, 0x10, 0xa1, 0x0, 0xb8,
    0x38, 0x40, 0x65, 0x78, 0xb1, 0x3, 0x49, 0xa8,
    0x44, 0x80,

    /* U+1ED6 "Ỗ" */
    0x0, 0xff, 0xe1, 0x17, 0xe1, 0x78, 0x80, 0x72,
    0xa2, 0xe9, 0x88, 0x7, 0x34, 0xd5, 0xe0, 0x7,
    0x86, 0xb6, 0xc8, 0x3, 0xca, 0xfa, 0xde, 0x1,
    0xe5, 0xf3, 0x9d, 0x0, 0xf3, 0xef, 0xf5, 0x98,
    0x6, 0xc8, 0x21, 0x4, 0xc6, 0x0, 0x49, 0x9b,
    0x7b, 0x92, 0x12, 0x40, 0xc1, 0xc4, 0x0, 0x67,
    0xb, 0x40, 0x42, 0x0, 0xd4, 0x8, 0x20, 0x40,
    0x1c, 0x40, 0x42, 0x4, 0x1, 0xc4, 0x4, 0x80,
    0x82, 0x1, 0xa8, 0x10, 0x18, 0x34, 0x80, 0xa,
    0xe1, 0x61, 0x26, 0x6d, 0xd7, 0x50, 0x49, 0x0,
    0x32, 0x8, 0x80, 0x98, 0xc0,

    /* U+1ED7 "ỗ" */
    0x0, 0xff, 0x93, 0xe9, 0x34, 0x3, 0x73, 0x8d,
    0xa0, 0x6, 0x89, 0xbd, 0x90, 0xc, 0x51, 0xf2,
    0x1, 0xcc, 0xcc, 0x68, 0x0, 0xc9, 0xc7, 0x94,
    0x1, 0x9f, 0x3f, 0x14, 0x2, 0x6a, 0x35, 0x38,
    0x90, 0x4, 0x6, 0x57, 0x8b, 0x9, 0x9, 0x90,
    0xb, 0x82, 0x0, 0x1c, 0x3, 0xc4, 0x28, 0x40,
    0x2e, 0xe, 0x10, 0x19, 0x5e, 0x2c, 0x40, 0xd2,
    0x6a, 0x11, 0x20,

    /* U+1ED8 "Ộ" */
    0x0, 0xc2, 0xec, 0x1, 0xfb, 0x72, 0x18, 0x3,
    0xc9, 0x76, 0xd1, 0x0, 0xf2, 0x38, 0x1b, 0x80,
    0x79, 0xf7, 0xfa, 0xcc, 0x3, 0x64, 0x10, 0x82,
    0x63, 0x0, 0x24, 0xcd, 0xbd, 0xc9, 0x9, 0x20,
    0x60, 0xe2, 0x0, 0x33, 0x85, 0xa0, 0x21, 0x0,
    0x6a, 0x4, 0x10, 0x20, 0xe, 0x20, 0x21, 0x2,
    0x0, 0xe2, 0x2, 0x40, 0x41, 0x0, 0xd4, 0x8,
    0xc, 0x1a, 0x40, 0x5, 0x70, 0xb0, 0x93, 0x36,
    0xeb, 0xa8, 0x24, 0x80, 0x19, 0x4, 0x40, 0x4c,
    0x60, 0xc, 0xfb, 0xfd, 0x66, 0x1, 0xe1, 0xe9,
    0x0, 0xfc, 0x62, 0x40, 0x1f, 0x8b, 0xac, 0x3,
    0x0,

    /* U+1ED9 "ộ" */
    0x0, 0xa3, 0xec, 0x3, 0x95, 0xed, 0x60, 0x3,
    0x36, 0xa7, 0xd8, 0x6, 0x6f, 0xf6, 0x20, 0x4,
    0xd4, 0x6a, 0x71, 0x20, 0x8, 0xc, 0xaf, 0x16,
    0x12, 0x13, 0x20, 0x17, 0x4, 0x0, 0x38, 0x7,
    0x88, 0x50, 0x80, 0x5c, 0x1c, 0x20, 0x32, 0xbc,
    0x58, 0x81, 0xa4, 0xd4, 0x22, 0x40, 0x26, 0xdf,
    0xe7, 0x0, 0xe3, 0xf6, 0x0, 0xf3, 0x7, 0x0,
    0x79, 0x76, 0x0, 0x20,

    /* U+1EDA "Ớ" */
    0x0, 0xe1, 0xfa, 0x0, 0xfc, 0xc1, 0x0, 0x1f,
    0xbe, 0x48, 0x9e, 0xc0, 0x1d, 0xc, 0xe, 0x1,
    0xcf, 0xbf, 0xf5, 0x2, 0x0, 0x32, 0x8, 0x44,
    0x0, 0x82, 0x9, 0x33, 0x6f, 0x72, 0x42, 0x8,
    0x18, 0x38, 0x80, 0xc, 0xe1, 0x68, 0x8, 0x40,
    0x1a, 0x81, 0x4, 0x8, 0x3, 0x88, 0x8, 0x40,
    0x80, 0x38, 0x80, 0x90, 0x10, 0x40, 0x35, 0x2,
    0x3, 0x6, 0x90, 0x1, 0x5c, 0x2c, 0x24, 0xcd,
    0xba, 0xea, 0x9, 0x20, 0x6, 0x41, 0x10, 0x12,
    0xd8, 0x0,

    /* U+1EDB "ớ" */
    0x0, 0xc3, 0x4c, 0x1, 0xe6, 0x54, 0x0, 0xf4,
    0xb1, 0x52, 0x80, 0x6e, 0x92, 0x52, 0x0, 0x2e,
    0xff, 0xb4, 0x10, 0x1a, 0x8d, 0x44, 0x18, 0xc2,
    0x3, 0x2b, 0xc5, 0x88, 0x82, 0x64, 0x2, 0xe0,
    0xe0, 0x7, 0x0, 0xf1, 0xa, 0x10, 0xb, 0x83,
    0x84, 0x6, 0x57, 0x8b, 0x10, 0x34, 0x9a, 0x84,
    0x48, 0x0,

    /* U+1EDC "Ờ" */
    0x0, 0x8b, 0xe0, 0x3, 0xf1, 0x33, 0x80, 0x7f,
    0x42, 0x98, 0x17, 0xb0, 0x6, 0x1a, 0x30, 0x70,
    0xe, 0x7d, 0xff, 0xa8, 0x10, 0x1, 0x90, 0x42,
    0x20, 0x4, 0x10, 0x49, 0x9b, 0x7b, 0x92, 0x10,
    0x40, 0xc1, 0xc4, 0x0, 0x67, 0xb, 0x40, 0x42,
    0x0, 0xd4, 0x8, 0x20, 0x40, 0x1c, 0x40, 0x42,
    0x4, 0x1, 0xc4, 0x4, 0x80, 0x82, 0x1, 0xa8,
    0x10, 0x18, 0x34, 0x80, 0xa, 0xe1, 0x61, 0x26,
    0x6d, 0xd7, 0x50, 0x49, 0x0, 0x32, 0x8, 0x80,
    0x96, 0xc0,

    /* U+1EDD "ờ" */
    0x0, 0x25, 0x18, 0x7, 0x91, 0x10, 0x1, 0xf5,
    0xa1, 0x5, 0x28, 0x4, 0xbe, 0x44, 0x52, 0x0,
    0x2e, 0xff, 0xb4, 0x10, 0x1a, 0x8d, 0x44, 0x18,
    0xc2, 0x3, 0x2b, 0xc5, 0x88, 0x82, 0x64, 0x2,
    0xe0, 0xe0, 0x7, 0x0, 0xf1, 0xa, 0x10, 0xb,
    0x83, 0x84, 0x6, 0x57, 0x8b, 0x10, 0x34, 0x9a,
    0x84, 0x48, 0x0,

    /* U+1EDE "Ở" */
    0x0, 0xcb, 0xb6, 0x20, 0x1f, 0x64, 0x3b, 0x0,
    0x7d, 0x22, 0x66, 0x0, 0xfd, 0x10, 0x42, 0xe6,
    0x0, 0xec, 0x70, 0x71, 0x0, 0xcf, 0xbf, 0xf5,
    0x2, 0x0, 0x32, 0x8, 0x44, 0x0, 0x82, 0x9,
    0x33, 0x6f, 0x72, 0x42, 0x8, 0x18, 0x38, 0x80,
    0xc, 0xe1, 0x68, 0x8, 0x40, 0x1a, 0x81, 0x4,
    0x8, 0x3, 0x88, 0x8, 0x40, 0x80, 0x38, 0x80,
    0x90, 0x10, 0x40, 0x35, 0x2, 0x3, 0x6, 0x90,
    0x1, 0x5c, 0x2c, 0x24, 0xcd, 0xba, 0xea, 0x9,
    0x20, 0x6, 0x41, 0x10, 0x12, 0xd8, 0x0,

    /* U+1EDF "ở" */
    0x0, 0xa3, 0xa8, 0x3, 0xc7, 0xaa, 0x60, 0x1d,
    0x7e, 0xc6, 0xc6, 0x1, 0xa2, 0x46, 0x50, 0x0,
    0xbb, 0x7f, 0xc0, 0x80, 0xd4, 0x6a, 0x20, 0xc6,
    0x10, 0x19, 0x5e, 0x2c, 0x44, 0x13, 0x20, 0x17,
    0x7, 0x0, 0x38, 0x7, 0x88, 0x50, 0x80, 0x5c,
    0x1c, 0x20, 0x32, 0xbc, 0x58, 0x81, 0xa4, 0xd4,
    0x22, 0x40,

    /* U+1EE0 "Ỡ" */
    0x0, 0xff, 0xe1, 0x17, 0x61, 0xf8, 0x7, 0x95,
    0x17, 0xc, 0x10, 0x80, 0x26, 0xb9, 0xdc, 0x3b,
    0x50, 0x8, 0x44, 0x4, 0xc, 0x2, 0x1, 0x3e,
    0xff, 0xd4, 0x2e, 0x0, 0xc8, 0x21, 0x10, 0x2,
    0x44, 0x24, 0xcd, 0xbd, 0xc9, 0x8, 0x20, 0x60,
    0xe2, 0x0, 0x33, 0x85, 0xa0, 0x21, 0x0, 0x6a,
    0x4, 0x10, 0x20, 0xe, 0x20, 0x21, 0x2, 0x0,
    0xe2, 0x2, 0x40, 0x41, 0x0, 0xd4, 0x8, 0xc,
    0x1a, 0x40, 0x5, 0x70, 0xb0, 0x93, 0x36, 0xeb,
    0xa8, 0x24, 0x80, 0x19, 0x4, 0x40, 0x4b, 0x60,

    /* U+1EE1 "ỡ" */
    0x0, 0x27, 0xca, 0xd8, 0x6, 0xf8, 0x5a, 0xd5,
    0x20, 0x4, 0xbe, 0x6b, 0xd2, 0x80, 0x1f, 0x7f,
    0x78, 0x10, 0x1a, 0x8d, 0x44, 0x18, 0xc2, 0x3,
    0x2b, 0xc5, 0x88, 0x82, 0x64, 0x2, 0xe0, 0xe0,
    0x7, 0x0, 0xf1, 0xa, 0x10, 0xb, 0x83, 0x84,
    0x6, 0x57, 0x8b, 0x10, 0x34, 0x9a, 0x84, 0x48,
    0x0,

    /* U+1EE2 "Ợ" */
    0x0, 0xfc, 0x7e, 0xe0, 0x1f, 0x98, 0x4, 0x2,
    0x7d, 0xff, 0xa8, 0x10, 0x1, 0x90, 0x42, 0x20,
    0x4, 0x10, 0x49, 0x9b, 0x7b, 0x92, 0x10, 0x40,
    0xc1, 0xc4, 0x0, 0x67, 0xb, 0x40, 0x42, 0x0,
    0xd4, 0x8, 0x20, 0x40, 0x1c, 0x40, 0x42, 0x4,
    0x1, 0xc4, 0x4, 0x80, 0x82, 0x1, 0xa8, 0x10,
    0x18, 0x34, 0x80, 0xa, 0xe1, 0x61, 0x26, 0x6d,
    0xd7, 0x50, 0x49, 0x0, 0x32, 0x8, 0x80, 0x96,
    0xc0, 0x19, 0xf7, 0xfa, 0xd0, 0x3, 0xc5, 0xd0,
    0x1, 0xf8, 0x44, 0x40, 0x1f, 0x8f, 0x68, 0x3,
    0x0,

    /* U+1EE3 "ợ" */
    0x0, 0xfa, 0x10, 0x3, 0xc4, 0xe6, 0x0, 0x5d,
    0xff, 0x68, 0x20, 0x35, 0x1a, 0x88, 0x31, 0x84,
    0x6, 0x57, 0x8b, 0x11, 0x4, 0xc8, 0x5, 0xc1,
    0xc0, 0xe, 0x1, 0xe2, 0x14, 0x20, 0x17, 0x7,
    0x8, 0xc, 0xaf, 0x16, 0x20, 0x69, 0x35, 0x8,
    0x90, 0x9, 0xb7, 0xf9, 0xc0, 0x3d, 0xb6, 0x1,
    0xf1, 0x30, 0x7, 0xdd, 0xa0, 0x10,

    /* U+1EE4 "Ụ" */
    0xef, 0x0, 0xd1, 0xea, 0x1, 0xff, 0xea, 0x30,
    0x10, 0x8, 0x80, 0x50, 0x2c, 0x0, 0x8a, 0xb,
    0x62, 0xbf, 0xeb, 0x7, 0x12, 0xc5, 0x10, 0x29,
    0x80, 0x1, 0x57, 0x7e, 0xb0, 0x7, 0x56, 0x80,
    0x7c, 0xc4, 0x20, 0x1e, 0xce, 0x10, 0x8,

    /* U+1EE5 "ụ" */
    0xfe, 0x0, 0x3f, 0xb0, 0x7, 0xff, 0x44, 0x40,
    0x18, 0x0, 0x30, 0xcb, 0x40, 0x7, 0x19, 0x86,
    0x0, 0x5, 0x9f, 0x4f, 0xec, 0x0, 0x9e, 0x10,
    0xc, 0x42, 0x60, 0x1a, 0xf8, 0x80, 0x0,

    /* U+1EE6 "Ủ" */
    0x0, 0xd, 0xf2, 0x80, 0x72, 0x94, 0x58, 0x7,
    0x24, 0x52, 0x80, 0x79, 0x5e, 0xc0, 0x3c, 0x96,
    0x1, 0xbb, 0xc0, 0x34, 0x7a, 0x80, 0x7f, 0xfa,
    0x8c, 0x4, 0x2, 0x20, 0x14, 0xb, 0x0, 0x22,
    0x82, 0xd8, 0xaf, 0xfa, 0xc1, 0xc4, 0xb1, 0x44,
    0xa, 0x60, 0x0,

    /* U+1EE7 "ủ" */
    0x0, 0x5f, 0x38, 0x4, 0x85, 0x12, 0x1, 0x25,
    0x45, 0x0, 0x63, 0xf4, 0x0, 0x7f, 0x0, 0xbf,
    0xb0, 0x7, 0xff, 0x44, 0x40, 0x18, 0x0, 0x30,
    0xcb, 0x40, 0x7, 0x19, 0x86, 0x0, 0x0,

    /* U+1EE8 "Ứ" */
    0x0, 0xcf, 0xe6, 0x1, 0xf4, 0xa9, 0x80, 0x78,
    0x92, 0x0, 0xd, 0x60, 0x11, 0x51, 0x0, 0x35,
    0x3b, 0xc0, 0x34, 0x7a, 0x38, 0x7, 0xea, 0x80,
    0xf, 0xff, 0x31, 0x80, 0x80, 0x44, 0x2, 0x8,
    0x16, 0x0, 0x45, 0x5, 0xb, 0x15, 0xff, 0x58,
    0x38, 0x81, 0x62, 0x88, 0x14, 0xc0, 0x0,

    /* U+1EE9 "ứ" */
    0x0, 0x9a, 0x84, 0x3, 0xa0, 0x4, 0x3, 0x30,
    0xc0, 0x2d, 0x0, 0x1b, 0xc8, 0x31, 0x7f, 0x80,
    0xf, 0xec, 0xc0, 0xf, 0x4c, 0x80, 0x3f, 0xf9,
    0xa2, 0x0, 0xc0, 0x8, 0xc3, 0x2d, 0x0, 0x2e,
    0x33, 0xc, 0x0, 0x40,

    /* U+1EEA "Ừ" */
    0x0, 0x4f, 0x90, 0x7, 0xd0, 0x14, 0x1, 0xf0,
    0xd0, 0x80, 0x4d, 0x60, 0x12, 0xc8, 0x5, 0xa9,
    0xde, 0x1, 0xa3, 0xd1, 0xc0, 0x3f, 0x54, 0x0,
    0x7f, 0xf9, 0x8c, 0x4, 0x2, 0x20, 0x10, 0x40,
    0xb0, 0x2, 0x28, 0x28, 0x58, 0xaf, 0xfa, 0xc1,
    0xc4, 0xb, 0x14, 0x40, 0xa6, 0x0, 0x0,

    /* U+1EEB "ừ" */
    0x9, 0x90, 0x7, 0xbd, 0x8c, 0x3, 0x98, 0xa4,
    0x0, 0xb4, 0x0, 0xda, 0x0, 0x62, 0xff, 0x0,
    0x1f, 0xd9, 0x80, 0x1e, 0x99, 0x0, 0x7f, 0xf3,
    0x44, 0x1, 0x80, 0x11, 0x86, 0x5a, 0x0, 0x5c,
    0x66, 0x18, 0x0, 0x80,

    /* U+1EEC "Ử" */
    0x0, 0xab, 0x9c, 0x3, 0xc4, 0x77, 0x0, 0x1e,
    0x29, 0xf2, 0x0, 0xf8, 0xd3, 0x0, 0xd, 0x60,
    0x11, 0xf0, 0x80, 0x35, 0x3b, 0xc0, 0x34, 0x7a,
    0x38, 0x7, 0xea, 0x80, 0xf, 0xff, 0x31, 0x80,
    0x80, 0x44, 0x2, 0x8, 0x16, 0x0, 0x45, 0x5,
    0xb, 0x15, 0xff, 0x58, 0x38, 0x81, 0x62, 0x88,
    0x14, 0xc0, 0x0,

    /* U+1EED "ử" */
    0x1, 0xce, 0x60, 0xc, 0x88, 0x6b, 0x0, 0xcb,
    0xab, 0xe0, 0xb4, 0x0, 0x5d, 0x20, 0xc5, 0xfe,
    0x0, 0x3f, 0xb3, 0x0, 0x3d, 0x32, 0x0, 0xff,
    0xe6, 0x88, 0x3, 0x0, 0x23, 0xc, 0xb4, 0x0,
    0xb8, 0xcc, 0x30, 0x1, 0x0,

    /* U+1EEE "Ữ" */
    0x0, 0xff, 0xe0, 0x47, 0xbc, 0x48, 0x7, 0x34,
    0xd3, 0xe0, 0x7, 0x6b, 0x6e, 0x94, 0x1a, 0xc0,
    0x6, 0x0, 0x20, 0x6, 0xa7, 0x78, 0x6, 0x8f,
    0x47, 0x0, 0xfd, 0x50, 0x1, 0xff, 0xe6, 0x30,
    0x10, 0x8, 0x80, 0x41, 0x2, 0xc0, 0x8, 0xa0,
    0xa1, 0x62, 0xbf, 0xeb, 0x7, 0x10, 0x2c, 0x51,
    0x2, 0x98, 0x0, 0x0,

    /* U+1EEF "ữ" */
    0xb, 0xe5, 0xb6, 0x0, 0xa, 0x45, 0x22, 0x16,
    0x87, 0x1b, 0xb8, 0x58, 0xbf, 0xa0, 0x2d, 0xec,
    0xc0, 0xf, 0x4c, 0x80, 0x3f, 0xf9, 0xa2, 0x0,
    0xc0, 0x8, 0xc3, 0x2d, 0x0, 0x2e, 0x33, 0xc,
    0x0, 0x40,

    /* U+1EF0 "Ự" */
    0x0, 0xfc, 0xd6, 0x1, 0xfb, 0x53, 0xbc, 0x3,
    0x47, 0xa3, 0x80, 0x7e, 0xa8, 0x0, 0xff, 0xf3,
    0x18, 0x8, 0x4, 0x40, 0x20, 0x81, 0x60, 0x4,
    0x50, 0x50, 0xb1, 0x5f, 0xf5, 0x83, 0x88, 0x16,
    0x28, 0x81, 0x4c, 0x0, 0x45, 0x5d, 0xfa, 0xc0,
    0x1e, 0x7e, 0x20, 0xf, 0xb4, 0x44, 0x1, 0xf5,
    0x69, 0x80, 0x60,

    /* U+1EF1 "ự" */
    0x0, 0xf2, 0xd0, 0x7, 0xb1, 0x7f, 0x80, 0xf,
    0xec, 0xc0, 0xf, 0x4c, 0x80, 0x3f, 0xf9, 0xa2,
    0x0, 0xc0, 0x8, 0xc3, 0x2d, 0x0, 0x2e, 0x33,
    0xc, 0x0, 0x45, 0x9f, 0x4f, 0xec, 0x1, 0x56,
    0x80, 0x79, 0xc8, 0x40, 0x3b, 0x78, 0x40, 0x20,

    /* U+1EF2 "Ỳ" */
    0x0, 0xa9, 0xc0, 0x3f, 0x1c, 0x8, 0x7, 0xd0,
    0xc, 0x1, 0xf0, 0xfb, 0x80, 0x66, 0xfa, 0x0,
    0xdb, 0xe6, 0xc2, 0xa4, 0x0, 0x52, 0x43, 0x8,
    0xb, 0x0, 0x48, 0x40, 0x1, 0x85, 0x89, 0xd,
    0xc, 0x2, 0x80, 0xb8, 0x8, 0x0, 0xcc, 0x4c,
    0x68, 0x60, 0x1d, 0x60, 0x8, 0x0, 0xf3, 0x1,
    0x18, 0x7, 0xff, 0x54,

    /* U+1EF3 "ỳ" */
    0x0, 0x4c, 0x80, 0x3d, 0xec, 0x60, 0x1c, 0xc5,
    0x20, 0x1e, 0xda, 0x0, 0x9b, 0xdc, 0x0, 0x5f,
    0x6e, 0x16, 0x0, 0x50, 0xd1, 0x43, 0x20, 0xb0,
    0x70, 0xd0, 0x51, 0x34, 0x10, 0x60, 0xb7, 0xe,
    0x0, 0x90, 0xec, 0x14, 0x2, 0xe0, 0x25, 0x0,
    0xca, 0x0, 0xe0, 0xc, 0x23, 0x20, 0x1, 0x2b,
    0xc6, 0xc0, 0x22, 0x53, 0xa5, 0x0, 0x80,

    /* U+1EF4 "Ỵ" */
    0x6f, 0xa0, 0xd, 0xbe, 0x6c, 0x2a, 0x40, 0x5,
    0x24, 0x30, 0x80, 0xb0, 0x4, 0x84, 0x0, 0x18,
    0x58, 0x90, 0xd0, 0xc0, 0x28, 0xb, 0x80, 0x80,
    0xc, 0xc4, 0xc6, 0x86, 0x1, 0xd6, 0x0, 0x80,
    0xf, 0x30, 0x11, 0x80, 0x7f, 0xf6, 0x7f, 0x40,
    0x3f, 0x6d, 0x80, 0x7e, 0x26, 0x0, 0xfd, 0xd8,
    0x1, 0x80,

    /* U+1EF5 "ỵ" */
    0x6f, 0x70, 0x1, 0x7d, 0xb8, 0x58, 0x1, 0x43,
    0x45, 0xc, 0x82, 0xc1, 0xc3, 0x41, 0x44, 0xd0,
    0x41, 0x82, 0xdc, 0x38, 0x2, 0x43, 0xb0, 0x50,
    0xb, 0x80, 0x94, 0x3, 0x28, 0x3, 0x80, 0x30,
    0x8c, 0x80, 0x4, 0xaf, 0x1b, 0x28, 0x12, 0x53,
    0xa5, 0xb7, 0x73, 0x7e, 0xa8, 0x53, 0x38,

    /* U+1EF6 "Ỷ" */
    0x0, 0x8f, 0x35, 0x0, 0x3c, 0x96, 0xfc, 0x1,
    0xe7, 0x17, 0x80, 0xf, 0x9f, 0x8, 0x2, 0x6f,
    0xa0, 0x11, 0x6, 0xf9, 0xb0, 0xa9, 0x0, 0x14,
    0x90, 0xc2, 0x2, 0xc0, 0x12, 0x10, 0x0, 0x61,
    0x62, 0x43, 0x43, 0x0, 0xa0, 0x2e, 0x2, 0x0,
    0x33, 0x13, 0x1a, 0x18, 0x7, 0x58, 0x2, 0x0,
    0x3c, 0xc0, 0x46, 0x1, 0xff, 0xd5,

    /* U+1EF7 "ỷ" */
    0x0, 0xe, 0x73, 0x0, 0x64, 0x44, 0xd8, 0x6,
    0x5c, 0xae, 0x0, 0xe5, 0xc3, 0x0, 0x37, 0xb8,
    0x88, 0xbe, 0xdc, 0x2c, 0x0, 0xa1, 0xa2, 0x86,
    0x41, 0x60, 0xe1, 0xa0, 0xa2, 0x68, 0x20, 0xc1,
    0x6e, 0x1c, 0x1, 0x21, 0xd8, 0x28, 0x5, 0xc0,
    0x4a, 0x1, 0x94, 0x1, 0xc0, 0x18, 0x46, 0x40,
    0x2, 0x57, 0x8d, 0x80, 0x44, 0xa7, 0x4a, 0x1,
    0x0,

    /* U+1EF8 "Ỹ" */
    0x0, 0xff, 0xe0, 0xee, 0x8f, 0x4c, 0x3, 0x20,
    0x56, 0x19, 0x80, 0x32, 0xfb, 0xf7, 0x80, 0x4d,
    0xf6, 0x40, 0x22, 0xdf, 0x36, 0x15, 0x20, 0x2,
    0x92, 0x18, 0x40, 0x58, 0x2, 0x42, 0x0, 0xc,
    0x2c, 0x48, 0x68, 0x60, 0x14, 0x5, 0xc0, 0x40,
    0x6, 0x62, 0x63, 0x43, 0x0, 0xeb, 0x0, 0x40,
    0x7, 0x98, 0x8, 0xc0, 0x3f, 0xfa, 0xa0,

    /* U+1EF9 "ỹ" */
    0x0, 0x5f, 0x2d, 0x30, 0x0, 0x52, 0x29, 0x50,
    0x0, 0x38, 0xdd, 0xc2, 0x6, 0xf4, 0x1, 0x3f,
    0xb7, 0xb, 0x0, 0x28, 0x68, 0xa1, 0x90, 0x58,
    0x38, 0x68, 0x28, 0x9a, 0x8, 0x30, 0x5b, 0x87,
    0x0, 0x48, 0x76, 0xa, 0x1, 0x70, 0x12, 0x80,
    0x65, 0x0, 0x70, 0x6, 0x11, 0x90, 0x0, 0x95,
    0xe3, 0x60, 0x11, 0x29, 0xd2, 0x80, 0x40,

    /* U+2013 "–" */
    0x39, 0x9f, 0xa, 0xb3, 0x78, 0xc0,

    /* U+2014 "—" */
    0x39, 0x9f, 0xc8, 0xac, 0xdf, 0xb0,

    /* U+2018 "‘" */
    0x2, 0xa0, 0xe8, 0x43, 0x87, 0x6, 0x3d, 0xc0,

    /* U+2019 "’" */
    0x2e, 0x91, 0x12, 0x1b, 0x50, 0xab, 0x87, 0x0,

    /* U+201A "‚" */
    0x3, 0xa, 0xc6, 0x20, 0x39, 0x35, 0x88, 0x0,

    /* U+201C "“" */
    0x0, 0x60, 0x8b, 0x0, 0xf, 0x63, 0x10, 0x0,
    0x4c, 0x89, 0xa4, 0x2, 0x11, 0x1, 0x80, 0x3f,
    0x8f, 0xbc, 0x0,

    /* U+201D "”" */
    0xd, 0xc1, 0xea, 0x12, 0x32, 0x14, 0x19, 0x53,
    0x66, 0x5, 0x58, 0xac, 0x7, 0x8, 0x70, 0x0,

    /* U+201E "„" */
    0x3, 0x1, 0x30, 0xac, 0x6d, 0xc4, 0xd0, 0x3,
    0x3, 0xb1, 0x34, 0x19, 0xa2, 0x42, 0x38, 0x0,

    /* U+2020 "†" */
    0x0, 0x9d, 0x80, 0x3d, 0x54, 0x0, 0xc2, 0x20,
    0x0, 0x88, 0x17, 0xb8, 0x47, 0xdc, 0x44, 0x5d,
    0x84, 0xae, 0xca, 0x28, 0x83, 0x14, 0x40, 0x80,
    0x7f, 0xf3, 0x0,

    /* U+2021 "‡" */
    0x0, 0x9d, 0x80, 0x3d, 0x54, 0x0, 0xc2, 0x20,
    0x0, 0x88, 0x17, 0xb8, 0x47, 0xdc, 0x44, 0x5d,
    0x84, 0xae, 0xca, 0x2c, 0xc3, 0x16, 0x60, 0xae,
    0xe8, 0x8f, 0x74, 0x88, 0xaa, 0x9, 0x55, 0x14,
    0x55, 0x46, 0x2a, 0xa1,

    /* U+2022 "•" */
    0x6, 0xee, 0x20, 0x14, 0x88, 0xac, 0x5c, 0x3,
    0x13, 0x80, 0x42, 0x65, 0x64, 0x7a, 0x0,

    /* U+2026 "…" */
    0x13, 0x0, 0x18, 0x80, 0x10, 0x37, 0xc, 0xb3,
    0x1, 0x36, 0xca, 0x22, 0x31, 0x70, 0xf0, 0x20,

    /* U+20AB "₫" */
    0x0, 0xff, 0xe0, 0x7f, 0xdc, 0x1, 0xb5, 0x43,
    0x0, 0x6f, 0xe4, 0x0, 0x41, 0x68, 0xe6, 0xa0,
    0x12, 0xa4, 0x41, 0x0, 0x30, 0x80, 0x8, 0x2,
    0x35, 0x44, 0x30, 0x5, 0xe1, 0x76, 0x30, 0x8,
    0xfa, 0xfb, 0xe8, 0xf, 0xfa, 0xfb, 0x2b, 0x80
};


/*---------------------
 *  GLYPH DESCRIPTION
 *--------------------*/

static const lv_font_fmt_txt_glyph_dsc_t glyph_dsc[] = {
    {.bitmap_index = 0, .adv_w = 0, .box_w = 0, .box_h = 0, .ofs_x = 0, .ofs_y = 0} /* id = 0 reserved */,
    {.bitmap_index = 0, .adv_w = 52, .box_w = 0, .box_h = 0, .ofs_x = 0, .ofs_y = 0},
    {.bitmap_index = 0, .adv_w = 72, .box_w = 3, .box_h = 11, .ofs_x = 1, .ofs_y = 0},
    {.bitmap_index = 15, .adv_w = 82, .box_w = 5, .box_h = 4, .ofs_x = 0, .ofs_y = 7},
    {.bitmap_index = 26, .adv_w = 187, .box_w = 11, .box_h = 11, .ofs_x = 0, .ofs_y = 0},
    {.bitmap_index = 84, .adv_w = 145, .box_w = 9, .box_h = 14, .ofs_x = 0, .ofs_y = -1},
    {.bitmap_index = 146, .adv_w = 193, .box_w = 12, .box_h = 11, .ofs_x = 0, .ofs_y = 0},
    {.bitmap_index = 207, .adv_w = 169, .box_w = 11, .box_h = 11, .ofs_x = 0, .ofs_y = 0},
    {.bitmap_index = 264, .adv_w = 47, .box_w = 3, .box_h = 4, .ofs_x = 0, .ofs_y = 7},
    {.bitmap_index = 271, .adv_w = 101, .box_w = 6, .box_h = 17, .ofs_x = 0, .ofs_y = -4},
    {.bitmap_index = 319, .adv_w = 101, .box_w = 6, .box_h = 17, .ofs_x = 0, .ofs_y = -4},
    {.bitmap_index = 368, .adv_w = 114, .box_w = 7, .box_h = 7, .ofs_x = 0, .ofs_y = 4},
    {.bitmap_index = 394, .adv_w = 143, .box_w = 7, .box_h = 6, .ofs_x = 1, .ofs_y = 2},
    {.bitmap_index = 412, .adv_w = 74, .box_w = 3, .box_h = 5, .ofs_x = 1, .ofs_y = -2},
    {.bitmap_index = 420, .adv_w = 136, .box_w = 6, .box_h = 2, .ofs_x = 1, .ofs_y = 4},
    {.bitmap_index = 425, .adv_w = 71, .box_w = 3, .box_h = 3, .ofs_x = 1, .ofs_y = 0},
    {.bitmap_index = 430, .adv_w = 118, .box_w = 8, .box_h = 15, .ofs_x = 0, .ofs_y = -3},
    {.bitmap_index = 475, .adv_w = 155, .box_w = 10, .box_h = 11, .ofs_x = 0, .ofs_y = 0},
    {.bitmap_index = 530, .adv_w = 93, .box_w = 5, .box_h = 11, .ofs_x = 0, .ofs_y = 0},
    {.bitmap_index = 543, .adv_w = 148, .box_w = 9, .box_h = 11, .ofs_x = 0, .ofs_y = 0},
    {.bitmap_index = 588, .adv_w = 151, .box_w = 9, .box_h = 11, .ofs_x = 0, .ofs_y = 0},
    {.bitmap_index = 637, .adv_w = 160, .box_w = 10, .box_h = 11, .ofs_x = 0, .ofs_y = 0},
    {.bitmap_index = 678, .adv_w = 151, .box_w = 9, .box_h = 11, .ofs_x = 0, .ofs_y = 0},
    {.bitmap_index = 726, .adv_w = 155, .box_w = 9, .box_h = 11, .ofs_x = 0, .ofs_y = 0},
    {.bitmap_index = 775, .adv_w = 134, .box_w = 8, .box_h = 11, .ofs_x = 0, .ofs_y = 0},
    {.bitmap_index = 810, .adv_w = 147, .box_w = 9, .box_h = 11, .ofs_x = 0, .ofs_y = 0},
    {.bitmap_index = 860, .adv_w = 155, .box_w = 9, .box_h = 11, .ofs_x = 0, .ofs_y = 0},
    {.bitmap_index = 909, .adv_w = 71, .box_w = 3, .box_h = 8, .ofs_x = 1, .ofs_y = 0},
    {.bitmap_index = 921, .adv_w = 74, .box_w = 3, .box_h = 10, .ofs_x = 1, .ofs_y = -2},
    {.bitmap_index = 936, .adv_w = 127, .box_w = 6, .box_h = 8, .ofs_x = 1, .ofs_y = 1},
    {.bitmap_index = 958, .adv_w = 167, .box_w = 8, .box_h = 5, .ofs_x = 1, .ofs_y = 2},
    {.bitmap_index = 972, .adv_w = 127, .box_w = 6, .box_h = 8, .ofs_x = 1, .ofs_y = 1},
    {.bitmap_index = 994, .adv_w = 136, .box_w = 8, .box_h = 11, .ofs_x = 0, .ofs_y = 0},
    {.bitmap_index = 1035, .adv_w = 227, .box_w = 14, .box_h = 13, .ofs_x = 0, .ofs_y = -2},
    {.bitmap_index = 1125, .adv_w = 170, .box_w = 11, .box_h = 11, .ofs_x = 0, .ofs_y = 0},
    {.bitmap_index = 1177, .adv_w = 156, .box_w = 9, .box_h = 11, .ofs_x = 1, .ofs_y = 0},
    {.bitmap_index = 1220, .adv_w = 174, .box_w = 11, .box_h = 11, .ofs_x = 0, .ofs_y = 0},
    {.bitmap_index = 1276, .adv_w = 166, .box_w = 9, .box_h = 11, .ofs_x = 1, .ofs_y = 0},
    {.bitmap_index = 1318, .adv_w = 142, .box_w = 8, .box_h = 11, .ofs_x = 1, .ofs_y = 0},
    {.bitmap_index = 1346, .adv_w = 143, .box_w = 8, .box_h = 11, .ofs_x = 1, .ofs_y = 0},
    {.bitmap_index = 1370, .adv_w = 177, .box_w = 11, .box_h = 11, .ofs_x = 0, .ofs_y = 0},
    {.bitmap_index = 1430, .adv_w = 162, .box_w = 9, .box_h = 11, .ofs_x = 1, .ofs_y = 0},
    {.bitmap_index = 1449, .adv_w = 63, .box_w = 2, .box_h = 11, .ofs_x = 1, .ofs_y = 0},
    {.bitmap_index = 1454, .adv_w = 108, .box_w = 6, .box_h = 11, .ofs_x = 0, .ofs_y = 0},
    {.bitmap_index = 1470, .adv_w = 157, .box_w = 9, .box_h = 11, .ofs_x = 1, .ofs_y = 0},
    {.bitmap_index = 1511, .adv_w = 143, .box_w = 8, .box_h = 11, .ofs_x = 1, .ofs_y = 0},
    {.bitmap_index = 1521, .adv_w = 196, .box_w = 11, .box_h = 11, .ofs_x = 1, .ofs_y = 0},
    {.bitmap_index = 1567, .adv_w = 166, .box_w = 9, .box_h = 11, .ofs_x = 1, .ofs_y = 0},
    {.bitmap_index = 1603, .adv_w = 185, .box_w = 11, .box_h = 11, .ofs_x = 0, .ofs_y = 0},
    {.bitmap_index = 1661, .adv_w = 149, .box_w = 8, .box_h = 11, .ofs_x = 1, .ofs_y = 0},
    {.bitmap_index = 1693, .adv_w = 185, .box_w = 12, .box_h = 11, .ofs_x = 0, .ofs_y = 0},
    {.bitmap_index = 1757, .adv_w = 156, .box_w = 8, .box_h = 11, .ofs_x = 1, .ofs_y = 0},
    {.bitmap_index = 1797, .adv_w = 147, .box_w = 9, .box_h = 11, .ofs_x = 0, .ofs_y = 0},
    {.bitmap_index = 1847, .adv_w = 151, .box_w = 9, .box_h = 11, .ofs_x = 0, .ofs_y = 0},
    {.bitmap_index = 1863, .adv_w = 164, .box_w = 9, .box_h = 11, .ofs_x = 1, .ofs_y = 0},
    {.bitmap_index = 1889, .adv_w = 164, .box_w = 10, .box_h = 11, .ofs_x = 0, .ofs_y = 0},
    {.bitmap_index = 1941, .adv_w = 233, .box_w = 15, .box_h = 11, .ofs_x = 0, .ofs_y = 0},
    {.bitmap_index = 2022, .adv_w = 169, .box_w = 10, .box_h = 11, .ofs_x = 0, .ofs_y = 0},
    {.bitmap_index = 2074, .adv_w = 157, .box_w = 10, .box_h = 11, .ofs_x = 0, .ofs_y = 0},
    {.bitmap_index = 2113, .adv_w = 149, .box_w = 9, .box_h = 11, .ofs_x = 0, .ofs_y = 0},
    {.bitmap_index = 2154, .adv_w = 110, .box_w = 5, .box_h = 16, .ofs_x = 1, .ofs_y = -3},
    {.bitmap_index = 2169, .adv_w = 115, .box_w = 7, .box_h = 15, .ofs_x = 0, .ofs_y = -3},
    {.bitmap_index = 2211, .adv_w = 110, .box_w = 5, .box_h = 16, .ofs_x = 1, .ofs_y = -3},
    {.bitmap_index = 2225, .adv_w = 133, .box_w = 6, .box_h = 3, .ofs_x = 1, .ofs_y = 8},
    {.bitmap_index = 2234, .adv_w = 162, .box_w = 8, .box_h = 3, .ofs_x = 1, .ofs_y = -2},
    {.bitmap_index = 2242, .adv_w = 58, .box_w = 4, .box_h = 3, .ofs_x = 0, .ofs_y = 9},
    {.bitmap_index = 2249, .adv_w = 146, .box_w = 9, .box_h = 8, .ofs_x = 0, .ofs_y = 0},
    {.bitmap_index = 2283, .adv_w = 148, .box_w = 8, .box_h = 11, .ofs_x = 1, .ofs_y = 0},
    {.bitmap_index = 2317, .adv_w = 140, .box_w = 8, .box_h = 8, .ofs_x = 0, .ofs_y = 0},
    {.bitmap_index = 2348, .adv_w = 148, .box_w = 9, .box_h = 11, .ofs_x = 0, .ofs_y = 0},
    {.bitmap_index = 2385, .adv_w = 137, .box_w = 8, .box_h = 8, .ofs_x = 0, .ofs_y = 0},
    {.bitmap_index = 2418, .adv_w = 90, .box_w = 6, .box_h = 11, .ofs_x = 0, .ofs_y = 0},
    {.bitmap_index = 2440, .adv_w = 146, .box_w = 9, .box_h = 11, .ofs_x = 0, .ofs_y = -3},
    {.bitmap_index = 2486, .adv_w = 134, .box_w = 7, .box_h = 11, .ofs_x = 1, .ofs_y = 0},
    {.bitmap_index = 2507, .adv_w = 64, .box_w = 4, .box_h = 11, .ofs_x = 0, .ofs_y = 0},
    {.bitmap_index = 2519, .adv_w = 65, .box_w = 5, .box_h = 14, .ofs_x = -1, .ofs_y = -3},
    {.bitmap_index = 2539, .adv_w = 131, .box_w = 7, .box_h = 11, .ofs_x = 1, .ofs_y = 0},
    {.bitmap_index = 2569, .adv_w = 62, .box_w = 2, .box_h = 11, .ofs_x = 1, .ofs_y = 0},
    {.bitmap_index = 2574, .adv_w = 200, .box_w = 12, .box_h = 8, .ofs_x = 0, .ofs_y = 0},
    {.bitmap_index = 2601, .adv_w = 132, .box_w = 8, .box_h = 8, .ofs_x = 0, .ofs_y = 0},
    {.bitmap_index = 2621, .adv_w = 146, .box_w = 9, .box_h = 8, .ofs_x = 0, .ofs_y = 0},
    {.bitmap_index = 2655, .adv_w = 148, .box_w = 8, .box_h = 11, .ofs_x = 1, .ofs_y = -3},
    {.bitmap_index = 2692, .adv_w = 148, .box_w = 9, .box_h = 11, .ofs_x = 0, .ofs_y = -3},
    {.bitmap_index = 2730, .adv_w = 93, .box_w = 6, .box_h = 8, .ofs_x = 0, .ofs_y = 0},
    {.bitmap_index = 2746, .adv_w = 118, .box_w = 7, .box_h = 8, .ofs_x = 0, .ofs_y = 0},
    {.bitmap_index = 2775, .adv_w = 97, .box_w = 6, .box_h = 10, .ofs_x = 0, .ofs_y = 0},
    {.bitmap_index = 2797, .adv_w = 130, .box_w = 8, .box_h = 8, .ofs_x = 0, .ofs_y = 0},
    {.bitmap_index = 2817, .adv_w = 132, .box_w = 8, .box_h = 8, .ofs_x = 0, .ofs_y = 0},
    {.bitmap_index = 2850, .adv_w = 197, .box_w = 12, .box_h = 8, .ofs_x = 0, .ofs_y = 0},
    {.bitmap_index = 2899, .adv_w = 132, .box_w = 8, .box_h = 8, .ofs_x = 0, .ofs_y = 0},
    {.bitmap_index = 2930, .adv_w = 133, .box_w = 8, .box_h = 11, .ofs_x = 0, .ofs_y = -3},
    {.bitmap_index = 2972, .adv_w = 115, .box_w = 7, .box_h = 8, .ofs_x = 0, .ofs_y = 0},
    {.bitmap_index = 3000, .adv_w = 103, .box_w = 6, .box_h = 16, .ofs_x = 0, .ofs_y = -3},
    {.bitmap_index = 3040, .adv_w = 95, .box_w = 2, .box_h = 18, .ofs_x = 2, .ofs_y = -4},
    {.bitmap_index = 3046, .adv_w = 103, .box_w = 7, .box_h = 16, .ofs_x = 0, .ofs_y = -3},
    {.bitmap_index = 3090, .adv_w = 108, .box_w = 6, .box_h = 3, .ofs_x = 0, .ofs_y = 4},
    {.bitmap_index = 3100, .adv_w = 52, .box_w = 0, .box_h = 0, .ofs_x = 0, .ofs_y = 0},
    {.bitmap_index = 3100, .adv_w = 72, .box_w = 3, .box_h = 11, .ofs_x = 1, .ofs_y = -3},
    {.bitmap_index = 3115, .adv_w = 140, .box_w = 8, .box_h = 11, .ofs_x = 0, .ofs_y = -1},
    {.bitmap_index = 3157, .adv_w = 145, .box_w = 9, .box_h = 11, .ofs_x = 0, .ofs_y = 0},
    {.bitmap_index = 3201, .adv_w = 144, .box_w = 9, .box_h = 8, .ofs_x = 0, .ofs_y = 1},
    {.bitmap_index = 3237, .adv_w = 157, .box_w = 10, .box_h = 11, .ofs_x = 0, .ofs_y = 0},
    {.bitmap_index = 3289, .adv_w = 95, .box_w = 2, .box_h = 18, .ofs_x = 2, .ofs_y = -4},
    {.bitmap_index = 3302, .adv_w = 158, .box_w = 10, .box_h = 16, .ofs_x = 0, .ofs_y = -3},
    {.bitmap_index = 3384, .adv_w = 87, .box_w = 6, .box_h = 3, .ofs_x = 0, .ofs_y = 9},
    {.bitmap_index = 3394, .adv_w = 182, .box_w = 11, .box_h = 12, .ofs_x = 0, .ofs_y = -1},
    {.bitmap_index = 3457, .adv_w = 95, .box_w = 6, .box_h = 5, .ofs_x = 0, .ofs_y = 6},
    {.bitmap_index = 3473, .adv_w = 158, .box_w = 10, .box_h = 7, .ofs_x = 0, .ofs_y = 1},
    {.bitmap_index = 3509, .adv_w = 147, .box_w = 8, .box_h = 5, .ofs_x = 1, .ofs_y = 3},
    {.bitmap_index = 3523, .adv_w = 134, .box_w = 6, .box_h = 2, .ofs_x = 1, .ofs_y = 4},
    {.bitmap_index = 3528, .adv_w = 97, .box_w = 6, .box_h = 6, .ofs_x = 0, .ofs_y = 5},
    {.bitmap_index = 3547, .adv_w = 82, .box_w = 5, .box_h = 3, .ofs_x = 0, .ofs_y = 9},
    {.bitmap_index = 3553, .adv_w = 106, .box_w = 6, .box_h = 7, .ofs_x = 0, .ofs_y = 5},
    {.bitmap_index = 3573, .adv_w = 148, .box_w = 7, .box_h = 8, .ofs_x = 1, .ofs_y = 0},
    {.bitmap_index = 3598, .adv_w = 101, .box_w = 6, .box_h = 6, .ofs_x = 0, .ofs_y = 6},
    {.bitmap_index = 3617, .adv_w = 103, .box_w = 6, .box_h = 6, .ofs_x = 0, .ofs_y = 6},
    {.bitmap_index = 3636, .adv_w = 58, .box_w = 4, .box_h = 3, .ofs_x = 0, .ofs_y = 9},
    {.bitmap_index = 3642, .adv_w = 140, .box_w = 9, .box_h = 11, .ofs_x = 0, .ofs_y = -3},
    {.bitmap_index = 3671, .adv_w = 122, .box_w = 7, .box_h = 11, .ofs_x = 0, .ofs_y = 0},
    {.bitmap_index = 3694, .adv_w = 65, .box_w = 3, .box_h = 3, .ofs_x = 1, .ofs_y = 4},
    {.bitmap_index = 3699, .adv_w = 56, .box_w = 5, .box_h = 5, .ofs_x = -1, .ofs_y = -5},
    {.bitmap_index = 3712, .adv_w = 74, .box_w = 4, .box_h = 6, .ofs_x = 0, .ofs_y = 6},
    {.bitmap_index = 3721, .adv_w = 102, .box_w = 6, .box_h = 5, .ofs_x = 0, .ofs_y = 6},
    {.bitmap_index = 3737, .adv_w = 158, .box_w = 10, .box_h = 7, .ofs_x = 0, .ofs_y = 1},
    {.bitmap_index = 3772, .adv_w = 179, .box_w = 12, .box_h = 12, .ofs_x = 0, .ofs_y = -1},
    {.bitmap_index = 3837, .adv_w = 180, .box_w = 13, .box_h = 12, .ofs_x = 0, .ofs_y = -1},
    {.bitmap_index = 3901, .adv_w = 183, .box_w = 14, .box_h = 11, .ofs_x = 0, .ofs_y = -1},
    {.bitmap_index = 3972, .adv_w = 136, .box_w = 8, .box_h = 11, .ofs_x = 0, .ofs_y = -3},
    {.bitmap_index = 4012, .adv_w = 170, .box_w = 11, .box_h = 15, .ofs_x = 0, .ofs_y = 0},
    {.bitmap_index = 4077, .adv_w = 170, .box_w = 11, .box_h = 15, .ofs_x = 0, .ofs_y = 0},
    {.bitmap_index = 4143, .adv_w = 170, .box_w = 11, .box_h = 14, .ofs_x = 0, .ofs_y = 0},
    {.bitmap_index = 4207, .adv_w = 170, .box_w = 11, .box_h = 15, .ofs_x = 0, .ofs_y = 0},
    {.bitmap_index = 4273, .adv_w = 170, .box_w = 11, .box_h = 15, .ofs_x = 0, .ofs_y = 0},
    {.bitmap_index = 4343, .adv_w = 170, .box_w = 11, .box_h = 16, .ofs_x = 0, .ofs_y = 0},
    {.bitmap_index = 4414, .adv_w = 232, .box_w = 14, .box_h = 11, .ofs_x = 0, .ofs_y = 0},
    {.bitmap_index = 4475, .adv_w = 174, .box_w = 11, .box_h = 16, .ofs_x = 0, .ofs_y = -5},
    {.bitmap_index = 4550, .adv_w = 143, .box_w = 8, .box_h = 15, .ofs_x = 1, .ofs_y = 0},
    {.bitmap_index = 4589, .adv_w = 143, .box_w = 8, .box_h = 15, .ofs_x = 1, .ofs_y = 0},
    {.bitmap_index = 4628, .adv_w = 143, .box_w = 8, .box_h = 14, .ofs_x = 1, .ofs_y = 0},
    {.bitmap_index = 4666, .adv_w = 143, .box_w = 8, .box_h = 15, .ofs_x = 1, .ofs_y = 0},
    {.bitmap_index = 4709, .adv_w = 65, .box_w = 4, .box_h = 15, .ofs_x = -1, .ofs_y = 0},
    {.bitmap_index = 4723, .adv_w = 65, .box_w = 4, .box_h = 15, .ofs_x = 1, .ofs_y = 0},
    {.bitmap_index = 4736, .adv_w = 65, .box_w = 6, .box_h = 15, .ofs_x = -1, .ofs_y = 0},
    {.bitmap_index = 4754, .adv_w = 65, .box_w = 6, .box_h = 15, .ofs_x = -1, .ofs_y = 0},
    {.bitmap_index = 4772, .adv_w = 176, .box_w = 11, .box_h = 11, .ofs_x = 0, .ofs_y = 0},
    {.bitmap_index = 4825, .adv_w = 169, .box_w = 9, .box_h = 15, .ofs_x = 1, .ofs_y = 0},
    {.bitmap_index = 4874, .adv_w = 185, .box_w = 11, .box_h = 15, .ofs_x = 0, .ofs_y = 0},
    {.bitmap_index = 4946, .adv_w = 185, .box_w = 11, .box_h = 15, .ofs_x = 0, .ofs_y = 0},
    {.bitmap_index = 5017, .adv_w = 185, .box_w = 11, .box_h = 15, .ofs_x = 0, .ofs_y = 0},
    {.bitmap_index = 5090, .adv_w = 185, .box_w = 11, .box_h = 16, .ofs_x = 0, .ofs_y = 0},
    {.bitmap_index = 5167, .adv_w = 185, .box_w = 11, .box_h = 15, .ofs_x = 0, .ofs_y = 0},
    {.bitmap_index = 5242, .adv_w = 137, .box_w = 6, .box_h = 7, .ofs_x = 1, .ofs_y = 1},
    {.bitmap_index = 5264, .adv_w = 185, .box_w = 11, .box_h = 11, .ofs_x = 0, .ofs_y = 0},
    {.bitmap_index = 5325, .adv_w = 167, .box_w = 9, .box_h = 15, .ofs_x = 1, .ofs_y = 0},
    {.bitmap_index = 5363, .adv_w = 167, .box_w = 9, .box_h = 15, .ofs_x = 1, .ofs_y = 0},
    {.bitmap_index = 5402, .adv_w = 167, .box_w = 9, .box_h = 15, .ofs_x = 1, .ofs_y = 0},
    {.bitmap_index = 5443, .adv_w = 167, .box_w = 9, .box_h = 15, .ofs_x = 1, .ofs_y = 0},
    {.bitmap_index = 5486, .adv_w = 157, .box_w = 10, .box_h = 15, .ofs_x = 0, .ofs_y = 0},
    {.bitmap_index = 5538, .adv_w = 149, .box_w = 8, .box_h = 11, .ofs_x = 1, .ofs_y = 0},
    {.bitmap_index = 5573, .adv_w = 157, .box_w = 8, .box_h = 11, .ofs_x = 1, .ofs_y = 0},
    {.bitmap_index = 5614, .adv_w = 148, .box_w = 9, .box_h = 12, .ofs_x = 0, .ofs_y = 0},
    {.bitmap_index = 5662, .adv_w = 148, .box_w = 9, .box_h = 12, .ofs_x = 0, .ofs_y = 0},
    {.bitmap_index = 5710, .adv_w = 148, .box_w = 9, .box_h = 11, .ofs_x = 0, .ofs_y = 0},
    {.bitmap_index = 5757, .adv_w = 148, .box_w = 9, .box_h = 11, .ofs_x = 0, .ofs_y = 0},
    {.bitmap_index = 5804, .adv_w = 148, .box_w = 9, .box_h = 11, .ofs_x = 0, .ofs_y = 0},
    {.bitmap_index = 5852, .adv_w = 148, .box_w = 9, .box_h = 13, .ofs_x = 0, .ofs_y = 0},
    {.bitmap_index = 5906, .adv_w = 215, .box_w = 13, .box_h = 8, .ofs_x = 0, .ofs_y = 0},
    {.bitmap_index = 5959, .adv_w = 140, .box_w = 9, .box_h = 13, .ofs_x = 0, .ofs_y = -5},
    {.bitmap_index = 6013, .adv_w = 138, .box_w = 8, .box_h = 12, .ofs_x = 0, .ofs_y = 0},
    {.bitmap_index = 6057, .adv_w = 138, .box_w = 8, .box_h = 12, .ofs_x = 0, .ofs_y = 0},
    {.bitmap_index = 6101, .adv_w = 138, .box_w = 8, .box_h = 11, .ofs_x = 0, .ofs_y = 0},
    {.bitmap_index = 6144, .adv_w = 138, .box_w = 8, .box_h = 11, .ofs_x = 0, .ofs_y = 0},
    {.bitmap_index = 6188, .adv_w = 66, .box_w = 4, .box_h = 12, .ofs_x = -1, .ofs_y = 0},
    {.bitmap_index = 6202, .adv_w = 66, .box_w = 4, .box_h = 12, .ofs_x = 1, .ofs_y = 0},
    {.bitmap_index = 6215, .adv_w = 66, .box_w = 6, .box_h = 11, .ofs_x = -1, .ofs_y = 0},
    {.bitmap_index = 6231, .adv_w = 66, .box_w = 6, .box_h = 11, .ofs_x = -1, .ofs_y = 0},
    {.bitmap_index = 6246, .adv_w = 146, .box_w = 9, .box_h = 13, .ofs_x = 0, .ofs_y = 0},
    {.bitmap_index = 6302, .adv_w = 136, .box_w = 7, .box_h = 11, .ofs_x = 1, .ofs_y = 0},
    {.bitmap_index = 6330, .adv_w = 147, .box_w = 9, .box_h = 12, .ofs_x = 0, .ofs_y = 0},
    {.bitmap_index = 6378, .adv_w = 147, .box_w = 9, .box_h = 12, .ofs_x = 0, .ofs_y = 0},
    {.bitmap_index = 6425, .adv_w = 147, .box_w = 9, .box_h = 11, .ofs_x = 0, .ofs_y = 0},
    {.bitmap_index = 6471, .adv_w = 147, .box_w = 9, .box_h = 11, .ofs_x = 0, .ofs_y = 0},
    {.bitmap_index = 6518, .adv_w = 147, .box_w = 9, .box_h = 11, .ofs_x = 0, .ofs_y = 0},
    {.bitmap_index = 6566, .adv_w = 156, .box_w = 8, .box_h = 8, .ofs_x = 1, .ofs_y = 1},
    {.bitmap_index = 6595, .adv_w = 146, .box_w = 9, .box_h = 10, .ofs_x = 0, .ofs_y = -1},
    {.bitmap_index = 6639, .adv_w = 134, .box_w = 7, .box_h = 12, .ofs_x = 1, .ofs_y = 0},
    {.bitmap_index = 6668, .adv_w = 134, .box_w = 7, .box_h = 12, .ofs_x = 1, .ofs_y = 0},
    {.bitmap_index = 6698, .adv_w = 134, .box_w = 7, .box_h = 11, .ofs_x = 1, .ofs_y = 0},
    {.bitmap_index = 6726, .adv_w = 134, .box_w = 7, .box_h = 11, .ofs_x = 1, .ofs_y = 0},
    {.bitmap_index = 6754, .adv_w = 133, .box_w = 8, .box_h = 15, .ofs_x = 0, .ofs_y = -3},
    {.bitmap_index = 6809, .adv_w = 148, .box_w = 8, .box_h = 14, .ofs_x = 1, .ofs_y = -3},
    {.bitmap_index = 6849, .adv_w = 133, .box_w = 8, .box_h = 14, .ofs_x = 0, .ofs_y = -3},
    {.bitmap_index = 6904, .adv_w = 170, .box_w = 11, .box_h = 14, .ofs_x = 0, .ofs_y = 0},
    {.bitmap_index = 6966, .adv_w = 148, .box_w = 9, .box_h = 11, .ofs_x = 0, .ofs_y = 0},
    {.bitmap_index = 7010, .adv_w = 170, .box_w = 11, .box_h = 14, .ofs_x = 0, .ofs_y = 0},
    {.bitmap_index = 7074, .adv_w = 148, .box_w = 9, .box_h = 11, .ofs_x = 0, .ofs_y = 0},
    {.bitmap_index = 7121, .adv_w = 170, .box_w = 11, .box_h = 14, .ofs_x = 0, .ofs_y = -3},
    {.bitmap_index = 7186, .adv_w = 148, .box_w = 9, .box_h = 11, .ofs_x = 0, .ofs_y = -3},
    {.bitmap_index = 7232, .adv_w = 174, .box_w = 11, .box_h = 15, .ofs_x = 0, .ofs_y = 0},
    {.bitmap_index = 7301, .adv_w = 140, .box_w = 9, .box_h = 12, .ofs_x = 0, .ofs_y = 0},
    {.bitmap_index = 7347, .adv_w = 174, .box_w = 11, .box_h = 15, .ofs_x = 0, .ofs_y = 0},
    {.bitmap_index = 7416, .adv_w = 140, .box_w = 9, .box_h = 11, .ofs_x = 0, .ofs_y = 0},
    {.bitmap_index = 7460, .adv_w = 174, .box_w = 11, .box_h = 15, .ofs_x = 0, .ofs_y = 0},
    {.bitmap_index = 7532, .adv_w = 140, .box_w = 9, .box_h = 11, .ofs_x = 0, .ofs_y = 0},
    {.bitmap_index = 7579, .adv_w = 168, .box_w = 9, .box_h = 15, .ofs_x = 1, .ofs_y = 0},
    {.bitmap_index = 7637, .adv_w = 165, .box_w = 11, .box_h = 11, .ofs_x = 0, .ofs_y = 0},
    {.bitmap_index = 7683, .adv_w = 176, .box_w = 11, .box_h = 11, .ofs_x = 0, .ofs_y = 0},
    {.bitmap_index = 7736, .adv_w = 152, .box_w = 10, .box_h = 11, .ofs_x = 0, .ofs_y = 0},
    {.bitmap_index = 7783, .adv_w = 143, .box_w = 8, .box_h = 14, .ofs_x = 1, .ofs_y = 0},
    {.bitmap_index = 7819, .adv_w = 138, .box_w = 8, .box_h = 12, .ofs_x = 0, .ofs_y = 0},
    {.bitmap_index = 7863, .adv_w = 143, .box_w = 8, .box_h = 15, .ofs_x = 1, .ofs_y = 0},
    {.bitmap_index = 7902, .adv_w = 138, .box_w = 8, .box_h = 11, .ofs_x = 0, .ofs_y = 0},
    {.bitmap_index = 7943, .adv_w = 143, .box_w = 8, .box_h = 14, .ofs_x = 1, .ofs_y = -3},
    {.bitmap_index = 7979, .adv_w = 138, .box_w = 8, .box_h = 11, .ofs_x = 0, .ofs_y = -3},
    {.bitmap_index = 8022, .adv_w = 143, .box_w = 8, .box_h = 15, .ofs_x = 1, .ofs_y = 0},
    {.bitmap_index = 8063, .adv_w = 138, .box_w = 8, .box_h = 11, .ofs_x = 0, .ofs_y = 0},
    {.bitmap_index = 8106, .adv_w = 177, .box_w = 11, .box_h = 15, .ofs_x = 0, .ofs_y = 0},
    {.bitmap_index = 8183, .adv_w = 148, .box_w = 9, .box_h = 14, .ofs_x = 0, .ofs_y = -3},
    {.bitmap_index = 8241, .adv_w = 177, .box_w = 11, .box_h = 15, .ofs_x = 0, .ofs_y = 0},
    {.bitmap_index = 8314, .adv_w = 148, .box_w = 9, .box_h = 14, .ofs_x = 0, .ofs_y = -3},
    {.bitmap_index = 8370, .adv_w = 175, .box_w = 11, .box_h = 11, .ofs_x = 0, .ofs_y = 0},
    {.bitmap_index = 8406, .adv_w = 142, .box_w = 8, .box_h = 11, .ofs_x = 0, .ofs_y = 0},
    {.bitmap_index = 8437, .adv_w = 65, .box_w = 6, .box_h = 15, .ofs_x = -1, .ofs_y = 0},
    {.bitmap_index = 8454, .adv_w = 66, .box_w = 6, .box_h = 11, .ofs_x = -1, .ofs_y = 0},
    {.bitmap_index = 8469, .adv_w = 65, .box_w = 6, .box_h = 14, .ofs_x = -1, .ofs_y = 0},
    {.bitmap_index = 8481, .adv_w = 66, .box_w = 6, .box_h = 11, .ofs_x = -1, .ofs_y = 0},
    {.bitmap_index = 8493, .adv_w = 65, .box_w = 4, .box_h = 14, .ofs_x = 0, .ofs_y = -3},
    {.bitmap_index = 8504, .adv_w = 66, .box_w = 4, .box_h = 14, .ofs_x = 0, .ofs_y = -3},
    {.bitmap_index = 8520, .adv_w = 65, .box_w = 4, .box_h = 15, .ofs_x = 0, .ofs_y = 0},
    {.bitmap_index = 8533, .adv_w = 66, .box_w = 2, .box_h = 8, .ofs_x = 1, .ofs_y = 0},
    {.bitmap_index = 8538, .adv_w = 144, .box_w = 8, .box_h = 15, .ofs_x = 1, .ofs_y = 0},
    {.bitmap_index = 8560, .adv_w = 65, .box_w = 4, .box_h = 15, .ofs_x = 1, .ofs_y = 0},
    {.bitmap_index = 8573, .adv_w = 144, .box_w = 10, .box_h = 15, .ofs_x = -1, .ofs_y = 0},
    {.bitmap_index = 8602, .adv_w = 80, .box_w = 5, .box_h = 11, .ofs_x = 1, .ofs_y = 0},
    {.bitmap_index = 8616, .adv_w = 147, .box_w = 9, .box_h = 11, .ofs_x = 0, .ofs_y = 0},
    {.bitmap_index = 8645, .adv_w = 93, .box_w = 6, .box_h = 11, .ofs_x = 0, .ofs_y = 0},
    {.bitmap_index = 8664, .adv_w = 169, .box_w = 9, .box_h = 15, .ofs_x = 1, .ofs_y = 0},
    {.bitmap_index = 8713, .adv_w = 136, .box_w = 7, .box_h = 12, .ofs_x = 1, .ofs_y = 0},
    {.bitmap_index = 8743, .adv_w = 169, .box_w = 9, .box_h = 15, .ofs_x = 1, .ofs_y = 0},
    {.bitmap_index = 8794, .adv_w = 136, .box_w = 7, .box_h = 11, .ofs_x = 1, .ofs_y = 0},
    {.bitmap_index = 8822, .adv_w = 185, .box_w = 11, .box_h = 15, .ofs_x = 0, .ofs_y = 0},
    {.bitmap_index = 8892, .adv_w = 147, .box_w = 9, .box_h = 12, .ofs_x = 0, .ofs_y = 0},
    {.bitmap_index = 8939, .adv_w = 185, .box_w = 11, .box_h = 15, .ofs_x = 0, .ofs_y = 0},
    {.bitmap_index = 9013, .adv_w = 147, .box_w = 9, .box_h = 12, .ofs_x = 0, .ofs_y = 0},
    {.bitmap_index = 9064, .adv_w = 230, .box_w = 14, .box_h = 11, .ofs_x = 0, .ofs_y = 0},
    {.bitmap_index = 9125, .adv_w = 228, .box_w = 14, .box_h = 8, .ofs_x = 0, .ofs_y = 0},
    {.bitmap_index = 9180, .adv_w = 157, .box_w = 8, .box_h = 15, .ofs_x = 1, .ofs_y = 0},
    {.bitmap_index = 9232, .adv_w = 98, .box_w = 5, .box_h = 12, .ofs_x = 1, .ofs_y = 0},
    {.bitmap_index = 9255, .adv_w = 157, .box_w = 8, .box_h = 15, .ofs_x = 1, .ofs_y = 0},
    {.bitmap_index = 9310, .adv_w = 98, .box_w = 6, .box_h = 11, .ofs_x = 0, .ofs_y = 0},
    {.bitmap_index = 9333, .adv_w = 147, .box_w = 9, .box_h = 15, .ofs_x = 0, .ofs_y = 0},
    {.bitmap_index = 9395, .adv_w = 120, .box_w = 7, .box_h = 12, .ofs_x = 0, .ofs_y = 0},
    {.bitmap_index = 9435, .adv_w = 147, .box_w = 9, .box_h = 16, .ofs_x = 0, .ofs_y = -5},
    {.bitmap_index = 9504, .adv_w = 120, .box_w = 7, .box_h = 13, .ofs_x = 0, .ofs_y = -5},
    {.bitmap_index = 9550, .adv_w = 147, .box_w = 9, .box_h = 15, .ofs_x = 0, .ofs_y = 0},
    {.bitmap_index = 9615, .adv_w = 120, .box_w = 7, .box_h = 11, .ofs_x = 0, .ofs_y = 0},
    {.bitmap_index = 9655, .adv_w = 151, .box_w = 9, .box_h = 16, .ofs_x = 0, .ofs_y = -5},
    {.bitmap_index = 9688, .adv_w = 97, .box_w = 6, .box_h = 15, .ofs_x = 0, .ofs_y = -5},
    {.bitmap_index = 9726, .adv_w = 151, .box_w = 9, .box_h = 15, .ofs_x = 0, .ofs_y = 0},
    {.bitmap_index = 9757, .adv_w = 95, .box_w = 7, .box_h = 13, .ofs_x = 0, .ofs_y = 0},
    {.bitmap_index = 9792, .adv_w = 151, .box_w = 9, .box_h = 11, .ofs_x = 0, .ofs_y = 0},
    {.bitmap_index = 9828, .adv_w = 97, .box_w = 6, .box_h = 10, .ofs_x = 0, .ofs_y = 0},
    {.bitmap_index = 9856, .adv_w = 167, .box_w = 9, .box_h = 16, .ofs_x = 1, .ofs_y = 0},
    {.bitmap_index = 9899, .adv_w = 134, .box_w = 7, .box_h = 11, .ofs_x = 1, .ofs_y = 0},
    {.bitmap_index = 9928, .adv_w = 167, .box_w = 9, .box_h = 15, .ofs_x = 1, .ofs_y = 0},
    {.bitmap_index = 9965, .adv_w = 134, .box_w = 7, .box_h = 12, .ofs_x = 1, .ofs_y = 0},
    {.bitmap_index = 9993, .adv_w = 167, .box_w = 9, .box_h = 16, .ofs_x = 1, .ofs_y = 0},
    {.bitmap_index = 10037, .adv_w = 134, .box_w = 7, .box_h = 13, .ofs_x = 1, .ofs_y = 0},
    {.bitmap_index = 10072, .adv_w = 167, .box_w = 9, .box_h = 15, .ofs_x = 1, .ofs_y = 0},
    {.bitmap_index = 10114, .adv_w = 134, .box_w = 7, .box_h = 12, .ofs_x = 1, .ofs_y = 0},
    {.bitmap_index = 10146, .adv_w = 167, .box_w = 9, .box_h = 14, .ofs_x = 1, .ofs_y = -3},
    {.bitmap_index = 10183, .adv_w = 134, .box_w = 7, .box_h = 11, .ofs_x = 1, .ofs_y = -3},
    {.bitmap_index = 10210, .adv_w = 227, .box_w = 14, .box_h = 15, .ofs_x = 0, .ofs_y = 0},
    {.bitmap_index = 10307, .adv_w = 197, .box_w = 12, .box_h = 11, .ofs_x = 0, .ofs_y = 0},
    {.bitmap_index = 10369, .adv_w = 157, .box_w = 10, .box_h = 15, .ofs_x = 0, .ofs_y = 0},
    {.bitmap_index = 10424, .adv_w = 133, .box_w = 8, .box_h = 14, .ofs_x = 0, .ofs_y = -3},
    {.bitmap_index = 10477, .adv_w = 157, .box_w = 10, .box_h = 15, .ofs_x = 0, .ofs_y = 0},
    {.bitmap_index = 10533, .adv_w = 149, .box_w = 9, .box_h = 15, .ofs_x = 0, .ofs_y = 0},
    {.bitmap_index = 10587, .adv_w = 115, .box_w = 7, .box_h = 11, .ofs_x = 0, .ofs_y = 0},
    {.bitmap_index = 10625, .adv_w = 149, .box_w = 9, .box_h = 15, .ofs_x = 0, .ofs_y = 0},
    {.bitmap_index = 10678, .adv_w = 115, .box_w = 7, .box_h = 11, .ofs_x = 0, .ofs_y = 0},
    {.bitmap_index = 10716, .adv_w = 149, .box_w = 9, .box_h = 15, .ofs_x = 0, .ofs_y = 0},
    {.bitmap_index = 10772, .adv_w = 115, .box_w = 7, .box_h = 11, .ofs_x = 0, .ofs_y = 0},
    {.bitmap_index = 10811, .adv_w = 185, .box_w = 11, .box_h = 13, .ofs_x = 0, .ofs_y = 0},
    {.bitmap_index = 10876, .adv_w = 148, .box_w = 9, .box_h = 10, .ofs_x = 0, .ofs_y = 0},
    {.bitmap_index = 10916, .adv_w = 167, .box_w = 10, .box_h = 13, .ofs_x = 1, .ofs_y = 0},
    {.bitmap_index = 10953, .adv_w = 131, .box_w = 9, .box_h = 10, .ofs_x = 0, .ofs_y = 0},
    {.bitmap_index = 10982, .adv_w = 170, .box_w = 11, .box_h = 15, .ofs_x = 0, .ofs_y = -4},
    {.bitmap_index = 11049, .adv_w = 148, .box_w = 9, .box_h = 12, .ofs_x = 0, .ofs_y = -4},
    {.bitmap_index = 11099, .adv_w = 170, .box_w = 11, .box_h = 15, .ofs_x = 0, .ofs_y = 0},
    {.bitmap_index = 11165, .adv_w = 148, .box_w = 9, .box_h = 12, .ofs_x = 0, .ofs_y = 0},
    {.bitmap_index = 11214, .adv_w = 170, .box_w = 11, .box_h = 17, .ofs_x = 0, .ofs_y = 0},
    {.bitmap_index = 11290, .adv_w = 148, .box_w = 10, .box_h = 14, .ofs_x = 0, .ofs_y = 0},
    {.bitmap_index = 11350, .adv_w = 170, .box_w = 11, .box_h = 17, .ofs_x = 0, .ofs_y = 0},
    {.bitmap_index = 11425, .adv_w = 148, .box_w = 9, .box_h = 14, .ofs_x = 0, .ofs_y = 0},
    {.bitmap_index = 11482, .adv_w = 170, .box_w = 11, .box_h = 17, .ofs_x = 0, .ofs_y = 0},
    {.bitmap_index = 11559, .adv_w = 148, .box_w = 9, .box_h = 14, .ofs_x = 0, .ofs_y = 0},
    {.bitmap_index = 11617, .adv_w = 170, .box_w = 11, .box_h = 18, .ofs_x = 0, .ofs_y = 0},
    {.bitmap_index = 11695, .adv_w = 148, .box_w = 9, .box_h = 15, .ofs_x = 0, .ofs_y = 0},
    {.bitmap_index = 11755, .adv_w = 170, .box_w = 11, .box_h = 18, .ofs_x = 0, .ofs_y = -4},
    {.bitmap_index = 11834, .adv_w = 148, .box_w = 9, .box_h = 15, .ofs_x = 0, .ofs_y = -4},
    {.bitmap_index = 11895, .adv_w = 170, .box_w = 11, .box_h = 18, .ofs_x = 0, .ofs_y = 0},
    {.bitmap_index = 11974, .adv_w = 148, .box_w = 9, .box_h = 14, .ofs_x = 0, .ofs_y = 0},
    {.bitmap_index = 12030, .adv_w = 170, .box_w = 11, .box_h = 18, .ofs_x = 0, .ofs_y = 0},
    {.bitmap_index = 12108, .adv_w = 148, .box_w = 9, .box_h = 14, .ofs_x = 0, .ofs_y = 0},
    {.bitmap_index = 12165, .adv_w = 170, .box_w = 11, .box_h = 18, .ofs_x = 0, .ofs_y = 0},
    {.bitmap_index = 12245, .adv_w = 148, .box_w = 9, .box_h = 15, .ofs_x = 0, .ofs_y = 0},
    {.bitmap_index = 12306, .adv_w = 170, .box_w = 11, .box_h = 18, .ofs_x = 0, .ofs_y = 0},
    {.bitmap_index = 12385, .adv_w = 148, .box_w = 9, .box_h = 15, .ofs_x = 0, .ofs_y = 0},
    {.bitmap_index = 12445, .adv_w = 170, .box_w = 11, .box_h = 18, .ofs_x = 0, .ofs_y = -4},
    {.bitmap_index = 12525, .adv_w = 148, .box_w = 9, .box_h = 15, .ofs_x = 0, .ofs_y = -4},
    {.bitmap_index = 12587, .adv_w = 143, .box_w = 8, .box_h = 15, .ofs_x = 1, .ofs_y = -4},
    {.bitmap_index = 12626, .adv_w = 138, .box_w = 8, .box_h = 12, .ofs_x = 0, .ofs_y = -4},
    {.bitmap_index = 12672, .adv_w = 143, .box_w = 8, .box_h = 15, .ofs_x = 1, .ofs_y = 0},
    {.bitmap_index = 12714, .adv_w = 138, .box_w = 8, .box_h = 12, .ofs_x = 0, .ofs_y = 0},
    {.bitmap_index = 12760, .adv_w = 143, .box_w = 8, .box_h = 15, .ofs_x = 1, .ofs_y = 0},
    {.bitmap_index = 12801, .adv_w = 138, .box_w = 8, .box_h = 11, .ofs_x = 0, .ofs_y = 0},
    {.bitmap_index = 12845, .adv_w = 143, .box_w = 9, .box_h = 17, .ofs_x = 1, .ofs_y = 0},
    {.bitmap_index = 12897, .adv_w = 138, .box_w = 10, .box_h = 14, .ofs_x = 0, .ofs_y = 0},
    {.bitmap_index = 12957, .adv_w = 143, .box_w = 8, .box_h = 17, .ofs_x = 1, .ofs_y = 0},
    {.bitmap_index = 13006, .adv_w = 138, .box_w = 8, .box_h = 14, .ofs_x = 0, .ofs_y = 0},
    {.bitmap_index = 13059, .adv_w = 143, .box_w = 8, .box_h = 17, .ofs_x = 1, .ofs_y = 0},
    {.bitmap_index = 13109, .adv_w = 138, .box_w = 9, .box_h = 14, .ofs_x = 0, .ofs_y = 0},
    {.bitmap_index = 13168, .adv_w = 143, .box_w = 8, .box_h = 18, .ofs_x = 1, .ofs_y = 0},
    {.bitmap_index = 13219, .adv_w = 138, .box_w = 8, .box_h = 15, .ofs_x = 0, .ofs_y = 0},
    {.bitmap_index = 13275, .adv_w = 143, .box_w = 8, .box_h = 18, .ofs_x = 1, .ofs_y = -4},
    {.bitmap_index = 13326, .adv_w = 138, .box_w = 8, .box_h = 15, .ofs_x = 0, .ofs_y = -4},
    {.bitmap_index = 13383, .adv_w = 65, .box_w = 4, .box_h = 15, .ofs_x = 0, .ofs_y = 0},
    {.bitmap_index = 13396, .adv_w = 66, .box_w = 4, .box_h = 12, .ofs_x = 0, .ofs_y = 0},
    {.bitmap_index = 13409, .adv_w = 65, .box_w = 3, .box_h = 15, .ofs_x = 1, .ofs_y = -4},
    {.bitmap_index = 13420, .adv_w = 66, .box_w = 4, .box_h = 15, .ofs_x = 0, .ofs_y = -4},
    {.bitmap_index = 13439, .adv_w = 185, .box_w = 11, .box_h = 15, .ofs_x = 0, .ofs_y = -4},
    {.bitmap_index = 13512, .adv_w = 147, .box_w = 9, .box_h = 12, .ofs_x = 0, .ofs_y = -4},
    {.bitmap_index = 13561, .adv_w = 185, .box_w = 11, .box_h = 16, .ofs_x = 0, .ofs_y = 0},
    {.bitmap_index = 13637, .adv_w = 147, .box_w = 9, .box_h = 12, .ofs_x = 0, .ofs_y = 0},
    {.bitmap_index = 13685, .adv_w = 185, .box_w = 11, .box_h = 17, .ofs_x = 0, .ofs_y = 0},
    {.bitmap_index = 13768, .adv_w = 147, .box_w = 10, .box_h = 14, .ofs_x = 0, .ofs_y = 0},
    {.bitmap_index = 13828, .adv_w = 185, .box_w = 11, .box_h = 17, .ofs_x = 0, .ofs_y = 0},
    {.bitmap_index = 13911, .adv_w = 147, .box_w = 9, .box_h = 14, .ofs_x = 0, .ofs_y = 0},
    {.bitmap_index = 13967, .adv_w = 185, .box_w = 11, .box_h = 18, .ofs_x = 0, .ofs_y = 0},
    {.bitmap_index = 14053, .adv_w = 147, .box_w = 9, .box_h = 14, .ofs_x = 0, .ofs_y = 0},
    {.bitmap_index = 14111, .adv_w = 185, .box_w = 11, .box_h = 18, .ofs_x = 0, .ofs_y = 0},
    {.bitmap_index = 14196, .adv_w = 147, .box_w = 9, .box_h = 15, .ofs_x = 0, .ofs_y = 0},
    {.bitmap_index = 14255, .adv_w = 185, .box_w = 11, .box_h = 19, .ofs_x = 0, .ofs_y = -4},
    {.bitmap_index = 14344, .adv_w = 147, .box_w = 9, .box_h = 15, .ofs_x = 0, .ofs_y = -4},
    {.bitmap_index = 14404, .adv_w = 185, .box_w = 11, .box_h = 15, .ofs_x = 0, .ofs_y = 0},
    {.bitmap_index = 14478, .adv_w = 147, .box_w = 9, .box_h = 12, .ofs_x = 0, .ofs_y = 0},
    {.bitmap_index = 14528, .adv_w = 185, .box_w = 11, .box_h = 15, .ofs_x = 0, .ofs_y = 0},
    {.bitmap_index = 14602, .adv_w = 147, .box_w = 9, .box_h = 12, .ofs_x = 0, .ofs_y = 0},
    {.bitmap_index = 14653, .adv_w = 185, .box_w = 11, .box_h = 16, .ofs_x = 0, .ofs_y = 0},
    {.bitmap_index = 14732, .adv_w = 147, .box_w = 9, .box_h = 12, .ofs_x = 0, .ofs_y = 0},
    {.bitmap_index = 14782, .adv_w = 185, .box_w = 11, .box_h = 16, .ofs_x = 0, .ofs_y = 0},
    {.bitmap_index = 14862, .adv_w = 146, .box_w = 9, .box_h = 11, .ofs_x = 0, .ofs_y = 0},
    {.bitmap_index = 14911, .adv_w = 185, .box_w = 11, .box_h = 17, .ofs_x = 0, .ofs_y = -4},
    {.bitmap_index = 14992, .adv_w = 147, .box_w = 9, .box_h = 14, .ofs_x = 0, .ofs_y = -4},
    {.bitmap_index = 15046, .adv_w = 167, .box_w = 9, .box_h = 15, .ofs_x = 1, .ofs_y = -4},
    {.bitmap_index = 15085, .adv_w = 134, .box_w = 7, .box_h = 12, .ofs_x = 1, .ofs_y = -4},
    {.bitmap_index = 15116, .adv_w = 167, .box_w = 9, .box_h = 16, .ofs_x = 1, .ofs_y = 0},
    {.bitmap_index = 15159, .adv_w = 134, .box_w = 7, .box_h = 12, .ofs_x = 1, .ofs_y = 0},
    {.bitmap_index = 15190, .adv_w = 167, .box_w = 10, .box_h = 15, .ofs_x = 1, .ofs_y = 0},
    {.bitmap_index = 15237, .adv_w = 134, .box_w = 8, .box_h = 12, .ofs_x = 1, .ofs_y = 0},
    {.bitmap_index = 15273, .adv_w = 167, .box_w = 10, .box_h = 15, .ofs_x = 1, .ofs_y = 0},
    {.bitmap_index = 15320, .adv_w = 134, .box_w = 8, .box_h = 12, .ofs_x = 1, .ofs_y = 0},
    {.bitmap_index = 15356, .adv_w = 167, .box_w = 10, .box_h = 16, .ofs_x = 1, .ofs_y = 0},
    {.bitmap_index = 15407, .adv_w = 134, .box_w = 8, .box_h = 12, .ofs_x = 1, .ofs_y = 0},
    {.bitmap_index = 15444, .adv_w = 167, .box_w = 10, .box_h = 16, .ofs_x = 1, .ofs_y = 0},
    {.bitmap_index = 15496, .adv_w = 134, .box_w = 8, .box_h = 11, .ofs_x = 1, .ofs_y = 0},
    {.bitmap_index = 15530, .adv_w = 167, .box_w = 10, .box_h = 17, .ofs_x = 1, .ofs_y = -4},
    {.bitmap_index = 15581, .adv_w = 134, .box_w = 8, .box_h = 14, .ofs_x = 1, .ofs_y = -4},
    {.bitmap_index = 15621, .adv_w = 157, .box_w = 10, .box_h = 15, .ofs_x = 0, .ofs_y = 0},
    {.bitmap_index = 15673, .adv_w = 133, .box_w = 8, .box_h = 15, .ofs_x = 0, .ofs_y = -3},
    {.bitmap_index = 15728, .adv_w = 157, .box_w = 10, .box_h = 15, .ofs_x = 0, .ofs_y = -4},
    {.bitmap_index = 15778, .adv_w = 133, .box_w = 8, .box_h = 12, .ofs_x = 0, .ofs_y = -4},
    {.bitmap_index = 15825, .adv_w = 157, .box_w = 10, .box_h = 15, .ofs_x = 0, .ofs_y = 0},
    {.bitmap_index = 15879, .adv_w = 133, .box_w = 8, .box_h = 15, .ofs_x = 0, .ofs_y = -3},
    {.bitmap_index = 15936, .adv_w = 157, .box_w = 10, .box_h = 15, .ofs_x = 0, .ofs_y = 0},
    {.bitmap_index = 15991, .adv_w = 133, .box_w = 8, .box_h = 14, .ofs_x = 0, .ofs_y = -3},
    {.bitmap_index = 16046, .adv_w = 156, .box_w = 8, .box_h = 2, .ofs_x = 1, .ofs_y = 4},
    {.bitmap_index = 16052, .adv_w = 194, .box_w = 10, .box_h = 2, .ofs_x = 1, .ofs_y = 4},
    {.bitmap_index = 16058, .adv_w = 60, .box_w = 3, .box_h = 5, .ofs_x = 0, .ofs_y = 6},
    {.bitmap_index = 16066, .adv_w = 51, .box_w = 3, .box_h = 5, .ofs_x = 0, .ofs_y = 6},
    {.bitmap_index = 16074, .adv_w = 67, .box_w = 3, .box_h = 5, .ofs_x = 1, .ofs_y = -2},
    {.bitmap_index = 16082, .adv_w = 94, .box_w = 7, .box_h = 5, .ofs_x = -1, .ofs_y = 6},
    {.bitmap_index = 16101, .adv_w = 99, .box_w = 6, .box_h = 5, .ofs_x = 0, .ofs_y = 6},
    {.bitmap_index = 16117, .adv_w = 120, .box_w = 6, .box_h = 5, .ofs_x = 1, .ofs_y = -2},
    {.bitmap_index = 16133, .adv_w = 159, .box_w = 8, .box_h = 9, .ofs_x = 1, .ofs_y = 3},
    {.bitmap_index = 16160, .adv_w = 159, .box_w = 8, .box_h = 9, .ofs_x = 1, .ofs_y = 3},
    {.bitmap_index = 16196, .adv_w = 126, .box_w = 6, .box_h = 5, .ofs_x = 1, .ofs_y = 3},
    {.bitmap_index = 16211, .adv_w = 183, .box_w = 10, .box_h = 3, .ofs_x = 1, .ofs_y = 0},
    {.bitmap_index = 16227, .adv_w = 139, .box_w = 8, .box_h = 11, .ofs_x = 0, .ofs_y = 0}
};

/*---------------------
 *  CHARACTER MAPPING
 *--------------------*/

static const uint8_t glyph_id_ofs_list_2[] = {
    0, 1, 2, 3, 4, 5, 6, 7,
    8, 9, 0, 0, 10, 11, 12, 13,
    14, 15, 0, 0, 16, 17, 18, 19,
    0, 0, 0, 0, 20, 21, 22, 23,
    24, 25, 0, 0, 26, 27, 28, 29,
    0, 0, 0, 0, 0, 0, 0, 30,
    31, 0, 0, 32, 33, 0, 0, 34,
    35, 36, 37, 0, 0, 38, 39, 0,
    0, 0, 40, 41, 0, 0, 42, 43,
    44, 45, 46, 47, 0, 0, 48, 49,
    50, 51, 0, 0, 52, 53, 54, 55,
    56, 57, 58, 59, 60, 61, 62, 63,
    64, 65
};

static const uint16_t unicode_list_4[] = {
    0x0, 0x1, 0xf, 0x10
};

static const uint16_t unicode_list_6[] = {
    0x0, 0x1, 0x5, 0x6, 0x7, 0x9, 0xa, 0xb,
    0xd, 0xe, 0xf, 0x13, 0x98
};

/*Collect the unicode lists and glyph_id offsets*/
static const lv_font_fmt_txt_cmap_t cmaps[] =
{
    {
        .range_start = 32, .range_length = 95, .glyph_id_start = 1,
        .unicode_list = NULL, .glyph_id_ofs_list = NULL, .list_length = 0, .type = LV_FONT_FMT_TXT_CMAP_FORMAT0_TINY
    },
    {
        .range_start = 160, .range_length = 104, .glyph_id_start = 96,
        .unicode_list = NULL, .glyph_id_ofs_list = NULL, .list_length = 0, .type = LV_FONT_FMT_TXT_CMAP_FORMAT0_TINY
    },
    {
        .range_start = 266, .range_length = 98, .glyph_id_start = 200,
        .unicode_list = NULL, .glyph_id_ofs_list = glyph_id_ofs_list_2, .list_length = 98, .type = LV_FONT_FMT_TXT_CMAP_FORMAT0_FULL
    },
    {
        .range_start = 366, .range_length = 17, .glyph_id_start = 266,
        .unicode_list = NULL, .glyph_id_ofs_list = NULL, .list_length = 0, .type = LV_FONT_FMT_TXT_CMAP_FORMAT0_TINY
    },
    {
        .range_start = 416, .range_length = 17, .glyph_id_start = 283,
        .unicode_list = unicode_list_4, .glyph_id_ofs_list = NULL, .list_length = 4, .type = LV_FONT_FMT_TXT_CMAP_SPARSE_TINY
    },
    {
        .range_start = 7840, .range_length = 90, .glyph_id_start = 287,
        .unicode_list = NULL, .glyph_id_ofs_list = NULL, .list_length = 0, .type = LV_FONT_FMT_TXT_CMAP_FORMAT0_TINY
    },
    {
        .range_start = 8211, .range_length = 153, .glyph_id_start = 377,
        .unicode_list = unicode_list_6, .glyph_id_ofs_list = NULL, .list_length = 13, .type = LV_FONT_FMT_TXT_CMAP_SPARSE_TINY
    }
};

/*-----------------
 *    KERNING
 *----------------*/


/*Map glyph_ids to kern left classes*/
static const uint8_t kern_left_class_mapping[] =
{
    0, 0, 0, 1, 2, 3, 4, 0,
    1, 0, 4, 0, 0, 5, 0, 5,
    6, 7, 0, 8, 9, 10, 11, 12,
    13, 14, 15, 0, 0, 0, 0, 16,
    0, 0, 17, 9, 18, 4, 19, 20,
    0, 21, 21, 22, 23, 24, 21, 21,
    4, 25, 0, 26, 3, 27, 22, 28,
    28, 29, 30, 31, 0, 32, 0, 0,
    0, 0, 33, 34, 35, 21, 34, 36,
    37, 38, 39, 40, 41, 21, 38, 38,
    34, 34, 42, 43, 44, 45, 46, 47,
    47, 48, 49, 50, 0, 0, 0, 0,
    0, 0, 0, 3, 0, 30, 0, 3,
    0, 0, 0, 0, 0, 0, 0, 0,
    0, 0, 0, 0, 0, 51, 0, 0,
    0, 0, 0, 0, 0, 0, 0, 0,
    17, 17, 17, 17, 17, 17, 19, 4,
    19, 19, 19, 19, 21, 21, 21, 21,
    4, 21, 4, 4, 4, 4, 4, 0,
    4, 22, 22, 22, 22, 30, 0, 9,
    33, 33, 33, 33, 33, 33, 34, 52,
    34, 34, 34, 34, 39, 39, 39, 39,
    53, 38, 34, 34, 34, 34, 34, 0,
    0, 46, 46, 46, 46, 49, 34, 49,
    17, 33, 17, 33, 17, 33, 4, 52,
    4, 52, 4, 52, 4, 0, 4, 53,
    19, 34, 19, 34, 19, 34, 19, 34,
    0, 37, 0, 37, 0, 38, 21, 39,
    21, 39, 21, 39, 21, 39, 24, 21,
    24, 0, 24, 0, 21, 38, 21, 38,
    4, 0, 4, 0, 19, 34, 26, 43,
    26, 43, 3, 44, 3, 44, 3, 44,
    27, 51, 27, 51, 27, 51, 22, 46,
    22, 46, 22, 46, 22, 46, 22, 46,
    28, 47, 30, 49, 30, 31, 50, 31,
    50, 31, 50, 4, 54, 55, 56, 17,
    33, 17, 33, 17, 33, 17, 33, 17,
    33, 17, 33, 17, 33, 17, 33, 17,
    33, 17, 33, 17, 33, 17, 33, 19,
    34, 19, 34, 19, 34, 19, 34, 19,
    34, 19, 34, 19, 34, 19, 34, 21,
    39, 21, 39, 4, 34, 4, 34, 4,
    34, 4, 34, 4, 34, 4, 34, 4,
    34, 4, 54, 4, 54, 4, 54, 4,
    54, 4, 54, 22, 46, 22, 46, 55,
    56, 55, 56, 55, 56, 55, 56, 55,
    56, 30, 49, 30, 49, 30, 49, 30,
    49, 0, 0, 0, 57, 0, 0, 0,
    0, 0, 0, 0, 0, 0
};

/*Map glyph_ids to kern right classes*/
static const uint8_t kern_right_class_mapping[] =
{
    0, 0, 1, 2, 3, 4, 5, 0,
    6, 5, 7, 8, 0, 9, 0, 9,
    10, 11, 12, 13, 14, 15, 16, 17,
    18, 19, 20, 0, 0, 0, 0, 21,
    22, 0, 23, 24, 5, 25, 24, 24,
    5, 24, 24, 26, 24, 24, 24, 24,
    5, 24, 5, 24, 4, 27, 28, 29,
    29, 30, 31, 32, 0, 33, 0, 0,
    0, 0, 17, 24, 17, 17, 17, 34,
    17, 24, 35, 36, 24, 24, 37, 37,
    17, 37, 17, 38, 39, 40, 41, 42,
    42, 43, 44, 45, 0, 0, 46, 0,
    0, 0, 0, 4, 0, 31, 0, 4,
    0, 0, 0, 0, 0, 0, 0, 0,
    0, 0, 0, 0, 0, 41, 0, 0,
    0, 0, 0, 0, 0, 0, 0, 0,
    23, 23, 23, 23, 23, 23, 23, 5,
    24, 24, 24, 24, 24, 24, 24, 24,
    0, 24, 5, 5, 5, 5, 5, 0,
    5, 28, 28, 28, 28, 31, 24, 24,
    17, 17, 17, 17, 17, 17, 47, 17,
    17, 17, 17, 17, 48, 35, 35, 35,
    17, 35, 17, 17, 17, 17, 17, 0,
    0, 41, 41, 41, 41, 44, 24, 44,
    23, 17, 23, 17, 23, 17, 5, 17,
    5, 17, 5, 17, 25, 17, 0, 17,
    24, 17, 24, 17, 24, 17, 24, 17,
    5, 17, 5, 17, 0, 0, 24, 49,
    24, 35, 24, 35, 24, 35, 24, 24,
    24, 24, 0, 0, 24, 35, 24, 35,
    5, 0, 5, 0, 5, 17, 24, 38,
    24, 38, 4, 39, 4, 39, 4, 39,
    27, 40, 27, 40, 27, 40, 28, 41,
    28, 41, 28, 41, 28, 41, 28, 41,
    29, 42, 31, 44, 31, 50, 45, 50,
    45, 50, 45, 5, 17, 28, 41, 23,
    17, 23, 17, 23, 17, 23, 17, 23,
    17, 23, 17, 23, 17, 23, 17, 23,
    17, 23, 17, 23, 17, 23, 17, 24,
    17, 24, 17, 24, 17, 24, 17, 24,
    17, 24, 17, 24, 17, 24, 17, 24,
    35, 24, 35, 5, 17, 5, 17, 5,
    17, 5, 17, 5, 17, 5, 17, 5,
    17, 5, 17, 5, 17, 5, 17, 5,
    17, 5, 17, 28, 41, 28, 41, 28,
    41, 28, 41, 28, 41, 28, 41, 28,
    41, 31, 44, 31, 44, 31, 44, 31,
    44, 0, 0, 0, 0, 0, 0, 0,
    0, 0, 0, 0, 0, 0
};

/*Kern values between classes*/
static const int8_t kern_class_values[] =
{
    0, 0, 0, 0, 0, 0, 0, 0,
    0, 0, 0, 0, 0, 0, 0, 0,
    0, 7, 0, 0, 0, 0, -9, 0,
    0, 0, 0, 0, 0, 0, 9, 0,
    0, 0, 0, 0, 0, 0, 0, 0,
    0, 0, 0, 0, 0, 0, 0, 0,
    0, 0, 0, 0, 0, 0, 0, 0,
    0, 0, 0, 0, 0, 0, 0, 0,
    0, 0, 0, 0, 0, 0, 0, 0,
    -13, 0, 0, 0, 0, 0, 0, 0,
    0, 0, 0, 0, 0, 0, 0, 0,
    0, 0, 0, 0, 0, 0, 0, 0,
    0, 0, 0, 0, 0, 0, 0, 2,
    3, 0, 0, 0, 0, 0, 3, 0,
    0, 0, 0, 0, 0, 2, 2, 0,
    0, 0, -5, 0, 1, 0, -4, 0,
    -3, 0, -6, 0, 0, 0, 0, 0,
    0, 0, 0, 0, 0, 0, -1, -1,
    0, 0, 0, 0, 0, 0, 0, 0,
    0, 0, 0, 0, 0, 0, 0, 0,
    0, 0, 0, 0, 0, 0, 0, -1,
    0, 0, 0, 0, -9, 0, 0, -11,
    -12, 0, -4, -9, -10, 0, 0, 0,
    0, -9, 0, 0, 0, 0, 0, 0,
    0, 0, 0, 0, 0, 0, 0, 0,
    0, 0, 0, 0, 0, 0, 0, 0,
    -6, 0, 0, 0, 0, 0, 0, 0,
    0, 0, 0, 0, 6, 0, 0, 0,
    0, 0, -23, 0, 0, 0, 0, 0,
    0, 0, 0, 0, 0, 0, 0, 0,
    0, 0, 0, 0, 0, 0, 0, 0,
    0, 0, 0, 0, 0, 0, 0, 0,
    0, 0, 0, -31, 0, 0, -7, -7,
    -8, 0, -8, 15, -5, 0, 0, 0,
    0, 0, 0, 0, 9, 0, 11, 0,
    12, 0, 0, 0, 0, 0, 0, 0,
    0, 0, 0, 0, 0, 0, 0, 0,
    0, 0, 0, 0, 0, 0, 0, 0,
    0, 0, 0, 0, 0, 0, 0, 0,
    0, 0, 0, 0, 0, -1, 0, 0,
    0, 0, -9, 0, 0, -11, -11, 0,
    -4, -9, -10, 0, 0, 0, 0, -9,
    0, 0, 0, 0, 0, 0, 0, 0,
    0, 0, 0, 0, 0, 0, 0, 0,
    0, 0, 0, 0, 0, 0, 0, 0,
    0, 0, 0, 0, -4, 0, 0, 0,
    0, 0, 0, 0, 0, 0, 0, 0,
    0, 0, 0, 0, 0, 0, 0, 0,
    0, 0, 0, 0, 0, 0, 0, 0,
    0, 0, 0, 0, 0, 0, 0, 0,
    0, 0, 0, 0, -3, 0, 0, 0,
    0, -5, -3, 0, 0, 0, 0, 0,
    0, 0, 0, 0, 0, 0, -1, 0,
    0, 0, -7, 0, -8, -6, -11, 0,
    0, 0, 0, -10, 0, 0, 0, 0,
    0, 0, -4, -3, 0, 0, 0, 0,
    0, 0, 0, 0, 0, 0, 0, 0,
    0, 0, 0, 0, 0, 0, -3, 0,
    0, 0, 0, -8, 3, 0, 0, 0,
    -3, 4, 0, 0, -15, 0, -12, -11,
    -12, 0, 0, 0, 0, 0, 0, 0,
    0, 0, 0, 0, 0, 0, 0, 0,
    0, 0, 0, 0, 0, 0, 0, 0,
    0, 0, 0, 0, 0, 0, 0, 0,
    0, 0, 0, 0, 0, 0, 0, -3,
    0, 0, 0, 0, 0, 0, 0, 0,
    0, 0, 0, 0, 0, 0, 0, 0,
    0, 0, 0, 0, 0, 0, 0, 0,
    0, 0, 0, 0, 0, 0, 0, 0,
    0, 0, 0, 0, 0, 0, 0, 0,
    0, 0, 0, 0, 0, 0, 0, -4,
    0, -4, 0, 0, 0, 0, 0, 0,
    0, 0, 0, 0, 0, 0, 0, 0,
    0, 0, 0, 0, 0, 0, 0, 0,
    0, 0, 0, 0, 0, 0, 0, 0,
    0, 0, 0, 0, -7, 0, 0, 0,
    0, -11, -7, 3, -3, -4, -17, 0,
    -13, 5, 0, 3, 0, 0, -15, 0,
    5, -22, 4, 0, 0, 0, 6, 0,
    0, 0, -7, 0, 0, -11, -11, 0,
    -11, -7, -7, -11, -7, 0, -13, -7,
    -7, 0, 0, 0, 0, 0, 0, 0,
    0, 0, 0, 0, 0, 0, 0, 0,
    0, 0, 0, 0, 0, 0, 0, 0,
    0, 0, 0, 0, 0, 0, 0, 0,
    0, 0, 0, 0, 0, 0, 0, 0,
    0, 0, 0, 0, 0, 0, 0, 0,
    0, 0, 0, 0, 0, 0, 0, 0,
    0, 0, 0, 0, 0, 0, 0, 0,
    0, 0, 0, 0, 0, 4, 0, 0,
    0, 0, -7, 0, 4, 0, 0, 0,
    0, 0, 0, 0, 0, 0, 0, 0,
    0, 2, 0, 4, 0, 0, 0, 0,
    0, 0, 0, 0, 0, 0, 0, 0,
    0, 0, 0, 0, 0, 0, -9, 0,
    0, 0, 0, 0, 0, 0, 0, 0,
    0, 0, 0, 0, 0, 0, 0, -18,
    0, 0, 0, 0, 0, 0, 0, 0,
    0, 0, 0, 0, 0, 0, 0, 0,
    0, 0, 0, 0, 0, 0, 0, 0,
    0, -9, -3, -5, -8, -9, 0, 0,
    0, 0, -8, 0, 0, 0, 0, 0,
    -4, 0, 0, -2, 0, 0, 0, 0,
    0, 0, -22, 0, -19, 0, -21, 0,
    0, -10, 0, 0, 0, 0, 0, -1,
    -4, -13, 0, -13, 0, 0, -1, 0,
    0, 0, 0, 0, 0, 0, 0, 0,
    0, 0, 0, 0, 0, 0, 0, 0,
    0, 0, 0, -1, 0, 0, 0, 0,
    -9, 0, 0, -11, -12, 0, 1, -9,
    -10, 0, 0, 0, 0, -9, 0, 0,
    0, 0, 0, 0, 0, 0, 0, 0,
    0, 0, 0, 0, 0, 0, 0, -1,
    -2, 0, 0, 0, 0, 0, -2, 0,
    0, 0, 0, 0, -2, 0, 0, 0,
    0, 0, 0, 0, 0, 0, 0, 0,
    0, 0, 0, 0, 0, 0, 0, 0,
    0, 0, 0, 0, 0, 0, 0, 0,
    0, 0, 0, 0, 0, 0, 0, 0,
    0, 0, -6, 0, 0, 0, 0, 0,
    -6, 0, -8, 0, -13, 0, -12, 0,
    0, 0, 0, 0, -19, 0, 0, -26,
    0, 0, 0, 0, 4, 0, 0, 0,
    0, 0, 0, -10, 0, 0, 0, 0,
    0, 0, -11, 0, -11, 0, 0, 0,
    0, 0, 0, 0, 0, 0, 0, 0,
    0, 0, 0, 0, 1, 5, 5, 0,
    -1, 0, 3, 4, 0, 0, 0, 0,
    0, 0, 0, 0, 0, 0, 0, 0,
    0, 0, 0, -3, 0, 0, 0, 0,
    0, 0, 0, 0, 0, 0, 0, 0,
    0, 0, 0, 0, 0, 0, 0, 0,
    0, 0, 0, 0, 0, 0, 0, 0,
    0, 0, 0, 0, 0, 0, 0, 0,
    -5, 0, 1, 0, 0, 0, 3, 0,
    4, 0, 0, 0, 0, 0, 0, 0,
    0, 0, 0, 0, 0, 0, 0, 0,
    0, 0, 0, 0, 0, 0, 0, -8,
    -13, 0, 0, 0, 0, 0, -13, 0,
    0, 0, -13, 0, -10, 0, 0, 0,
    0, 0, 0, 0, 0, 0, 0, 0,
    0, 0, 0, 0, 0, 0, 0, 0,
    0, 0, 0, -10, -11, -9, 0, -15,
    0, 0, -6, 0, 0, 0, 0, 0,
    0, 0, -12, 0, 0, 0, 0, 0,
    -12, 0, 0, 0, -14, 0, -7, 0,
    0, 0, 0, 0, 0, 0, 0, 0,
    -36, 0, -25, 0, -34, 0, 0, 0,
    0, 0, 0, 0, 0, 0, -4, -17,
    0, -12, 0, 0, 0, 0, 0, 0,
    0, 0, 0, 0, 0, 0, 0, 0,
    0, 0, 0, 0, 0, 0, 0, 0,
    -5, 0, 0, 0, 0, 0, -17, 0,
    0, -21, -5, 0, 0, 0, 0, 0,
    0, 0, 0, -1, 0, 0, 0, 0,
    0, 0, 0, 0, 0, 0, -3, 0,
    0, 0, 0, 0, 0, -3, -6, 0,
    0, 0, 0, 0, -6, 0, 0, 0,
    -10, 0, -11, -6, 0, 0, 0, 0,
    0, 0, 0, 0, -8, -6, -8, 0,
    -9, 0, 0, 0, 0, 0, 0, 0,
    0, 0, -12, -4, 0, -4, 0, 0,
    0, 0, 0, 0, 0, 0, 0, -5,
    -12, 0, 0, 0, -23, -14, -11, 0,
    0, 0, -22, 0, -22, 4, 0, 0,
    0, 0, -21, 0, -1, -29, 0, 0,
    0, 0, 1, 0, 0, 0, 0, 0,
    -13, -13, -5, 0, -18, -24, -21, -17,
    -21, 0, -18, 0, 4, 0, 0, 0,
    0, 0, -4, 0, 0, 0, 0, -28,
    -4, 0, 0, 0, -15, 0, -12, 0,
    0, 0, 0, 0, -18, 0, 3, -25,
    0, 0, 4, 0, 4, 0, 0, 0,
    0, 0, -7, 0, -13, 0, -9, 0,
    0, -4, 0, 0, -14, 9, 0, 0,
    0, 0, 0, 0, -9, 0, 0, 0,
    0, 0, -9, 0, 0, 0, -11, 0,
    -9, 0, 0, 0, 0, 0, 0, 0,
    0, 0, 0, 0, 0, 0, 0, 0,
    0, 0, 0, 0, 0, 0, 0, 0,
    -8, 0, 0, -8, 0, 0, 0, 0,
    0, 0, 0, 0, 0, -6, -7, 0,
    0, 0, 0, -23, -7, 0, 0, 0,
    -25, 0, -23, 0, 0, -9, 0, 0,
    -21, 0, -2, -27, 1, 0, 4, 0,
    0, 0, 0, 0, -2, -1, -16, 0,
    0, 0, -21, -12, 0, 0, 0, 0,
    -19, -2, -2, 0, 0, 0, 0, 0,
    0, 0, 0, 0, 0, 0, 0, 0,
    0, 0, 0, 0, 0, 0, 0, 0,
    0, 0, 0, 0, 0, 0, 0, 0,
    0, 0, 0, 0, 0, 0, 0, 0,
    0, 0, 0, 0, -4, 0, 0, 0,
    0, 0, 0, 0, 0, 0, 0, 0,
    0, 0, 0, 0, 0, 0, 0, 0,
    0, 0, 0, 0, 0, 0, 0, 0,
    0, 0, 0, 0, 0, 0, 0, 0,
    0, 0, 0, 0, 0, 0, -31, 0,
    0, 0, 0, 0, 0, 0, 0, 0,
    0, 0, 0, 0, 0, 0, 0, 0,
    0, 0, 0, 0, 0, 0, 0, 0,
    0, 0, 0, 0, 0, 0, 0, 0,
    1, 0, 0, 0, 0, 0, 0, 0,
    0, 0, -11, 0, -7, 0, -10, 0,
    0, -2, 0, 2, 0, 0, 0, -3,
    1, -4, 0, -3, 0, 0, 0, 0,
    0, 0, 0, 0, 0, 0, 0, 0,
    0, 0, 0, 0, 0, 0, 0, 0,
    0, 0, -1, -4, 0, 0, 0, 0,
    -3, -1, 0, 0, -20, 0, -11, -9,
    -21, 0, 0, -2, 0, -3, -1, 0,
    0, -2, 0, -5, -7, -7, 0, 0,
    -1, 0, 0, 0, 0, 0, 0, 0,
    0, 0, 0, 0, 0, 0, 0, 0,
    0, 0, 0, 0, -1, 0, 0, 0,
    0, 0, 0, 0, 0, 0, -20, 0,
    0, 0, -20, 0, 0, 0, 0, -12,
    0, 0, 0, 0, 0, -5, 0, -6,
    0, 0, -4, 0, 0, 0, 0, 0,
    0, 0, 0, 0, 0, 0, 0, 0,
    0, 0, 0, 0, 0, 0, -5, 0,
    0, 0, 0, 0, 0, 0, 0, 0,
    0, 0, 0, 0, 0, 0, 0, 0,
    0, 0, 0, 0, 0, 0, 2, 0,
    0, 0, 0, 0, -6, 0, 0, 0,
    0, 0, 0, 0, 0, 0, 0, 0,
    0, 0, 0, 0, 0, 0, 0, 0,
    -3, 0, 0, 0, 0, 0, 0, 0,
    1, 0, 0, 0, 0, 0, -15, 0,
    0, 0, 0, 4, 0, 0, 0, 0,
    0, 0, 0, 0, 0, 0, 0, 0,
    0, 0, 0, 0, 0, 0, 0, 0,
    0, 0, 0, 0, 0, 0, 0, 0,
    0, 0, -1, -8, 0, 0, 0, 0,
    0, 0, 1, 0, -12, 0, 0, 0,
    -18, 0, 0, 0, 0, -1, 0, 0,
    0, -3, 0, -4, 0, -5, 0, 0,
    0, 0, 0, 0, 0, 0, 0, 0,
    0, 0, 0, 0, 0, 0, 0, 0,
    0, 0, 0, 0, 0, 0, 0, 0,
    0, 0, 0, 0, 1, 0, 0, 0,
    0, 0, 0, 0, 0, 0, 0, 0,
    0, 0, 0, 0, 0, 0, 0, 0,
    0, 0, 0, 0, 0, 0, 0, 0,
    0, 0, 0, 0, 0, 0, 0, 0,
    0, 0, 0, 0, 0, 0, -3, 0,
    0, 0, 0, 0, 0, 0, 1, 0,
    0, 0, 0, 0, -8, 0, 0, 0,
    0, 4, 0, 0, 0, 0, 0, 0,
    0, 0, 0, 0, 0, 0, 0, 0,
    0, 0, 0, 0, 0, 0, 0, 0,
    0, 0, 0, 0, 0, 0, 0, 0,
    -9, 0, 0, 0, 0, 0, -1, 0,
    0, 0, -5, 0, -4, 0, -17, 0,
    0, 0, 0, 0, 0, 0, -6, 0,
    0, 0, 0, 0, 0, 0, -6, 0,
    0, 0, 0, 0, 0, 0, 0, 0,
    0, 0, 0, 0, 0, 0, 0, 0,
    0, 0, 0, 0, 0, 0, 0, 0,
    0, 0, 1, 0, 0, 0, 0, 0,
    -17, 0, 0, 0, 0, 7, 0, 0,
    0, 0, 0, 0, 0, 0, 0, 0,
    0, 0, 0, 0, 0, 0, 0, 0,
    0, 0, 0, 0, 0, 0, 0, 0,
    0, 0, 0, 0, -6, 0, 0, 0,
    0, 0, 0, 0, 2, -14, -9, 0,
    0, 0, -7, 0, 0, 1, 4, 0,
    0, 0, 0, 1, 0, 1, 5, 1,
    0, 0, -4, 4, 4, 0, 0, 0,
    0, 0, 0, 0, 0, 0, 0, 0,
    0, 0, 0, 0, 0, 0, -1, 0,
    0, 0, 0, 0, 0, -1, 0, 0,
    0, 0, 0, 0, -20, 0, 0, 0,
    0, 0, 0, 0, -1, -2, 0, -4,
    0, -6, 0, 0, 0, 0, 0, 0,
    0, 0, 0, 0, -1, 0, 0, 0,
    0, 0, -1, 0, 0, 0, 0, 0,
    -3, 0, 0, 0, 0, 0, 0, 0,
    1, 0, 0, 0, 0, 0, -19, 0,
    0, -8, 0, 0, 0, 0, 0, -1,
    0, 0, 0, -1, 0, 0, 0, 0,
    0, 0, 0, 0, 0, 0, 0, 0,
    0, 0, 0, 0, 0, 0, 0, 0,
    0, 0, 0, 0, 0, 0, 0, 0,
    0, 0, 1, 0, 0, 0, 0, 0,
    -14, 0, 0, 0, 0, 0, 0, 0,
    0, 0, 0, 4, 0, 0, 0, 0,
    0, 0, 0, 0, 0, 0, 0, 0,
    0, 0, 0, 0, 0, 0, 0, 0,
    0, 0, 0, 0, -5, -3, 0, 0,
    0, 0, -5, 0, 2, -10, 0, 0,
    0, 0, -13, 0, 0, 4, 0, 0,
    0, 0, -4, 4, 0, 8, 3, 1,
    -4, 0, -6, 0, 0, 0, 0, 0,
    0, 0, 0, 0, 0, 0, 0, 0,
    0, 0, 0, 0, 0, 0, -8, 0,
    0, 0, 0, 0, 0, 0, 0, 0,
    -21, 0, 0, 0, -10, 0, 0, 0,
    0, 0, 0, 0, 0, 0, 0, 0,
    0, 0, 0, 0, -4, 0, 0, 0,
    0, 0, 0, 0, 0, 0, 0, 0,
    0, 0, 0, 0, 0, 0, 0, 0,
    -7, 0, 0, 0, 0, 0, 0, 0,
    0, 0, 0, 0, 0, 0, 0, 0,
    0, 0, 0, 0, 0, 0, -4, 4,
    0, 1, 0, 0, 0, 0, 0, 0,
    0, 0, 0, 0, 0, 0, 0, 0,
    0, 0, 0, 0, 0, 0, 0, 0,
    0, 0, -1, 0, 0, 0, 0, 0,
    0, 0, 0, 0, 0, 0, 0, 0,
    -14, 0, 0, 0, 0, 4, 0, 0,
    0, 0, 0, 7, 0, 0, 0, 0,
    0, 0, 0, 0, 0, 0, 0, 0,
    -1, 0, 0, 0, 0, 0, -1, 0,
    0, 0, 0, 0, -3, 0, 0, 0,
    0, 0, 0, 0, 0, 0, 0, 0,
    0, 0, -19, 0, 0, -8, 0, 0,
    0, 0, 0, -1, 0, 0, 0, -4,
    0, 0, 0, 0, 0, 0, 0, 0,
    0, 0, 0, 0, 0, 0, 0, 0,
    0, 0, 0, 0, 0, 0, -1, 0,
    0, 0, 0, 0, 0, 0, 0, 0,
    -20, 0, 0, 0, -20, 0, 0, 0,
    0, -12, 0, 0, 0, 0, 0, -5,
    0, 0, 0, 0, -4, 0, 0, 0,
    0, 0, 0, 0, 0, 0, 0, 4,
    0, 0, 0, 0, 0, 0, 0, 0,
    3, 0, 0, 0, 0, 0, 0, 7,
    0, 0, 0, 0, 6, 0, 0, 0,
    0, 1, 7, 0, 0, 0, 0, 0,
    0, 0, 0, 0, 0, 0, -2, 4,
    7, 0, 0, 0, 0, 0, 0, 0,
    0, 0, 0, 0, 0, 0, 0, 0,
    0, 0, 0, 0, 0, 0, 0, 0,
    0, 0, 0, 0, 0, 0, 0, 0,
    0, 0, 0, 0, 1, 0, 0, 0,
    0, 0, 0, 0, 0, 0, 0, 0,
    0, 1, 1, 0, 0, 16, 0, 0,
    0, 16, 9, 0, 0, 0, 0, 4,
    4, 0, 0, 0, 0, 13, 0, 0,
    0, 0, 0, 11, 10, 0, 15, 9,
    20, 14, 17, 15, 0, 0, 13, 13,
    0, 0, 0, 9, 0, 0, 0, 0,
    0, 12, 0, 13, 13, 0, 18, 20,
    0, 15, 15, 21, 22, 17, 0, 0,
    15, 0, 0, 0, 0, 5, 4, 0,
    0, 0, 0, 22, 0, 15, 13, 0,
    8, 9, 7, 0, 0, 7, 0, 14,
    16, 0, 11, 0, 4, 13, 10, 15,
    18, 16, 16, 0, 7, 16, 16, 7,
    0, 0, 0, 0, 0, 0, 0, 0,
    0, 0, 0, 0, 0, 0, 0, 0,
    -9, 0, 0, 0, 0, 0, 0, 0,
    0, 0, 0, 0, 0, 0, 0, 0,
    0, 0, 0, 0, 0, 0, -7, 0,
    0, 0, 0, 0, 0, 0, 0, 0,
    0, 0
};


/*Collect the kern class' data in one place*/
static const lv_font_fmt_txt_kern_classes_t kern_classes =
{
    .class_pair_values   = kern_class_values,
    .left_class_mapping  = kern_left_class_mapping,
    .right_class_mapping = kern_right_class_mapping,
    .left_class_cnt      = 57,
    .right_class_cnt     = 50,
};

/*--------------------
 *  ALL CUSTOM DATA
 *--------------------*/

#if LVGL_VERSION_MAJOR == 8
/*Store all the custom data of the font*/
static  lv_font_fmt_txt_glyph_cache_t cache;
#endif

#if LVGL_VERSION_MAJOR >= 8
static const lv_font_fmt_txt_dsc_t font_dsc = {
#else
static lv_font_fmt_txt_dsc_t font_dsc = {
#endif
    .glyph_bitmap = glyph_bitmap,
    .glyph_dsc = glyph_dsc,
    .cmaps = cmaps,
    .kern_dsc = &kern_classes,
    .kern_scale = 16,
    .cmap_num = 7,
    .bpp = 4,
    .kern_classes = 1,
    .bitmap_format = 1,
#if LVGL_VERSION_MAJOR == 8
    .cache = &cache
#endif
};



/*-----------------
 *  PUBLIC FONT
 *----------------*/

/*Initialize a public general font descriptor*/
#if LVGL_VERSION_MAJOR >= 8
const lv_font_t ui_font_14 = {
#else
lv_font_t ui_font_14 = {
#endif
    .get_glyph_dsc = lv_font_get_glyph_dsc_fmt_txt,    /*Function pointer to get glyph's data*/
    .get_glyph_bitmap = lv_font_get_bitmap_fmt_txt,    /*Function pointer to get glyph's bitmap*/
    .line_height = 23,          /*The maximum line height required by the font*/
    .base_line = 5,             /*Baseline measured from the bottom of the line*/
#if !(LVGL_VERSION_MAJOR == 6 && LVGL_VERSION_MINOR == 0)
    .subpx = LV_FONT_SUBPX_NONE,
#endif
#if LV_VERSION_CHECK(7, 4, 0) || LVGL_VERSION_MAJOR >= 8
    .underline_position = -1,
    .underline_thickness = 1,
#endif
    .dsc = &font_dsc,          /*The custom font data. Will be accessed by `get_glyph_bitmap/dsc` */
#if LV_VERSION_CHECK(8, 2, 0) || LVGL_VERSION_MAJOR >= 9
    .fallback = &lv_font_montserrat_14,
#endif
    .user_data = NULL,
};



#endif /*#if ENABLE_UI_FONT_14*/
