/*******************************************************************************
 * Size: 16 px
 * Bpp: 4
 * Opts: --font C:\Windows\Fonts\segoeui.ttf -r 0x20-0x7F,0xA0-0xFF,0x100-0x17F,0x1A0-0x1B0,0x1EA0-0x1EF9,0x2010-0x2026,0xB0-0xB7,0x20AB --size 16 --bpp 4 --format lvgl --lv-include lvgl.h --lv-fallback lv_font_montserrat_16 -o src/ui/fonts/ui_font_16.c
 ******************************************************************************/

#ifdef LV_LVGL_H_INCLUDE_SIMPLE
#include "lvgl.h"
#else
#include "lvgl.h"
#endif

#ifndef ENABLE_UI_FONT_16
#define ENABLE_UI_FONT_16 1
#endif

#if ENABLE_UI_FONT_16

/*-----------------
 *    BITMAPS
 *----------------*/

/*Store the image of the glyphs*/
static LV_ATTRIBUTE_LARGE_CONST const uint8_t glyph_bitmap[] = {
    /* U+0020 " " */

    /* U+0021 "!" */
    0x6e, 0x0, 0xc6, 0x1, 0x18, 0x6, 0x10, 0x8,
    0x41, 0xdc, 0x7, 0x60, 0x70, 0xa, 0xc0,

    /* U+0022 "\"" */
    0xb6, 0x2f, 0x0, 0xfd, 0xe8, 0x52,

    /* U+0023 "#" */
    0x0, 0x96, 0x81, 0x64, 0x3, 0xb7, 0x3, 0x3c,
    0x3, 0x91, 0x41, 0x50, 0x0, 0x3b, 0xa3, 0xed,
    0x3f, 0xc0, 0x1d, 0xf3, 0xde, 0x4d, 0xc0, 0x9,
    0x14, 0x10, 0xc0, 0x28, 0xd8, 0x7d, 0x85, 0xd6,
    0x8, 0xd3, 0xcd, 0x1c, 0xd6, 0x0, 0x8c, 0x88,
    0x62, 0x1, 0x8d, 0xc1, 0x94, 0x3, 0x0,

    /* U+0024 "$" */
    0x0, 0x98, 0x3, 0xd6, 0x1, 0x97, 0x4b, 0xec,
    0x12, 0xa4, 0xb7, 0x41, 0xca, 0x80, 0x4c, 0x0,
    0x60, 0xe, 0x93, 0xa0, 0xc, 0x78, 0xc5, 0x0,
    0x11, 0xe0, 0xae, 0x88, 0x4, 0x7a, 0x6c, 0x1,
    0xcb, 0xd0, 0xa2, 0xc, 0x95, 0xb3, 0xc5, 0xb6,
    0x6b, 0x9e, 0x56, 0x80, 0x1a, 0xc0, 0x20,

    /* U+0025 "%" */
    0x4, 0xcd, 0xb1, 0x0, 0xb1, 0x40, 0x3, 0x5d,
    0xa5, 0x20, 0x7, 0x65, 0x0, 0x2a, 0x88, 0x35,
    0x0, 0xa6, 0xc0, 0x3f, 0x38, 0x4d, 0x88, 0x4,
    0xaa, 0x30, 0xed, 0x60, 0x50, 0xc, 0x35, 0xfa,
    0x49, 0x14, 0xd9, 0xac, 0x0, 0x4c, 0xd8, 0x98,
    0x5a, 0xcc, 0x41, 0x0, 0x65, 0x6, 0xda, 0x1,
    0x74, 0x0, 0x86, 0xe4, 0xc, 0x3, 0xf5, 0xc9,
    0x6, 0x68, 0x1, 0x10, 0x0, 0x56, 0x70, 0x3,
    0x16, 0x62, 0x8,

    /* U+0026 "&" */
    0x0, 0xa7, 0xbe, 0xc4, 0x3, 0xe8, 0x4c, 0xe0,
    0xa0, 0xf, 0x8e, 0x88, 0x79, 0x80, 0xe, 0x40,
    0x16, 0x50, 0xc, 0xd0, 0x2, 0x5c, 0x2, 0x71,
    0xee, 0x53, 0x80, 0x5, 0x80, 0x3, 0x61, 0x9,
    0x64, 0x4, 0x6, 0x0, 0xb1, 0xc6, 0xba, 0xc2,
    0xa5, 0x0, 0x97, 0x80, 0x27, 0x6f, 0x78, 0x0,
    0xc4, 0x1, 0xa8, 0x90, 0x80, 0x26, 0x96, 0x33,
    0x3e, 0x32, 0x41, 0x10, 0x26, 0x2f, 0x37, 0x2a,
    0x71, 0x75, 0x0,

    /* U+0027 "'" */
    0xb6, 0x0, 0xde, 0x80,

    /* U+0028 "(" */
    0x0, 0x42, 0x2, 0xa2, 0x2, 0x20, 0x8, 0x8,
    0x1a, 0x80, 0x5, 0xc0, 0x0, 0x88, 0x0, 0x6e,
    0x0, 0x26, 0x0, 0x31, 0x0, 0x33, 0x0, 0x7,
    0x42, 0x1, 0x78, 0x0, 0x43, 0xa0,

    /* U+0029 ")" */
    0x67, 0x0, 0x3c, 0x98, 0xc, 0x40, 0x0, 0xc8,
    0x40, 0x4, 0x40, 0x0, 0xf0, 0x1, 0xc2, 0x1,
    0xe1, 0x10, 0x3, 0x48, 0x0, 0x98, 0x8, 0x68,
    0x11, 0x60, 0xee, 0x60,

    /* U+002A "*" */
    0x0, 0x16, 0x80, 0x63, 0x30, 0x81, 0x81, 0x46,
    0x96, 0x48, 0x15, 0xb1, 0x55, 0x0, 0xe, 0x19,
    0x64, 0x0, 0x6b, 0xf, 0x20,

    /* U+002B "+" */
    0x0, 0xde, 0x1, 0xff, 0xca, 0x2e, 0xe8, 0x3b,
    0xa2, 0x27, 0xfc, 0x1f, 0xf1, 0x0, 0x8c, 0x2,
    0x30, 0x7, 0xff, 0xb, 0x40, 0x30,

    /* U+002C "," */
    0xe, 0x42, 0x14, 0x75, 0xc, 0xf0,

    /* U+002D "-" */
    0xdf, 0xf9, 0x80,

    /* U+002E "." */
    0x9, 0x40, 0x42,

    /* U+002F "/" */
    0x0, 0xe1, 0xf2, 0x0, 0xe6, 0x42, 0x0, 0xe9,
    0xe0, 0xe, 0x40, 0x50, 0xe, 0xf9, 0x0, 0xe2,
    0x46, 0x0, 0xea, 0x51, 0x0, 0xe6, 0xe0, 0xe,
    0x53, 0x40, 0xe, 0x9b, 0x0, 0xe3, 0x33, 0x0,
    0x75, 0x30, 0x7, 0x9a, 0x80, 0x38,

    /* U+0030 "0" */
    0x0, 0x36, 0xfe, 0xa0, 0x1, 0x66, 0x5c, 0xb6,
    0x41, 0x10, 0x41, 0x83, 0xb1, 0x25, 0x0, 0x91,
    0x54, 0x4, 0x1, 0x71, 0x8, 0x7, 0x18, 0xb0,
    0x7, 0x18, 0x88, 0x8, 0x2, 0xe2, 0x20, 0xa0,
    0x4, 0x96, 0x13, 0x8, 0x30, 0x4c, 0xf, 0x35,
    0xc7, 0x82,

    /* U+0031 "1" */
    0x0, 0xa2, 0x86, 0x39, 0xc0, 0x8e, 0x94, 0xe,
    0xd0, 0x3, 0xff, 0xb2,

    /* U+0032 "2" */
    0x1, 0xaf, 0xeb, 0x20, 0x5, 0xee, 0xb0, 0x70,
    0x1, 0x6e, 0x44, 0xb1, 0x40, 0x10, 0x8, 0x40,
    0x3e, 0x61, 0x40, 0xc, 0x93, 0x60, 0x19, 0xea,
    0xd4, 0x2, 0xbb, 0x7a, 0x0, 0x52, 0x18, 0x20,
    0x19, 0xb8, 0x8b, 0x9, 0x5, 0x6e, 0xf0,

    /* U+0033 "3" */
    0x4, 0xcf, 0xe9, 0x10, 0x1, 0x47, 0x6a, 0x50,
    0x1, 0x90, 0x4e, 0x10, 0x3, 0xe1, 0x0, 0xe3,
    0x88, 0x0, 0x5b, 0xf8, 0xac, 0x1, 0x66, 0xda,
    0x60, 0x4, 0x24, 0x98, 0x6a, 0x1, 0xfd, 0x26,
    0x27, 0x64, 0xa0, 0xd, 0xee, 0x16, 0x0,

    /* U+0034 "4" */
    0x0, 0xc3, 0xd4, 0x1, 0xe9, 0x10, 0xf, 0x1a,
    0xa8, 0x3, 0xdd, 0x20, 0x1e, 0xa4, 0x40, 0x7,
    0x3b, 0x48, 0x7, 0x2c, 0xe8, 0x7, 0xac, 0x7b,
    0xfc, 0xaa, 0xf1, 0xcd, 0xdc, 0xa9, 0xa2, 0x45,
    0xc0, 0x24, 0x1, 0xfe,

    /* U+0035 "5" */
    0x2f, 0xfe, 0x11, 0x6, 0xee, 0x17, 0x12, 0x2c,
    0x4, 0x40, 0xe, 0x13, 0xfd, 0x91, 0x6, 0xdd,
    0x4a, 0xf8, 0x88, 0x88, 0x98, 0xc, 0x1, 0xc5,
    0xe0, 0x1c, 0x5c, 0xe8, 0x27, 0x86, 0xc1, 0x5d,
    0xc5, 0xc0,

    /* U+0036 "6" */
    0x0, 0x9f, 0x7f, 0x8c, 0x1, 0x75, 0xdc, 0xd2,
    0x5, 0x56, 0x18, 0x98, 0x84, 0xb0, 0x80, 0x71,
    0xf5, 0x76, 0x30, 0x8, 0x46, 0x62, 0xa5, 0x80,
    0x12, 0xc4, 0xcf, 0x62, 0x4, 0x1, 0x69, 0x1,
    0xe8, 0x5, 0xa6, 0x10, 0xec, 0x2a, 0xf0, 0x9,
    0x57, 0xd1, 0x68,

    /* U+0037 "7" */
    0x3f, 0xff, 0x69, 0xee, 0xf1, 0x50, 0x11, 0x64,
    0x37, 0x0, 0xeb, 0x80, 0xe, 0x63, 0x60, 0xe,
    0xb9, 0x0, 0xe3, 0x26, 0x0, 0xea, 0x41, 0x0,
    0xe7, 0xd0, 0xe, 0x31, 0x40, 0xe, 0x50, 0x20,
    0x8,

    /* U+0038 "8" */
    0x0, 0x46, 0xfe, 0x20, 0x2, 0x1a, 0x7a, 0xac,
    0xc1, 0x19, 0x5, 0x89, 0x42, 0xd4, 0x81, 0x49,
    0x1, 0xdd, 0xbf, 0x54, 0x20, 0x74, 0xad, 0x8a,
    0x31, 0x8b, 0x52, 0x75, 0x85, 0x7, 0x0, 0xb1,
    0x58, 0x18, 0x2, 0xf3, 0x25, 0xa4, 0x27, 0x68,
    0xa, 0x69, 0xdb, 0xa5,

    /* U+0039 "9" */
    0x0, 0x3f, 0x7e, 0x18, 0x2, 0x2a, 0x9a, 0xb8,
    0x22, 0x79, 0x42, 0x92, 0x92, 0x5, 0x0, 0x90,
    0xc4, 0x8, 0x2, 0x36, 0x23, 0xf2, 0x5, 0x50,
    0x86, 0xbe, 0xfc, 0xab, 0x80, 0xdf, 0xf6, 0x9,
    0x80, 0x61, 0x24, 0xa0, 0x42, 0x14, 0xc7, 0x20,
    0x3c, 0xe9, 0x88, 0x0,

    /* U+003A ":" */
    0xd, 0x60, 0x55, 0x4, 0x18, 0x7, 0xfa, 0x50,
    0x10, 0x80,

    /* U+003B ";" */
    0xd, 0x70, 0x53, 0x8, 0x40, 0xf, 0xf4, 0x18,
    0x39, 0x21, 0x8e, 0x58, 0x4b, 0x80,

    /* U+003C "<" */
    0x0, 0xf1, 0x0, 0x62, 0xae, 0x0, 0xc, 0xe6,
    0xe0, 0x3f, 0x87, 0xb8, 0x5c, 0x5c, 0x88, 0x2,
    0xe6, 0xec, 0x60, 0x13, 0x76, 0xf5, 0xa0, 0x4,
    0xdb, 0xaf, 0x0, 0xe6, 0xb0,

    /* U+003D "=" */
    0x2e, 0xef, 0x88, 0x9f, 0xff, 0x10, 0x8, 0xfc,
    0x5, 0xdd, 0xf1, 0x13, 0xff, 0xe2,

    /* U+003E ">" */
    0x20, 0xf, 0x75, 0x8, 0x6, 0xcd, 0xf8, 0x10,
    0x9, 0xfc, 0x7d, 0xc0, 0x21, 0x9b, 0x8b, 0x0,
    0x1d, 0xc4, 0xda, 0x67, 0x6e, 0x98, 0x3e, 0x75,
    0x80, 0x2b, 0x50, 0xe,

    /* U+003F "?" */
    0x7d, 0xfd, 0x50, 0xde, 0xe5, 0x50, 0xa8, 0xc5,
    0xc5, 0xc0, 0x24, 0x14, 0x0, 0x1d, 0x58, 0x81,
    0x6d, 0x20, 0x1, 0x54, 0x80, 0x10, 0x88, 0x3,
    0x35, 0x0, 0x63, 0x90, 0xc, 0xce, 0x20, 0x0,

    /* U+0040 "@" */
    0x0, 0x8a, 0x77, 0x6c, 0x70, 0xe, 0x5c, 0xfd,
    0xdd, 0xfa, 0x60, 0x4, 0x8f, 0x60, 0x8, 0x62,
    0x74, 0x42, 0xb8, 0x4a, 0xfb, 0x2d, 0x51, 0xe5,
    0x48, 0xc3, 0xf3, 0xbd, 0x18, 0x35, 0x75, 0x1,
    0x1, 0xc0, 0xc4, 0x40, 0xc4, 0x4f, 0x3, 0x40,
    0x8, 0x4c, 0x4, 0x8c, 0x1, 0xe0, 0x11, 0x80,
    0x82, 0xbf, 0xe0, 0x5b, 0x88, 0xa4, 0x8c, 0xae,
    0x1d, 0x8, 0xe7, 0x36, 0x63, 0xbe, 0x48, 0x63,
    0x81, 0xf7, 0xd, 0x77, 0x48, 0x0, 0x74, 0xd5,
    0x10, 0x1, 0x30, 0x7, 0x47, 0x66, 0x3b, 0x7b,
    0x80, 0x10,

    /* U+0041 "A" */
    0x0, 0xd7, 0xe0, 0x1f, 0x89, 0x5, 0x80, 0x3e,
    0xa3, 0x6a, 0x0, 0xf9, 0xae, 0xc6, 0x60, 0xe,
    0x41, 0x63, 0x2a, 0x0, 0xee, 0x41, 0xa, 0x60,
    0xc, 0x2b, 0xc0, 0x6, 0x6, 0x0, 0x98, 0x2b,
    0xfd, 0xc1, 0x40, 0x15, 0x2e, 0xee, 0x83, 0x20,
    0x32, 0x92, 0x2c, 0xe3, 0x41, 0x24, 0x60, 0x1c,
    0xcc, 0x0,

    /* U+0042 "B" */
    0x8f, 0xfb, 0xa0, 0x2, 0x2d, 0xc8, 0x77, 0x0,
    0x4, 0x8d, 0x96, 0xc0, 0x3e, 0x60, 0xe, 0x54,
    0x90, 0x1, 0xff, 0xa9, 0x8c, 0x0, 0x5b, 0x94,
    0x98, 0x0, 0x12, 0x35, 0xd3, 0x40, 0xe, 0x30,
    0x8, 0x48, 0x89, 0xc4, 0x80, 0x5b, 0xaa, 0x5c,
    0x0,

    /* U+0043 "C" */
    0x0, 0x92, 0xbb, 0xfa, 0xc0, 0x28, 0xb3, 0xad,
    0xa2, 0x10, 0x67, 0xb9, 0x42, 0x49, 0x10, 0xb7,
    0x40, 0xf, 0x11, 0x2c, 0x3, 0xe1, 0x1, 0x0,
    0xfe, 0x10, 0xf, 0x8c, 0x10, 0x3, 0xf3, 0x49,
    0x0, 0x7d, 0x25, 0x8e, 0x66, 0x4a, 0x10, 0x6,
    0x4d, 0xe6, 0x24, 0xc4,

    /* U+0044 "D" */
    0x8f, 0xfd, 0x90, 0x20, 0x11, 0x6e, 0xb2, 0xd7,
    0xc8, 0x0, 0x24, 0x43, 0x7d, 0x2f, 0x0, 0xfd,
    0xe4, 0x60, 0x1f, 0x18, 0x28, 0x7, 0xe1, 0x10,
    0x7, 0xe1, 0x20, 0xf, 0x94, 0x10, 0x3, 0xc3,
    0x6c, 0x20, 0x24, 0x43, 0x8f, 0x59, 0x0, 0x16,
    0xec, 0x77, 0x60, 0x0,

    /* U+0045 "E" */
    0x8f, 0xfe, 0x20, 0x2d, 0xdc, 0x40, 0x24, 0x58,
    0x3, 0xff, 0x88, 0x7f, 0xf6, 0x0, 0xb, 0x76,
    0xe0, 0x0, 0x91, 0x60, 0xf, 0xe1, 0x22, 0xc2,
    0x5, 0xbb, 0x9c,

    /* U+0046 "F" */
    0x8f, 0xfe, 0x20, 0x2d, 0xdc, 0x40, 0x24, 0x58,
    0x3, 0xff, 0x88, 0x7f, 0xf6, 0x80, 0xb, 0x76,
    0xf0, 0x0, 0x91, 0x60, 0xf, 0xfe, 0x50,

    /* U+0047 "G" */
    0x0, 0x8e, 0xbb, 0xfb, 0x14, 0x0, 0xf8, 0x75,
    0xb5, 0x7a, 0xb, 0x17, 0x28, 0x48, 0xf0, 0x10,
    0xe8, 0x1, 0xe2, 0x25, 0x80, 0x7c, 0x20, 0x20,
    0x17, 0x7f, 0xb4, 0x0, 0x20, 0x16, 0x6b, 0x81,
    0x82, 0x0, 0x44, 0x4f, 0x0, 0x3c, 0x90, 0x7,
    0xd0, 0xb8, 0xe6, 0x65, 0xb0, 0xa, 0xe2, 0xf3,
    0x10, 0xbc,

    /* U+0048 "H" */
    0x8c, 0x0, 0xe6, 0xe0, 0xf, 0xfe, 0xc9, 0xff,
    0xf4, 0x80, 0xb, 0x77, 0x9c, 0x0, 0x24, 0x5d,
    0xc0, 0x1f, 0xfd, 0x0,

    /* U+0049 "I" */
    0x8c, 0x0, 0xff, 0xe4, 0x0,

    /* U+004A "J" */
    0x0, 0xbd, 0x40, 0x3f, 0xfa, 0xc2, 0x0, 0x30,
    0x63, 0x37, 0xa1, 0x46, 0x3d, 0x0,

    /* U+004B "K" */
    0x8c, 0x0, 0x8f, 0xdc, 0x3, 0x87, 0x59, 0xc0,
    0x3b, 0x12, 0x40, 0x3a, 0xda, 0x80, 0x3a, 0x9e,
    0xc0, 0x38, 0x96, 0x80, 0x3c, 0x53, 0x23, 0x0,
    0xf3, 0x33, 0x8, 0x3, 0xd2, 0x98, 0x20, 0x1e,
    0xb2, 0xc1, 0x0, 0xf6, 0x9e, 0x80,

    /* U+004C "L" */
    0x8c, 0x0, 0xff, 0xf9, 0x9, 0x16, 0x0, 0x16,
    0xee, 0x40,

    /* U+004D "M" */
    0x8f, 0x60, 0xf, 0xbb, 0x80, 0xb, 0x0, 0xf3,
    0x88, 0x0, 0xc9, 0x40, 0x3a, 0x50, 0x0, 0xee,
    0x90, 0xc, 0xa1, 0xa0, 0x14, 0x99, 0x80, 0x29,
    0x90, 0x6, 0x15, 0x90, 0x2, 0x1b, 0x80, 0x74,
    0xa9, 0x7, 0xb8, 0x7, 0x8d, 0x28, 0x92, 0x40,
    0x3e, 0xf7, 0x85, 0x10, 0xf, 0x90, 0x96, 0x0,
    0x3f, 0xa1, 0x8, 0x3, 0x0,

    /* U+004E "N" */
    0x8f, 0x70, 0xe, 0xd8, 0x1, 0x82, 0x0, 0xf8,
    0x93, 0x80, 0x3f, 0x51, 0xb8, 0x7, 0xc3, 0x30,
    0x40, 0x1f, 0x32, 0x48, 0x7, 0xea, 0x46, 0x0,
    0xf8, 0x66, 0x42, 0x20, 0xf, 0x32, 0x50, 0x7,
    0xe9, 0x43, 0x0, 0xf8, 0xa0, 0x0,

    /* U+004F "O" */
    0x0, 0x9b, 0x3f, 0xda, 0xe0, 0x1d, 0x73, 0x79,
    0x8b, 0xac, 0x0, 0xa1, 0x35, 0xcc, 0xcd, 0x85,
    0x20, 0x6, 0x72, 0x0, 0xc3, 0xc, 0x4, 0x36,
    0x1, 0xe4, 0x4, 0x10, 0x10, 0xf, 0x18, 0x6,
    0x10, 0xf, 0x18, 0x39, 0x82, 0x0, 0x79, 0x0,
    0xc1, 0xe0, 0x80, 0x30, 0xc3, 0x0, 0x21, 0x31,
    0xcc, 0xcd, 0xe5, 0x20, 0x15, 0xcd, 0xe6, 0x2a,
    0x70, 0x0,

    /* U+0050 "P" */
    0x8f, 0xfb, 0x64, 0x40, 0x5, 0xb9, 0x6f, 0x40,
    0x1, 0x23, 0x6a, 0x42, 0x0, 0xe5, 0x6, 0x0,
    0xe5, 0x6, 0x0, 0xc9, 0x28, 0x40, 0x7f, 0xeb,
    0x4b, 0x0, 0x16, 0xeb, 0xe4, 0x2, 0x12, 0x20,
    0x7, 0xff, 0x20,

    /* U+0051 "Q" */
    0x0, 0x9b, 0x3f, 0xda, 0xe0, 0x1e, 0xb9, 0xbc,
    0xc5, 0xd6, 0x88, 0x4, 0xe9, 0xae, 0x66, 0x6c,
    0x3b, 0x0, 0xa5, 0xc8, 0x3, 0xc, 0x28, 0x81,
    0xd, 0x80, 0x79, 0x1, 0x40, 0x40, 0x40, 0x3c,
    0x60, 0x1c, 0x20, 0x1e, 0x30, 0x70, 0x30, 0x40,
    0xf, 0x20, 0x18, 0x1, 0xe0, 0x80, 0x30, 0xc3,
    0x80, 0x50, 0x78, 0xe6, 0x66, 0xf5, 0x80, 0xd,
    0x93, 0x79, 0xb6, 0x22, 0x0, 0xf3, 0xe7, 0xf6,
    0xd2, 0xe9, 0x0, 0x7f, 0x2e, 0x2a, 0x80,

    /* U+0052 "R" */
    0x8f, 0xfb, 0xa8, 0x40, 0x22, 0xdd, 0x5b, 0xe0,
    0x4, 0x24, 0x45, 0x92, 0x20, 0x7, 0xe3, 0x0,
    0xe2, 0x95, 0x10, 0x1, 0xff, 0xb6, 0xa8, 0x1,
    0x16, 0xd9, 0x70, 0x6, 0x12, 0x4f, 0x65, 0x0,
    0xf1, 0x3d, 0x80, 0x7d, 0x1, 0x20, 0x1f, 0x5b,
    0x18,

    /* U+0053 "S" */
    0x0, 0x36, 0x7f, 0xb4, 0x82, 0x62, 0xb3, 0x14,
    0x20, 0xd0, 0xc6, 0x67, 0x30, 0x1f, 0x0, 0xf5,
    0xb5, 0x10, 0x6, 0x5c, 0x1d, 0xa1, 0x0, 0x8e,
    0xf1, 0xbc, 0x40, 0x31, 0xe1, 0xc0, 0x7, 0x98,
    0xc3, 0x18, 0xcc, 0xe9, 0xe0, 0xb7, 0x9b, 0x76,
    0x50,

    /* U+0054 "T" */
    0xaf, 0xff, 0x86, 0xf7, 0x4e, 0x3b, 0xb0, 0x88,
    0x89, 0xe6, 0x45, 0x0, 0x7f, 0xff, 0x40,

    /* U+0055 "U" */
    0xaa, 0x0, 0x75, 0x50, 0x3, 0xff, 0xd4, 0x6c,
    0x1, 0xcc, 0x7e, 0x62, 0x1, 0x9, 0xe3, 0xe,
    0x29, 0xae, 0x12, 0x87, 0xbd, 0xe5, 0xa6, 0x0,

    /* U+0056 "V" */
    0xac, 0x0, 0xf6, 0x4f, 0x19, 0x0, 0x62, 0x3a,
    0x41, 0x50, 0xd, 0x44, 0x60, 0xf4, 0x1, 0x9a,
    0x80, 0x14, 0x46, 0x0, 0x31, 0x60, 0x1, 0x95,
    0x80, 0x29, 0x4, 0x2, 0xa6, 0x0, 0x37, 0x0,
    0x66, 0x14, 0x50, 0x50, 0xc, 0x29, 0xbc, 0xc0,
    0x1e, 0xe7, 0x4a, 0x0, 0xf2, 0x89, 0x18, 0x4,

    /* U+0057 "W" */
    0xac, 0x0, 0xc5, 0xea, 0x1, 0xb2, 0x7c, 0xc4,
    0x2, 0x50, 0xf0, 0x8, 0x4f, 0x10, 0x10, 0x2,
    0xb4, 0x40, 0x4, 0x80, 0xa2, 0x7e, 0x1, 0x1f,
    0x89, 0x80, 0x31, 0x0, 0x16, 0x80, 0x5, 0x14,
    0x34, 0x0, 0x3e, 0x0, 0x14, 0x4c, 0x3d, 0xc1,
    0x2c, 0x8, 0x54, 0x0, 0x44, 0x40, 0x4d, 0xb,
    0x30, 0x41, 0x20, 0x9, 0x2c, 0xc5, 0x0, 0xc1,
    0x75, 0xc0, 0x36, 0x9d, 0xa0, 0x4, 0xb8, 0x9a,
    0x1, 0x90, 0x1b, 0x0, 0x2c, 0x70, 0x40, 0xe,
    0x51, 0x50, 0x9, 0xc5, 0x0, 0x20,

    /* U+0058 "X" */
    0x3f, 0x60, 0xd, 0x5a, 0x6, 0xf0, 0x20, 0x4,
    0x5e, 0x0, 0x40, 0x40, 0x2, 0x5c, 0xc0, 0x2a,
    0x62, 0x80, 0x80, 0xc, 0x8b, 0xcf, 0x20, 0x1e,
    0x93, 0x32, 0x0, 0x7a, 0x10, 0xd0, 0x3, 0x99,
    0x69, 0xe8, 0x3, 0x14, 0xc0, 0xc0, 0x48, 0x5,
    0xc6, 0xc0, 0xb, 0x63, 0x7, 0x3e, 0x0, 0x95,
    0x38, 0x0,

    /* U+0059 "Y" */
    0x9d, 0x0, 0xee, 0x78, 0x26, 0x0, 0x98, 0x1c,
    0x5a, 0x0, 0x28, 0x80, 0x2, 0x5, 0x81, 0xcd,
    0x80, 0x2, 0xf0, 0x31, 0x0, 0xd, 0x23, 0x84,
    0xa0, 0x18, 0x60, 0xa4, 0x3, 0xc6, 0xa, 0x1,
    0xff, 0xd2,

    /* U+005A "Z" */
    0x3f, 0xff, 0xa4, 0xf7, 0x79, 0x86, 0x0, 0x8b,
    0x3, 0x50, 0x80, 0x77, 0x32, 0x0, 0x74, 0xc,
    0x80, 0x71, 0xbf, 0x0, 0x7b, 0x9c, 0xc0, 0x3a,
    0x46, 0x0, 0x39, 0x1b, 0x80, 0x38, 0x69, 0x80,
    0x8b, 0xc, 0xb, 0x6e, 0xf5, 0x80,

    /* U+005B "[" */
    0x7f, 0xe6, 0x4, 0xe6, 0x0, 0xff, 0xee, 0xa,
    0x73, 0x0,

    /* U+005C "\\" */
    0xf, 0x30, 0xf, 0x35, 0x0, 0x7a, 0x98, 0x3,
    0xc6, 0x66, 0x0, 0xf5, 0x58, 0x7, 0x98, 0xcc,
    0x1, 0xe7, 0xa0, 0xf, 0x5b, 0x8, 0x7, 0x11,
    0xb8, 0x7, 0xa6, 0xc0, 0x3c, 0xa6, 0x60, 0xf,
    0x34, 0x80, 0x7a, 0x94, 0x40,

    /* U+005D "]" */
    0x8e, 0xf4, 0x8e, 0x20, 0xf, 0xfe, 0xec, 0x71,
    0x0,

    /* U+005E "^" */
    0x0, 0xca, 0x1, 0xf3, 0x51, 0x0, 0x7a, 0x1a,
    0x40, 0x39, 0x96, 0x59, 0x0, 0x34, 0x40, 0x22,
    0x0, 0x13, 0xa9, 0x82, 0x82, 0x80, 0x26, 0x0,
    0x28, 0x80, 0x0,

    /* U+005F "_" */
    0xee, 0xf4, 0x80,

    /* U+0060 "`" */
    0x17, 0x10, 0x1f, 0xb0, 0x4, 0xa, 0x80,

    /* U+0061 "a" */
    0x3, 0xbe, 0xfb, 0x20, 0x2, 0x6e, 0x6b, 0xc8,
    0x1, 0xd8, 0x89, 0x28, 0x1, 0x35, 0x65, 0x80,
    0x5b, 0x59, 0xf6, 0x0, 0x32, 0xd6, 0x33, 0x0,
    0x4, 0x14, 0xa, 0xc0, 0x5, 0x35, 0xd3, 0x60,
    0x0,

    /* U+0062 "b" */
    0xb9, 0x0, 0xff, 0xea, 0x36, 0xfe, 0x18, 0x1,
    0x33, 0xf5, 0xb0, 0x40, 0x14, 0x44, 0xa1, 0x60,
    0x40, 0xc, 0xbc, 0x1, 0xf0, 0x81, 0x0, 0x65,
    0xd0, 0x46, 0x0, 0x49, 0xa8, 0x37, 0xf7, 0xb,
    0x0,

    /* U+0063 "c" */
    0x0, 0x2e, 0x7f, 0xa4, 0x1a, 0xaf, 0xb7, 0x2,
    0x20, 0xe2, 0x4a, 0x62, 0xa0, 0x1f, 0xf1, 0x2,
    0x0, 0x61, 0x79, 0x61, 0x26, 0x8, 0x85, 0xf6,
    0x8,

    /* U+0064 "d" */
    0x0, 0xf1, 0x79, 0x0, 0x7f, 0xf4, 0x5f, 0x7f,
    0x1c, 0x2, 0x78, 0x87, 0x44, 0x0, 0x29, 0x92,
    0x8a, 0x40, 0x0, 0x85, 0x0, 0x27, 0x0, 0x8,
    0x18, 0x7, 0x8c, 0x14, 0x2, 0x70, 0x9, 0xa4,
    0x80, 0xa0, 0x2, 0x94, 0xce, 0x99, 0x0, 0x0,

    /* U+0065 "e" */
    0x0, 0x36, 0xfe, 0xa8, 0x1, 0xe2, 0x7a, 0x28,
    0xc2, 0x29, 0x5, 0x55, 0x46, 0x17, 0xff, 0x29,
    0x8, 0x5e, 0xee, 0xa2, 0x2, 0x2e, 0x10, 0x78,
    0x51, 0x39, 0x20, 0x86, 0xbe, 0xe0, 0x10,

    /* U+0066 "f" */
    0x0, 0x1e, 0xf9, 0x80, 0x35, 0x78, 0x80, 0x86,
    0x44, 0x40, 0x20, 0x1a, 0x70, 0x3b, 0xc2, 0x6c,
    0x3b, 0xc0, 0xe, 0x1, 0xff, 0xd6,

    /* U+0067 "g" */
    0x0, 0x3f, 0x7e, 0x2f, 0x90, 0x3c, 0xdf, 0x44,
    0x0, 0x29, 0x85, 0x14, 0x80, 0x1, 0xa, 0x0,
    0x4e, 0x0, 0x10, 0x30, 0x8, 0x40, 0x4, 0x8,
    0x1, 0x28, 0x0, 0x5a, 0xd0, 0x56, 0xc0, 0x29,
    0x7b, 0xef, 0x90, 0x30, 0x4, 0xff, 0xa8, 0x0,
    0x20, 0x1e, 0xd2, 0x0, 0x43, 0x11, 0x21, 0xa0,
    0x1, 0xd7, 0xba, 0x4a, 0x50,

    /* U+0068 "h" */
    0xb9, 0x0, 0xff, 0xe8, 0x3f, 0x7d, 0x88, 0x3f,
    0x7e, 0x2c, 0x1, 0xc8, 0x9c, 0xa0, 0x20, 0x4,
    0x46, 0x1, 0xe1, 0x0, 0xff, 0xe4, 0x80,

    /* U+0069 "i" */
    0xa9, 0xfd, 0x54, 0x0, 0x5c, 0x80, 0x7f, 0xf0,
    0x80,

    /* U+006A "j" */
    0x0, 0xaa, 0x40, 0x2f, 0xd0, 0x9, 0x50, 0x3,
    0xf5, 0xc8, 0x7, 0xff, 0x6c, 0x40, 0x25, 0xd2,
    0x17, 0x5, 0x57, 0x56, 0x80,

    /* U+006B "k" */
    0xb9, 0x0, 0xff, 0xe9, 0x3f, 0x98, 0x4, 0xd1,
    0x86, 0x0, 0x59, 0xb3, 0x0, 0x2d, 0x5a, 0x0,
    0x4e, 0x38, 0x1, 0x8b, 0x5e, 0x0, 0x31, 0xdb,
    0xb8, 0x3, 0x25, 0x43, 0x80,

    /* U+006C "l" */
    0xb9, 0x0, 0xff, 0xe5, 0x0,

    /* U+006D "m" */
    0xb9, 0x8d, 0xf9, 0x9, 0xde, 0x80, 0x3, 0x66,
    0xe3, 0x6e, 0x6e, 0x3a, 0x82, 0x20, 0xd, 0x5,
    0x40, 0x93, 0x0, 0x80, 0x21, 0x60, 0x8, 0x4c,
    0x3, 0xff, 0xc8,

    /* U+006E "n" */
    0xb9, 0x8d, 0xea, 0x10, 0x6e, 0xdf, 0x78, 0x3,
    0x60, 0x1a, 0x40, 0x50, 0x8, 0x8c, 0x3, 0xc2,
    0x1, 0xff, 0xc9,

    /* U+006F "o" */
    0x0, 0x36, 0xff, 0x51, 0x0, 0x1e, 0x63, 0xb4,
    0x7c, 0x1, 0x12, 0xa2, 0x74, 0x4c, 0x60, 0x80,
    0x10, 0x9f, 0x0, 0x7e, 0x13, 0x4, 0x0, 0xc7,
    0x80, 0xf0, 0xc2, 0x76, 0x4a, 0x11, 0xb, 0xed,
    0x2c, 0x0,

    /* U+0070 "p" */
    0xb9, 0x7d, 0xec, 0x30, 0x3, 0x86, 0xf5, 0xe0,
    0x81, 0x38, 0x1, 0xc9, 0x81, 0x40, 0x33, 0x70,
    0x7, 0x9c, 0x41, 0x40, 0x21, 0x3d, 0x3, 0x82,
    0x3d, 0x25, 0x6, 0xc, 0xc3, 0xe0, 0x5, 0x1d,
    0xf6, 0x20, 0x1f, 0xfc, 0xd0,

    /* U+0071 "q" */
    0x0, 0x3e, 0xfe, 0x2f, 0x90, 0x3c, 0xc7, 0x44,
    0x0, 0x29, 0x85, 0x14, 0x80, 0x1, 0xa, 0x0,
    0x4e, 0x0, 0x10, 0x30, 0x8, 0x40, 0x6, 0x8,
    0x1, 0x28, 0x4, 0xd6, 0x82, 0xb6, 0x1, 0x4b,
    0xd7, 0x72, 0x40, 0x34, 0xf7, 0xdb, 0x0, 0x7f,
    0xf4, 0x40,

    /* U+0072 "r" */
    0x0, 0xeb, 0x98, 0xf7, 0x7, 0xfe, 0x60, 0x37,
    0x11, 0x2, 0x0, 0x7f, 0xf2, 0xc0,

    /* U+0073 "s" */
    0x3, 0xbf, 0xf4, 0x80, 0x34, 0xfb, 0x70, 0x4,
    0x58, 0x24, 0xa0, 0x2d, 0x72, 0x40, 0x14, 0xe0,
    0x6c, 0x0, 0x47, 0x34, 0xe0, 0x4e, 0x43, 0xa2,
    0x7, 0x7b, 0xc7, 0x80,

    /* U+0074 "t" */
    0x0, 0x10, 0x6, 0x4d, 0x0, 0xfe, 0xab, 0xf,
    0xf0, 0x55, 0x3, 0xb8, 0x0, 0x10, 0x11, 0x0,
    0x7f, 0xf2, 0x18, 0x14, 0x80, 0x4, 0xf5, 0x80,

    /* U+0075 "u" */
    0xe6, 0x0, 0xa3, 0x0, 0x3f, 0xf9, 0x26, 0x1,
    0xe1, 0xe0, 0x8, 0x81, 0x18, 0x41, 0x14, 0x21,
    0xff, 0x74, 0xe0,

    /* U+0076 "v" */
    0xbb, 0x0, 0x6e, 0x6e, 0x41, 0x0, 0x28, 0xb2,
    0x8b, 0x80, 0x3d, 0x80, 0xf, 0xa0, 0x2b, 0x40,
    0xa, 0x41, 0x73, 0x30, 0x0, 0xcc, 0xd5, 0x40,
    0xd, 0x56, 0x6c, 0x1, 0x9c, 0xd8, 0x2,

    /* U+0077 "w" */
    0xaa, 0x0, 0x5b, 0x40, 0x17, 0x9f, 0xa0, 0x0,
    0x49, 0x0, 0x8, 0x26, 0x82, 0x60, 0xec, 0x6,
    0x1a, 0x80, 0x26, 0x81, 0xba, 0x44, 0x2, 0x78,
    0x2, 0xec, 0xa, 0x9f, 0x62, 0x4a, 0x0, 0x53,
    0x64, 0x4, 0x37, 0x40, 0x8, 0x89, 0x7e, 0x2,
    0x77, 0xa0, 0x19, 0x49, 0x0, 0x16, 0x48, 0x0,

    /* U+0078 "x" */
    0x5f, 0x20, 0x4, 0xe0, 0x2a, 0x40, 0x13, 0x70,
    0x2, 0x94, 0xfa, 0x8, 0x0, 0x33, 0xa0, 0xe0,
    0x18, 0xc4, 0x3, 0x86, 0xec, 0x2c, 0x1, 0x53,
    0xa4, 0xc8, 0x81, 0xd6, 0x1, 0x11, 0xc0,

    /* U+0079 "y" */
    0xbb, 0x0, 0x6d, 0x7e, 0x41, 0x0, 0x19, 0x32,
    0x8b, 0x80, 0x2d, 0x4, 0x1b, 0x40, 0xd, 0xe0,
    0xa, 0x41, 0x40, 0x40, 0x1, 0x1b, 0xf3, 0x0,
    0x6a, 0xa2, 0xd0, 0x6, 0x73, 0x31, 0x0, 0x61,
    0x14, 0x80, 0x72, 0x2, 0x80, 0x42, 0x53, 0x20,
    0xd, 0x1a, 0xae, 0x1, 0x80,

    /* U+007A "z" */
    0x4f, 0xfe, 0xb4, 0xee, 0xa4, 0x68, 0x4, 0x41,
    0x16, 0x20, 0x16, 0xba, 0x80, 0x4e, 0x32, 0x1,
    0x1c, 0x70, 0x6, 0xe7, 0x21, 0x10, 0x49, 0x3f,
    0x75, 0xa0,

    /* U+007B "{" */
    0x0, 0x26, 0xa8, 0x2, 0xad, 0x40, 0x2, 0xe0,
    0x1, 0x0, 0xfe, 0x41, 0x10, 0x25, 0x58, 0x1,
    0x2a, 0xc0, 0x24, 0x11, 0x0, 0x7c, 0x20, 0x1c,
    0x28, 0x1, 0x54, 0x28,

    /* U+007C "|" */
    0x54, 0xfc, 0x0, 0xff, 0xe8, 0x0,

    /* U+007D "}" */
    0x7d, 0x30, 0x3, 0xaf, 0x80, 0x56, 0x40, 0x1f,
    0xfc, 0x12, 0x13, 0x0, 0xc, 0x60, 0x80, 0xc6,
    0x8, 0x10, 0x98, 0x7, 0xff, 0x1, 0x8, 0x0,
    0xf7, 0xe0, 0x0,

    /* U+007E "~" */
    0x8, 0xdc, 0x82, 0x1c, 0x33, 0x2e, 0x70, 0x67,
    0x29, 0x80,

    /* U+00A0 " " */

    /* U+00A1 "¡" */
    0x6d, 0x5, 0x50, 0x1c, 0x1, 0xd8, 0x3b, 0x0,
    0x71, 0x80, 0x80, 0x7f, 0x8, 0x0,

    /* U+00A2 "¢" */
    0x0, 0x92, 0xc0, 0x33, 0x4a, 0x6a, 0x4, 0x41,
    0xe, 0x0, 0x9f, 0x74, 0xea, 0x88, 0x23, 0x0,
    0xdc, 0x20, 0x1d, 0xc4, 0x1, 0xce, 0x30, 0x1,
    0x8, 0xa9, 0xe9, 0x75, 0xc1, 0x79, 0x8e, 0x18,
    0x0, 0x38, 0xca, 0x0,

    /* U+00A3 "£" */
    0x0, 0x8f, 0x3f, 0x88, 0x0, 0x3b, 0x7d, 0xa6,
    0x0, 0x40, 0x71, 0x31, 0x0, 0x11, 0x80, 0x7f,
    0xf0, 0x7e, 0xb, 0xfc, 0x20, 0xd, 0x72, 0xdd,
    0x8, 0x0, 0xbc, 0x48, 0x80, 0x1b, 0x54, 0x3,
    0x99, 0xec, 0x46, 0x2, 0x92, 0xde, 0xeb, 0x40,

    /* U+00A4 "¤" */
    0x3, 0x0, 0xe3, 0x0, 0x74, 0xef, 0xe5, 0x78,
    0x2, 0x1e, 0x7e, 0x57, 0xc0, 0x1f, 0x28, 0xa,
    0xf6, 0x1, 0x8, 0x5, 0xe2, 0x0, 0xf8, 0x20,
    0x39, 0xa0, 0x4, 0xae, 0x7e, 0xac, 0x0, 0x26,
    0xfb, 0xfa, 0xfc, 0x0,

    /* U+00A5 "¥" */
    0x3f, 0x40, 0xa, 0x34, 0xd, 0x60, 0x0, 0x2f,
    0x0, 0x8, 0x34, 0x9, 0x35, 0x0, 0x13, 0x40,
    0xbf, 0x80, 0x68, 0x3b, 0x53, 0x0, 0xbb, 0x80,
    0xaa, 0xf8, 0x0, 0x7e, 0xc8, 0x6e, 0xa4, 0x0,
    0x24, 0x40, 0x22, 0x8, 0x3, 0xbe, 0xc3, 0xfd,
    0x0, 0xf, 0xd9, 0xd, 0xd4, 0x80, 0x4, 0x88,
    0x4, 0x41, 0x0,

    /* U+00A6 "¦" */
    0x54, 0xfc, 0x0, 0xff, 0x54, 0x0, 0x15, 0x3f,
    0x0, 0x3f, 0xc0,

    /* U+00A7 "§" */
    0x9, 0xef, 0x90, 0x74, 0xce, 0xd0, 0xe1, 0x21,
    0x40, 0xa3, 0xa2, 0x0, 0x20, 0x8b, 0x5c, 0x26,
    0x2e, 0x60, 0x8f, 0x1, 0xc1, 0xa5, 0x72, 0xc9,
    0x11, 0xcc, 0xb6, 0x0, 0x1a, 0x6a, 0x5, 0x22,
    0x2b, 0x6, 0x63, 0x5a, 0xc0,

    /* U+00A8 "¨" */
    0x5, 0x10, 0x51, 0x8, 0x40, 0x84,

    /* U+00A9 "©" */
    0x0, 0x8e, 0x6a, 0xa4, 0x0, 0xe8, 0xb8, 0xaa,
    0x8a, 0x84, 0x1, 0x1b, 0x2, 0x1, 0x34, 0x58,
    0x10, 0xa8, 0x36, 0xfe, 0x91, 0x3d, 0xaa, 0xc2,
    0x6b, 0xbf, 0x8c, 0x17, 0x48, 0x82, 0xdc, 0x60,
    0x62, 0x0, 0x10, 0x1, 0x9, 0x0, 0x78, 0x48,
    0xa1, 0x10, 0x7, 0xd5, 0x62, 0xba, 0x60, 0x64,
    0xb, 0xa4, 0x2b, 0x57, 0xdf, 0xe0, 0x2e, 0x60,
    0x8d, 0x96, 0xdf, 0xc4, 0x8a, 0x0, 0xa2, 0xa2,
    0xaa, 0x3a, 0x10,

    /* U+00AA "ª" */
    0x7, 0xee, 0x48, 0x0, 0xfb, 0x8a, 0x80, 0xf1,
    0x44, 0x25, 0xba, 0x84, 0x36, 0x25, 0x34, 0x4,
    0x5b, 0x87, 0x30,

    /* U+00AB "«" */
    0x0, 0x88, 0x0, 0x40, 0x14, 0x48, 0x47, 0x0,
    0x1d, 0x2d, 0x93, 0x0, 0x63, 0xc6, 0x7c, 0x0,
    0x35, 0xc1, 0x7c, 0x20, 0x5, 0xbc, 0x5b, 0xc1,

    /* U+00AC "¬" */
    0x2e, 0xef, 0x88, 0x9f, 0xfe, 0x0, 0x84, 0x7c,
    0x1, 0xff, 0xc6, 0x63,

    /* U+00AD "­" */
    0xdf, 0xf9, 0x80,

    /* U+00AE "®" */
    0x0, 0x14, 0xdd, 0xa8, 0xc0, 0x24, 0x94, 0x77,
    0x6d, 0x38, 0xc, 0x5b, 0x7e, 0x4c, 0x72, 0x3c,
    0x80, 0x70, 0xc7, 0x71, 0x80, 0x1d, 0xcd, 0x1,
    0x17, 0x30, 0x3, 0x9d, 0x0, 0x44, 0xf2, 0x1,
    0x44, 0x8c, 0x70, 0xc5, 0xf1, 0x8e, 0xdf, 0x20,
    0x24, 0xe5, 0xda, 0x64, 0xe0,

    /* U+00AF "¯" */
    0xee, 0xf4, 0x80,

    /* U+00B0 "°" */
    0x5, 0xdd, 0x28, 0x2, 0xf3, 0x16, 0x20, 0x1f,
    0x5e, 0x62, 0xc4,

    /* U+00B1 "±" */
    0x0, 0xde, 0x1, 0xff, 0xca, 0x3f, 0xf8, 0x3f,
    0xe2, 0x3f, 0xf8, 0x3f, 0xe2, 0x0, 0xff, 0xe5,
    0x60, 0x6, 0x3f, 0xfb, 0x3f, 0xe2,

    /* U+00B2 "²" */
    0x8, 0xee, 0x28, 0x3, 0xbe, 0xac, 0x0, 0xc2,
    0xe0, 0x18, 0x7a, 0x40, 0x5, 0xf4, 0xe0, 0xc,
    0xb7, 0x0, 0x10, 0xd7, 0xf8, 0x80,

    /* U+00B3 "³" */
    0x8e, 0xe2, 0x5, 0xf5, 0xc0, 0x18, 0x1b, 0x2,
    0x7c, 0xf0, 0x27, 0xe5, 0x82, 0x0, 0x68, 0xfe,
    0xa0,

    /* U+00B4 "´" */
    0x3, 0x70, 0x7, 0x18, 0x4d, 0x20, 0x0,

    /* U+00B5 "µ" */
    0xb9, 0x0, 0x97, 0xc0, 0x3f, 0xfa, 0xc6, 0x1,
    0x68, 0x4, 0xa8, 0x6, 0xc0, 0x12, 0x47, 0x7d,
    0x80, 0x81, 0x67, 0x62, 0xf8, 0x80, 0x7e, 0x2e,
    0x0, 0xf0,

    /* U+00B6 "¶" */
    0x9, 0xfe, 0xde, 0x63, 0x60, 0x98, 0x66, 0x38,
    0x7, 0x91, 0x40, 0x3d, 0x52, 0x1, 0xff, 0xe2,

    /* U+00B7 "·" */
    0x9, 0x40, 0x42,

    /* U+00B8 "¸" */
    0x25, 0x0, 0xc, 0xb8, 0x1e, 0xc0, 0x35, 0x48,
    0x0,

    /* U+00B9 "¹" */
    0x0, 0xe1, 0xb8, 0x4f, 0x0, 0x37, 0x18, 0x10,
    0x7, 0xff, 0xc,

    /* U+00BA "º" */
    0x2, 0xce, 0xc2, 0x0, 0x7c, 0xf5, 0x78, 0x18,
    0x28, 0x31, 0x93, 0x30, 0x2, 0x21, 0x13, 0x80,
    0x44, 0x28, 0x48, 0xc, 0x44, 0xd, 0x8e, 0xdd,
    0x0,

    /* U+00BB "»" */
    0x3, 0x0, 0x18, 0x6, 0x9a, 0xa, 0xa0, 0x5,
    0x43, 0x12, 0x32, 0x1, 0x4b, 0x94, 0xb1, 0x0,
    0xfc, 0x97, 0x49, 0x6, 0xd3, 0x5a, 0x30, 0x0,

    /* U+00BC "¼" */
    0x0, 0x2a, 0x80, 0x39, 0x1c, 0x2, 0x2b, 0xb6,
    0x80, 0x75, 0x20, 0x4, 0x3e, 0xc0, 0x1d, 0xe,
    0x60, 0x11, 0xa0, 0x7, 0x13, 0x40, 0x7, 0xfd,
    0xd6, 0x20, 0x1f, 0xe5, 0x5, 0x1, 0xf7, 0x0,
    0xfa, 0xf8, 0x1, 0x64, 0x1, 0xa2, 0x1, 0x2c,
    0x40, 0x80, 0x80, 0x1e, 0x37, 0x80, 0x28, 0xa0,
    0xf, 0xbe, 0xc0, 0x14, 0x3a, 0xf2, 0x80, 0x13,
    0x3a, 0x80, 0x23, 0x74, 0xf2, 0x80, 0x11, 0xc8,
    0x7, 0xa9, 0x0,

    /* U+00BD "½" */
    0x2, 0xb8, 0x0, 0xe8, 0x90, 0x9, 0x64, 0x40,
    0x38, 0x9a, 0x0, 0x25, 0xb2, 0x0, 0xee, 0xb1,
    0x0, 0xff, 0x28, 0x28, 0x7, 0xf8, 0x6f, 0x8b,
    0x3a, 0xc0, 0x3e, 0x86, 0x26, 0x8e, 0x6, 0x0,
    0x6e, 0x80, 0xd2, 0x1, 0x10, 0x1, 0xca, 0xa0,
    0xf8, 0x0, 0xce, 0xae, 0x1, 0x99, 0xd4, 0x2,
    0x9a, 0xc1, 0x0, 0x86, 0x24, 0x2, 0x65, 0xd2,
    0x0, 0xd7, 0x24, 0x1, 0x61, 0xff, 0xa8,

    /* U+00BE "¾" */
    0x8e, 0xd4, 0x0, 0xed, 0x20, 0x5, 0xf4, 0x40,
    0x3, 0x42, 0x10, 0x0, 0xc0, 0xd8, 0x2, 0x26,
    0x80, 0x9, 0x3e, 0x78, 0x2, 0x98, 0x10, 0x9,
    0x3f, 0x2c, 0x0, 0x8e, 0xc0, 0x3, 0x4, 0x0,
    0xe9, 0xf0, 0x5, 0x60, 0x7f, 0x72, 0xc1, 0xdc,
    0x60, 0x62, 0x0, 0xbe, 0xd4, 0x19, 0xb0, 0x7,
    0xc8, 0x7, 0xae, 0x44, 0x26, 0x44, 0x1, 0xc8,
    0xee, 0x1, 0x78, 0xd0, 0xb0, 0xa, 0x64, 0x0,
    0x1e, 0xdd, 0x5, 0x80, 0x6, 0x10, 0x3, 0xd2,
    0x0,

    /* U+00BF "¿" */
    0x0, 0x3e, 0x80, 0x63, 0x50, 0xc, 0x90, 0x1,
    0x8a, 0x80, 0x39, 0x40, 0x32, 0x98, 0x4, 0x91,
    0xe0, 0x3, 0xbb, 0x18, 0x2, 0x59, 0x0, 0x27,
    0xf0, 0xc, 0x96, 0x62, 0xcf, 0x2f, 0xbf, 0xaa,

    /* U+00C0 "À" */
    0x0, 0x9c, 0x80, 0x3f, 0x8f, 0xc0, 0x3f, 0x92,
    0xa4, 0x3, 0xf9, 0xe4, 0x3, 0xfa, 0xfc, 0x3,
    0xf1, 0x20, 0xb0, 0x7, 0xd4, 0x6d, 0x40, 0x1f,
    0x35, 0xd8, 0xcc, 0x1, 0xc8, 0x2c, 0x65, 0x40,
    0x1d, 0xc8, 0x21, 0x4c, 0x1, 0x85, 0x78, 0x0,
    0xc0, 0xc0, 0x13, 0x5, 0x7f, 0xb8, 0x28, 0x2,
    0xa5, 0xdd, 0xd0, 0x64, 0x6, 0x52, 0x45, 0x9c,
    0x68, 0x24, 0x8c, 0x3, 0x99, 0x80,

    /* U+00C1 "Á" */
    0x0, 0xe5, 0x40, 0xf, 0xc7, 0xa, 0x1, 0xfb,
    0xbc, 0x40, 0x3f, 0x69, 0x0, 0x7f, 0x5f, 0x80,
    0x7e, 0x24, 0x16, 0x0, 0xfa, 0x8d, 0xa8, 0x3,
    0xe6, 0xbb, 0x19, 0x80, 0x39, 0x5, 0x8c, 0xa8,
    0x3, 0xb9, 0x4, 0x29, 0x80, 0x30, 0xaf, 0x0,
    0x18, 0x18, 0x2, 0x60, 0xaf, 0xf7, 0x5, 0x0,
    0x54, 0xbb, 0xba, 0xc, 0x80, 0xca, 0x48, 0xb3,
    0x8d, 0x4, 0x91, 0x80, 0x73, 0x30, 0x0,

    /* U+00C2 "Â" */
    0x0, 0xca, 0xa0, 0xf, 0xc5, 0x32, 0x30, 0xf,
    0xbb, 0xaf, 0x0, 0xfb, 0x8, 0x98, 0x1, 0xfa,
    0xfc, 0x3, 0xf1, 0x20, 0xb0, 0x7, 0xd4, 0x6d,
    0x40, 0x1f, 0x35, 0xd8, 0xcc, 0x1, 0xc8, 0x2c,
    0x65, 0x40, 0x1d, 0xc8, 0x21, 0x4c, 0x1, 0x85,
    0x78, 0x0, 0xc0, 0xc0, 0x13, 0x5, 0x7f, 0xb8,
    0x28, 0x2, 0xa5, 0xdd, 0xd0, 0x64, 0x6, 0x52,
    0x45, 0x9c, 0x68, 0x24, 0x8c, 0x3, 0x99, 0x80,

    /* U+00C3 "Ã" */
    0x0, 0xb3, 0x4c, 0xd0, 0x1, 0xc9, 0x7f, 0x1d,
    0x40, 0x1c, 0x8e, 0x57, 0xa4, 0x1, 0xf5, 0xf8,
    0x7, 0xe2, 0x41, 0x60, 0xf, 0xa8, 0xda, 0x80,
    0x3e, 0x6b, 0xb1, 0x98, 0x3, 0x90, 0x58, 0xca,
    0x80, 0x3b, 0x90, 0x42, 0x98, 0x3, 0xa, 0xf0,
    0x1, 0x81, 0x80, 0x26, 0xa, 0xff, 0x70, 0x50,
    0x5, 0x4b, 0xbb, 0xa0, 0xc8, 0xc, 0xa4, 0x8b,
    0x38, 0xd0, 0x49, 0x18, 0x7, 0x33, 0x0,

    /* U+00C4 "Ä" */
    0x0, 0x98, 0x0, 0xc0, 0x1e, 0x18, 0x21, 0x82,
    0x0, 0xe1, 0xe2, 0x1e, 0x20, 0xf, 0xaf, 0xc0,
    0x3f, 0x12, 0xb, 0x0, 0x7d, 0x46, 0xd4, 0x1,
    0xf3, 0x5d, 0x8c, 0xc0, 0x1c, 0x82, 0xc6, 0x54,
    0x1, 0xdc, 0x82, 0x14, 0xc0, 0x18, 0x57, 0x80,
    0xc, 0xc, 0x1, 0x30, 0x57, 0xfb, 0x82, 0x80,
    0x2a, 0x5d, 0xdd, 0x6, 0x40, 0x65, 0x24, 0x59,
    0xc6, 0x82, 0x48, 0xc0, 0x39, 0x98, 0x0,

    /* U+00C5 "Å" */
    0x0, 0x86, 0xa8, 0x60, 0x1f, 0x3e, 0x44, 0x80,
    0x7c, 0xd7, 0xbe, 0x1, 0xf0, 0x90, 0x88, 0x3,
    0xe6, 0x36, 0xe0, 0xf, 0xa6, 0xec, 0xa2, 0x1,
    0xc8, 0x2c, 0x64, 0xc0, 0x1d, 0xc8, 0x21, 0x52,
    0x1, 0x85, 0x78, 0x0, 0xc2, 0x80, 0x13, 0x5,
    0x7f, 0xb8, 0x3c, 0x2, 0xa5, 0xdd, 0xd0, 0x84,
    0x6, 0x52, 0x45, 0x9c, 0x68, 0x24, 0x8c, 0x3,
    0x99, 0x80,

    /* U+00C6 "Æ" */
    0x0, 0xeb, 0xff, 0xf6, 0x0, 0x71, 0xa5, 0x8b,
    0xee, 0xdc, 0x1, 0xd0, 0x88, 0xe, 0x22, 0xc0,
    0x18, 0xd3, 0xc0, 0x3f, 0xe8, 0x24, 0x0, 0xff,
    0x1a, 0x40, 0x5, 0x3f, 0xf3, 0x80, 0x52, 0x2a,
    0x1, 0x46, 0xec, 0xc0, 0x2, 0x51, 0xff, 0x84,
    0x44, 0x50, 0x80, 0x20, 0x77, 0x70, 0x80, 0x78,
    0x96, 0x8, 0xb0, 0x9, 0x16, 0x8, 0x26, 0x0,
    0xe8, 0xdd, 0xc0,

    /* U+00C7 "Ç" */
    0x0, 0x92, 0xbb, 0xfa, 0xc0, 0x28, 0xb3, 0xad,
    0xa2, 0x10, 0x67, 0xb9, 0x42, 0x49, 0x10, 0xb7,
    0x40, 0xf, 0x11, 0x2c, 0x3, 0xe1, 0x1, 0x0,
    0xfe, 0x10, 0xf, 0x8c, 0x10, 0x3, 0xf3, 0x49,
    0x0, 0x7d, 0x25, 0x8e, 0x66, 0x4a, 0x10, 0x6,
    0x4d, 0xe6, 0x24, 0xc4, 0x2, 0x7c, 0x2f, 0xd9,
    0x0, 0xf3, 0xd0, 0x80, 0x7d, 0x46, 0xc0, 0x1e,
    0x1a, 0x55, 0x0, 0x0,

    /* U+00C8 "È" */
    0x2, 0x70, 0xe, 0x2c, 0x70, 0xe, 0xaa, 0x10,
    0x6, 0x1d, 0x20, 0x4, 0x7f, 0xf1, 0x1, 0x6e,
    0xe2, 0x1, 0x22, 0xc0, 0x1f, 0xfc, 0x43, 0xff,
    0xb0, 0x0, 0x5b, 0xb7, 0x0, 0x4, 0x8b, 0x0,
    0x7f, 0x9, 0x16, 0x10, 0x2d, 0xdc, 0xe0,

    /* U+00C9 "É" */
    0x0, 0x85, 0xc0, 0x3a, 0x80, 0x39, 0x85, 0xc0,
    0x33, 0x50, 0x5, 0x1f, 0xfc, 0x40, 0x5b, 0xb8,
    0x80, 0x48, 0xb0, 0x7, 0xff, 0x10, 0xff, 0xec,
    0x0, 0x16, 0xed, 0xc0, 0x1, 0x22, 0xc0, 0x1f,
    0xc2, 0x45, 0x84, 0xb, 0x77, 0x38,

    /* U+00CA "Ê" */
    0x0, 0x1b, 0x80, 0x77, 0x6b, 0x80, 0x53, 0x15,
    0x64, 0x0, 0x95, 0xc, 0x20, 0x8f, 0xfe, 0x20,
    0x2d, 0xdc, 0x40, 0x24, 0x58, 0x3, 0xff, 0x88,
    0x7f, 0xf6, 0x0, 0xb, 0x76, 0xe0, 0x0, 0x91,
    0x60, 0xf, 0xe1, 0x22, 0xc2, 0x5, 0xbb, 0x9c,

    /* U+00CB "Ë" */
    0x4, 0x20, 0x42, 0x0, 0x7a, 0x87, 0xa8, 0x2,
    0xdc, 0x2d, 0xc2, 0x3f, 0xf8, 0x80, 0xb7, 0x71,
    0x0, 0x91, 0x60, 0xf, 0xfe, 0x21, 0xff, 0xd8,
    0x0, 0x2d, 0xdb, 0x80, 0x2, 0x45, 0x80, 0x3f,
    0x84, 0x8b, 0x8, 0x16, 0xee, 0x70,

    /* U+00CC "Ì" */
    0x45, 0x0, 0x2c, 0x18, 0xf, 0xf0, 0x0, 0xb4,
    0x1, 0x18, 0x1, 0xff, 0xdd,

    /* U+00CD "Í" */
    0x0, 0x1b, 0x0, 0xea, 0x85, 0x59, 0x85, 0xa8,
    0x2, 0x30, 0x3, 0xff, 0xba,

    /* U+00CE "Î" */
    0x0, 0x23, 0x0, 0x43, 0x3a, 0xa0, 0xb, 0xea,
    0x81, 0xa, 0x31, 0xd1, 0x0, 0x46, 0x0, 0x7f,
    0xfc, 0x80,

    /* U+00CF "Ï" */
    0x6, 0x10, 0x51, 0x8, 0x50, 0xb5, 0xe, 0x40,
    0xe4, 0x0, 0x46, 0x0, 0x7f, 0xfc, 0x80,

    /* U+00D0 "Ð" */
    0x8, 0xff, 0xd9, 0x2, 0x1, 0x8b, 0x75, 0x96,
    0xbe, 0x40, 0x10, 0x91, 0xd, 0xf4, 0xbc, 0x3,
    0xfb, 0xc8, 0xc0, 0x3f, 0x18, 0x2e, 0x39, 0xff,
    0x98, 0x2, 0x11, 0x73, 0x16, 0x61, 0xc0, 0x21,
    0x22, 0x8, 0x8c, 0xc2, 0x0, 0x50, 0x40, 0xf,
    0x86, 0xd8, 0x40, 0x2, 0x44, 0x38, 0xf5, 0x90,
    0x8, 0xb7, 0x63, 0xbb, 0x0, 0x0,

    /* U+00D1 "Ñ" */
    0x0, 0xaf, 0x50, 0xa4, 0x3, 0x19, 0xbf, 0xbe,
    0x80, 0x31, 0xc1, 0x56, 0x98, 0x2, 0x3d, 0xc0,
    0x3b, 0x60, 0x6, 0x8, 0x3, 0xe2, 0x4e, 0x0,
    0xfd, 0x46, 0xe0, 0x1f, 0xc, 0xc1, 0x0, 0x7c,
    0xc9, 0x20, 0x1f, 0xa9, 0x18, 0x3, 0xe1, 0x99,
    0x8, 0x80, 0x3c, 0xc9, 0x40, 0x1f, 0xa5, 0xc,
    0x3, 0xe2, 0x80, 0x0,

    /* U+00D2 "Ò" */
    0x0, 0xce, 0x40, 0x1f, 0xe2, 0xf0, 0xf, 0xf2,
    0xaa, 0x0, 0x3f, 0xd1, 0x0, 0xf, 0xcd, 0x9f,
    0xed, 0x70, 0xe, 0xb9, 0xbc, 0xc5, 0xd6, 0x0,
    0x50, 0x9a, 0xe6, 0x66, 0xc2, 0x90, 0x3, 0x39,
    0x0, 0x61, 0x86, 0x2, 0x1b, 0x0, 0xf2, 0x2,
    0x8, 0x8, 0x7, 0x8c, 0x3, 0x8, 0x7, 0x8c,
    0x1c, 0xc1, 0x0, 0x3c, 0x80, 0x60, 0xf0, 0x40,
    0x18, 0x61, 0x80, 0x10, 0x98, 0xe6, 0x66, 0xf2,
    0x90, 0xa, 0xe6, 0xf3, 0x15, 0x38, 0x0,

    /* U+00D3 "Ó" */
    0x0, 0xf1, 0xb0, 0x7, 0xf0, 0xf2, 0x80, 0x7f,
    0x5d, 0x8c, 0x3, 0xfa, 0x98, 0x3, 0xf3, 0x67,
    0xfb, 0x5c, 0x3, 0xae, 0x6f, 0x31, 0x75, 0x80,
    0x14, 0x26, 0xb9, 0x99, 0xb0, 0xa4, 0x0, 0xce,
    0x40, 0x18, 0x61, 0x80, 0x86, 0xc0, 0x3c, 0x80,
    0x82, 0x2, 0x1, 0xe3, 0x0, 0xc2, 0x1, 0xe3,
    0x7, 0x30, 0x40, 0xf, 0x20, 0x18, 0x3c, 0x10,
    0x6, 0x18, 0x60, 0x4, 0x26, 0x39, 0x99, 0xbc,
    0xa4, 0x2, 0xb9, 0xbc, 0xc5, 0x4e, 0x0, 0x0,

    /* U+00D4 "Ô" */
    0x0, 0xe4, 0x60, 0xf, 0xe2, 0x8d, 0x40, 0xf,
    0xd3, 0xd5, 0x22, 0x1, 0xf5, 0x90, 0xe8, 0x80,
    0x79, 0xb3, 0xfd, 0xae, 0x1, 0xd7, 0x37, 0x98,
    0xba, 0xc0, 0xa, 0x13, 0x5c, 0xcc, 0xd8, 0x52,
    0x0, 0x67, 0x20, 0xc, 0x30, 0xc0, 0x43, 0x60,
    0x1e, 0x40, 0x41, 0x1, 0x0, 0xf1, 0x80, 0x61,
    0x0, 0xf1, 0x83, 0x98, 0x20, 0x7, 0x90, 0xc,
    0x1e, 0x8, 0x3, 0xc, 0x30, 0x2, 0x13, 0x1c,
    0xcc, 0xde, 0x52, 0x1, 0x5c, 0xde, 0x62, 0xa7,
    0x0, 0x0,

    /* U+00D5 "Õ" */
    0x0, 0xd9, 0xa6, 0x90, 0x1, 0xe5, 0xbf, 0x8a,
    0xa0, 0x7, 0x95, 0xca, 0xf8, 0x80, 0x3c, 0xd9,
    0xfe, 0xd7, 0x0, 0xeb, 0x9b, 0xcc, 0x5d, 0x60,
    0x5, 0x9, 0xae, 0x66, 0x6c, 0x29, 0x0, 0x33,
    0x90, 0x6, 0x18, 0x60, 0x21, 0xb0, 0xf, 0x20,
    0x20, 0x80, 0x80, 0x78, 0xc0, 0x30, 0x80, 0x78,
    0xc1, 0xcc, 0x10, 0x3, 0xc8, 0x6, 0xf, 0x4,
    0x1, 0x86, 0x18, 0x1, 0x9, 0x8e, 0x66, 0x6f,
    0x29, 0x0, 0xae, 0x6f, 0x31, 0x53, 0x80, 0x0,

    /* U+00D6 "Ö" */
    0x0, 0xcc, 0x0, 0x60, 0xf, 0x86, 0x8, 0x60,
    0x80, 0x3c, 0x3c, 0x43, 0xc4, 0x1, 0xe6, 0xcf,
    0xf6, 0xb8, 0x7, 0x5c, 0xde, 0x62, 0xeb, 0x0,
    0x28, 0x4d, 0x73, 0x33, 0x61, 0x48, 0x1, 0x9c,
    0x80, 0x30, 0xc3, 0x1, 0xd, 0x80, 0x79, 0x1,
    0x4, 0x4, 0x3, 0xc6, 0x1, 0x84, 0x3, 0xc6,
    0xe, 0x60, 0x80, 0x1e, 0x40, 0x30, 0x78, 0x20,
    0xc, 0x30, 0xc0, 0x8, 0x4c, 0x73, 0x33, 0x79,
    0x48, 0x5, 0x73, 0x79, 0x8a, 0x9c, 0x0, 0x0,

    /* U+00D7 "×" */
    0x73, 0x0, 0x91, 0xcf, 0x50, 0x12, 0x91, 0x15,
    0x48, 0xad, 0x30, 0x46, 0x79, 0x30, 0x2, 0xb4,
    0xc9, 0x1, 0x6f, 0x1b, 0x69, 0x4f, 0x8, 0xf,
    0x40,

    /* U+00D8 "Ø" */
    0x0, 0xff, 0x8, 0x6, 0x6c, 0xff, 0x63, 0x2d,
    0x80, 0x57, 0x37, 0x98, 0xa8, 0xab, 0x0, 0x3a,
    0x6b, 0x99, 0x9d, 0xa, 0x0, 0x12, 0xe4, 0x0,
    0x1a, 0xb8, 0x60, 0x21, 0xb0, 0xa, 0xe4, 0x5c,
    0x10, 0x40, 0x40, 0x15, 0xc4, 0x6, 0x1, 0x84,
    0x23, 0x10, 0x0, 0x60, 0xe6, 0x16, 0xe0, 0xc0,
    0x12, 0x1, 0x83, 0xbb, 0x60, 0x2, 0x18, 0x60,
    0x6, 0x2, 0x39, 0x99, 0xbc, 0xa4, 0x6, 0x3a,
    0x2f, 0x31, 0x53, 0x80, 0x1, 0xc1, 0x6c, 0xff,
    0x63, 0x80, 0x40,

    /* U+00D9 "Ù" */
    0x0, 0x13, 0x80, 0x7c, 0x58, 0xe0, 0x1f, 0x55,
    0x8, 0x3, 0xc3, 0xa4, 0x1, 0x55, 0x0, 0x3a,
    0xa8, 0x1, 0xff, 0xea, 0x36, 0x0, 0xe6, 0x3f,
    0x31, 0x0, 0x84, 0xf1, 0x87, 0x14, 0xd7, 0x9,
    0x43, 0xde, 0xf2, 0xd3, 0x0,

    /* U+00DA "Ú" */
    0x0, 0xe7, 0x20, 0xf, 0x3e, 0x90, 0x7, 0x1d,
    0xd0, 0x7, 0x8f, 0x0, 0x35, 0x50, 0x3, 0xaa,
    0x80, 0x1f, 0xfe, 0xa3, 0x60, 0xe, 0x63, 0xf3,
    0x10, 0x8, 0x4f, 0x18, 0x71, 0x4d, 0x70, 0x94,
    0x3d, 0xef, 0x2d, 0x30, 0x0,

    /* U+00DB "Û" */
    0x0, 0x86, 0x4, 0x3, 0xd6, 0x34, 0x1, 0xca,
    0x52, 0x4c, 0x1, 0x96, 0x2, 0x58, 0x1, 0x54,
    0x0, 0xea, 0xa0, 0x7, 0xff, 0xa8, 0xd8, 0x3,
    0x98, 0xfc, 0xc4, 0x2, 0x13, 0xc6, 0x1c, 0x53,
    0x5c, 0x25, 0xf, 0x7b, 0xcb, 0x4c, 0x0,

    /* U+00DC "Ü" */
    0x0, 0x19, 0x80, 0xcc, 0x1, 0xaa, 0x81, 0x54,
    0x0, 0xd3, 0x20, 0x99, 0x0, 0x2a, 0x80, 0x1d,
    0x54, 0x0, 0xff, 0xf5, 0x1b, 0x0, 0x73, 0x1f,
    0x98, 0x80, 0x42, 0x78, 0xc3, 0x8a, 0x6b, 0x84,
    0xa1, 0xef, 0x79, 0x69, 0x80,

    /* U+00DD "Ý" */
    0x0, 0xe7, 0x20, 0xf, 0x3e, 0x90, 0x7, 0x1d,
    0xd0, 0x7, 0x8f, 0x0, 0x34, 0xe8, 0x7, 0x73,
    0xc1, 0x30, 0x4, 0xc0, 0xe2, 0xd0, 0x1, 0x44,
    0x0, 0x10, 0x2c, 0xe, 0x6c, 0x0, 0x17, 0x81,
    0x88, 0x0, 0x69, 0x1c, 0x25, 0x0, 0xc3, 0x5,
    0x20, 0x1e, 0x30, 0x50, 0xf, 0xfe, 0x90,

    /* U+00DE "Þ" */
    0x8c, 0x0, 0xff, 0xe1, 0x9f, 0xfb, 0x64, 0x40,
    0x5, 0xb9, 0x9, 0x80, 0x1, 0x23, 0x5f, 0x23,
    0x0, 0xf9, 0xc0, 0x31, 0xf1, 0x20, 0x1f, 0xfb,
    0x1b, 0x0, 0x5, 0xba, 0xfa, 0x10, 0x0, 0x91,
    0x0, 0x3f, 0xf8, 0x0,

    /* U+00DF "ß" */
    0x5, 0xdf, 0xc4, 0x0, 0x1d, 0x47, 0x2d, 0x88,
    0x52, 0x28, 0xc8, 0x28, 0x11, 0x0, 0x4, 0xc,
    0x1, 0x86, 0x54, 0x80, 0x21, 0xe0, 0xa0, 0xc,
    0x34, 0x1c, 0x60, 0x19, 0x6d, 0x38, 0x3, 0xdc,
    0x42, 0x1, 0xce, 0x2, 0x0, 0x10, 0x4, 0x28,
    0x4, 0xfd, 0xc2, 0xa0,

    /* U+00E0 "à" */
    0x0, 0x36, 0x80, 0x79, 0x92, 0x0, 0x3d, 0x22,
    0x1, 0xf4, 0x80, 0x63, 0xbe, 0xfb, 0x20, 0x2,
    0x6e, 0x6b, 0xc8, 0x1, 0xd8, 0x89, 0x28, 0x1,
    0x35, 0x65, 0x80, 0x5b, 0x59, 0xf6, 0x0, 0x32,
    0xd6, 0x33, 0x0, 0x4, 0x14, 0xa, 0xc0, 0x5,
    0x35, 0xd3, 0x60, 0x0,

    /* U+00E1 "á" */
    0x0, 0xd7, 0x0, 0x1c, 0xa1, 0x0, 0x1d, 0x94,
    0x1, 0xe9, 0x10, 0xc, 0x77, 0xdf, 0x64, 0x0,
    0x4d, 0xcd, 0x79, 0x0, 0x3b, 0x11, 0x25, 0x0,
    0x26, 0xac, 0xb0, 0xb, 0x6b, 0x3e, 0xc0, 0x6,
    0x5a, 0xc6, 0x60, 0x0, 0x82, 0x81, 0x58, 0x0,
    0xa6, 0xba, 0x6c, 0x0,

    /* U+00E2 "â" */
    0x0, 0xaf, 0x40, 0x39, 0x8a, 0xa4, 0x3, 0x74,
    0xb8, 0x88, 0x2, 0x80, 0x4, 0x8, 0x0, 0xef,
    0xbe, 0xc8, 0x0, 0x9b, 0x9a, 0xf2, 0x0, 0x76,
    0x22, 0x4a, 0x0, 0x4d, 0x59, 0x60, 0x16, 0xd6,
    0x7d, 0x80, 0xc, 0xb5, 0x8c, 0xc0, 0x1, 0x5,
    0x2, 0xb0, 0x1, 0x4d, 0x74, 0xd8, 0x0,

    /* U+00E3 "ã" */
    0x1, 0xdd, 0x1a, 0x40, 0x1, 0x2f, 0xe2, 0x68,
    0x0, 0xac, 0x57, 0xa4, 0x0, 0x3b, 0xef, 0xb2,
    0x0, 0x26, 0xe6, 0xbc, 0x80, 0x1d, 0x88, 0x92,
    0x80, 0x13, 0x56, 0x58, 0x5, 0xb5, 0x9f, 0x60,
    0x3, 0x2d, 0x63, 0x30, 0x0, 0x41, 0x40, 0xac,
    0x0, 0x53, 0x5d, 0x36, 0x0,

    /* U+00E4 "ä" */
    0x1, 0xe2, 0x1e, 0x20, 0x0, 0xc1, 0xc, 0x10,
    0x4, 0xc0, 0x6, 0x0, 0x8e, 0xfb, 0xec, 0x80,
    0x9, 0xb9, 0xaf, 0x20, 0x7, 0x62, 0x24, 0xa0,
    0x4, 0xd5, 0x96, 0x1, 0x6d, 0x67, 0xd8, 0x0,
    0xcb, 0x58, 0xcc, 0x0, 0x10, 0x50, 0x2b, 0x0,
    0x14, 0xd7, 0x4d, 0x80, 0x0,

    /* U+00E5 "å" */
    0x0, 0xc, 0xd1, 0x80, 0x66, 0xd8, 0x90, 0xc,
    0xbd, 0x10, 0x0, 0xc5, 0x54, 0x20, 0x8, 0xef,
    0xbe, 0xc8, 0x0, 0x9b, 0x9a, 0xf2, 0x0, 0x76,
    0x22, 0x4a, 0x0, 0x4d, 0x59, 0x60, 0x16, 0xd6,
    0x7d, 0x80, 0xc, 0xb5, 0x8c, 0xc0, 0x1, 0x5,
    0x2, 0xb0, 0x1, 0x4d, 0x74, 0xd8, 0x0,

    /* U+00E6 "æ" */
    0x3, 0xbe, 0xfb, 0x17, 0xef, 0xc4, 0x0, 0x37,
    0x66, 0xbe, 0x55, 0x3a, 0xac, 0x81, 0x54, 0x44,
    0x92, 0xe4, 0x16, 0x4a, 0x4, 0xce, 0xe5, 0x86,
    0xf7, 0x4a, 0x43, 0x76, 0xee, 0x50, 0x7f, 0x76,
    0xa5, 0x7, 0x0, 0x18, 0x20, 0x7, 0x28, 0x38,
    0xad, 0x35, 0xa8, 0x9d, 0x8, 0xaa, 0x9d, 0xcf,
    0x99, 0x5f, 0x70, 0x84,

    /* U+00E7 "ç" */
    0x0, 0x2e, 0x7f, 0xa4, 0x1a, 0xaf, 0xb7, 0x2,
    0x20, 0xe2, 0x4a, 0x62, 0xa0, 0x1f, 0xf1, 0x2,
    0x0, 0x61, 0x79, 0x61, 0x26, 0x8, 0x8b, 0xb0,
    0x40, 0xf, 0x4d, 0xce, 0x1, 0x3a, 0xb8, 0x6,
    0x3c, 0x80, 0xc, 0xd6, 0xe0,

    /* U+00E8 "è" */
    0x0, 0xf, 0x20, 0x7, 0xe, 0xc8, 0x7, 0x8e,
    0x10, 0x3, 0xca, 0x80, 0x19, 0xb7, 0xf5, 0x40,
    0xf, 0x13, 0xd1, 0x46, 0x11, 0x48, 0x2a, 0xaa,
    0x30, 0xbf, 0xf9, 0x48, 0x42, 0xf7, 0x75, 0x10,
    0x11, 0x70, 0x83, 0xc2, 0x89, 0xc9, 0x4, 0x35,
    0xf7, 0x0, 0x80,

    /* U+00E9 "é" */
    0x0, 0xcd, 0x80, 0x1c, 0x31, 0xc0, 0x1c, 0xf4,
    0x40, 0x1c, 0xc8, 0x1, 0xcd, 0xbf, 0xaa, 0x0,
    0x78, 0x9e, 0x8a, 0x30, 0x8a, 0x41, 0x55, 0x51,
    0x85, 0xff, 0xca, 0x42, 0x17, 0xbb, 0xa8, 0x80,
    0x8b, 0x84, 0x1e, 0x14, 0x4e, 0x48, 0x21, 0xaf,
    0xb8, 0x4,

    /* U+00EA "ê" */
    0x0, 0x9f, 0xcc, 0x3, 0x15, 0xe7, 0x80, 0x64,
    0xe3, 0xa3, 0x0, 0x98, 0x81, 0x8c, 0x2, 0x6d,
    0xfd, 0x50, 0x3, 0xc4, 0xf4, 0x51, 0x84, 0x52,
    0xa, 0xaa, 0x8c, 0x2f, 0xfe, 0x52, 0x10, 0xbd,
    0xdd, 0x44, 0x4, 0x5c, 0x20, 0xf0, 0xa2, 0x72,
    0x41, 0xd, 0x7d, 0xc0, 0x20,

    /* U+00EB "ë" */
    0x0, 0x63, 0x6, 0x30, 0x5, 0x28, 0x12, 0x80,
    0x12, 0x90, 0x29, 0x0, 0x4d, 0xbf, 0xaa, 0x0,
    0x78, 0x9e, 0x8a, 0x30, 0x8a, 0x41, 0x55, 0x51,
    0x85, 0xff, 0xca, 0x42, 0x17, 0xbb, 0xa8, 0x80,
    0x8b, 0x84, 0x1e, 0x14, 0x4e, 0x48, 0x21, 0xaf,
    0xb8, 0x4,

    /* U+00EC "ì" */
    0xb, 0x70, 0x5, 0x50, 0xc0, 0x7d, 0x80, 0x4,
    0xa0, 0xb, 0x90, 0xf, 0xfe, 0x80,

    /* U+00ED "í" */
    0x0, 0x6a, 0x84, 0xaa, 0x87, 0xa0, 0x5, 0xc0,
    0x2b, 0x90, 0xf, 0xfe, 0x88,

    /* U+00EE "î" */
    0x1, 0xeb, 0x0, 0xae, 0x85, 0x80, 0x7d, 0x28,
    0x40, 0x54, 0x0, 0xe0, 0x15, 0xc8, 0x7, 0xff,
    0x80,

    /* U+00EF "ï" */
    0x4e, 0x4, 0xe0, 0x58, 0x5, 0x80, 0x16, 0x1,
    0x60, 0xa, 0xe4, 0x3, 0xff, 0xc0,

    /* U+00F0 "ð" */
    0x0, 0xff, 0x9f, 0xd0, 0xa9, 0xc0, 0x27, 0x9b,
    0xcc, 0x38, 0x4, 0xf0, 0xc2, 0xa0, 0x18, 0x7e,
    0x63, 0x40, 0x30, 0xe7, 0xd8, 0xc0, 0x1, 0xe6,
    0x5d, 0x2, 0xa0, 0x8, 0x82, 0xa, 0x41, 0x9,
    0x82, 0x0, 0x48, 0x6, 0x0, 0x30, 0x8, 0x40,
    0xcc, 0x8, 0x1, 0x20, 0x88, 0x1e, 0xd0, 0x56,
    0x60, 0x1, 0xd, 0x5d, 0x10, 0x60,

    /* U+00F1 "ñ" */
    0x6, 0xe8, 0xc, 0x0, 0x6f, 0x7f, 0x20, 0x2,
    0xc1, 0xfa, 0x2, 0xe6, 0x37, 0xa8, 0x41, 0xbb,
    0x7d, 0xe0, 0xd, 0x80, 0x69, 0x1, 0x40, 0x22,
    0x30, 0xf, 0x8, 0x7, 0xff, 0x24,

    /* U+00F2 "ò" */
    0x0, 0xb1, 0x80, 0x3e, 0xd8, 0x20, 0xf, 0xd,
    0x20, 0x7, 0xc8, 0xc0, 0x1c, 0xdb, 0xfd, 0x44,
    0x0, 0x79, 0x8e, 0xd1, 0xf0, 0x4, 0x4a, 0x89,
    0xd1, 0x31, 0x82, 0x0, 0x42, 0x7c, 0x1, 0xf8,
    0x4c, 0x10, 0x3, 0x1e, 0x3, 0xc3, 0x9, 0xd9,
    0x28, 0x44, 0x2f, 0xb4, 0xb0, 0x0,

    /* U+00F3 "ó" */
    0x0, 0xc3, 0xc6, 0x1, 0xeb, 0x93, 0x0, 0xe2,
    0x23, 0x80, 0x78, 0xa0, 0x3, 0xcd, 0xbf, 0xd4,
    0x40, 0x7, 0x98, 0xed, 0x1f, 0x0, 0x44, 0xa8,
    0x9d, 0x13, 0x18, 0x20, 0x4, 0x27, 0xc0, 0x1f,
    0x84, 0xc1, 0x0, 0x31, 0xe0, 0x3c, 0x30, 0x9d,
    0x92, 0x84, 0x42, 0xfb, 0x4b, 0x0,

    /* U+00F4 "ô" */
    0x0, 0x8b, 0xe0, 0x3, 0xd3, 0x88, 0x60, 0x18,
    0xb4, 0xf9, 0x0, 0x31, 0x30, 0x13, 0x80, 0x66,
    0xdf, 0xea, 0x20, 0x3, 0xcc, 0x76, 0x8f, 0x80,
    0x22, 0x54, 0x4e, 0x89, 0x8c, 0x10, 0x2, 0x13,
    0xe0, 0xf, 0xc2, 0x60, 0x80, 0x18, 0xf0, 0x1e,
    0x18, 0x4e, 0xc9, 0x42, 0x21, 0x7d, 0xa5, 0x80,

    /* U+00F5 "õ" */
    0x0, 0x27, 0x50, 0xc9, 0x80, 0x5d, 0xfe, 0xc2,
    0x30, 0xa, 0x85, 0x76, 0xc0, 0x33, 0x6f, 0xf5,
    0x10, 0x1, 0xe6, 0x3b, 0x47, 0xc0, 0x11, 0x2a,
    0x27, 0x44, 0xc6, 0x8, 0x1, 0x9, 0xf0, 0x7,
    0xe1, 0x30, 0x40, 0xc, 0x78, 0xf, 0xc, 0x27,
    0x64, 0xa1, 0x10, 0xbe, 0xd2, 0xc0,

    /* U+00F6 "ö" */
    0x0, 0x36, 0x3, 0x60, 0x6, 0x49, 0x4, 0x90,
    0xc, 0x4a, 0x4, 0xa0, 0x19, 0xb7, 0xfa, 0x88,
    0x0, 0xf3, 0x1d, 0xa3, 0xe0, 0x8, 0x95, 0x13,
    0xa2, 0x63, 0x4, 0x0, 0x84, 0xf8, 0x3, 0xf0,
    0x98, 0x20, 0x6, 0x3c, 0x7, 0x86, 0x13, 0xb2,
    0x50, 0x88, 0x5f, 0x69, 0x60, 0x0,

    /* U+00F7 "÷" */
    0x0, 0x8b, 0x8c, 0x3, 0xc4, 0xc4, 0x1, 0xf4,
    0x8, 0x4, 0x5d, 0xdf, 0x11, 0x3f, 0xfe, 0x20,
    0x11, 0xf8, 0x3, 0x17, 0x10, 0x7, 0x8d, 0x88,
    0x2,

    /* U+00F8 "ø" */
    0x0, 0xfc, 0xa0, 0x13, 0x6f, 0xf5, 0x4f, 0x80,
    0x1e, 0x63, 0xb1, 0xda, 0x80, 0x11, 0x2a, 0x2a,
    0xe2, 0xc0, 0x60, 0x80, 0xdb, 0x4b, 0xe0, 0x11,
    0xb6, 0xd0, 0x38, 0x0, 0xc2, 0xea, 0xc0, 0x4f,
    0x0, 0xc, 0xb4, 0x27, 0x44, 0xa0, 0x8b, 0x37,
    0xda, 0x58, 0x0, 0x5d, 0x6d, 0xfe, 0x91, 0x0,
    0x0,

    /* U+00F9 "ù" */
    0x2, 0xe2, 0x0, 0xc5, 0x7c, 0x1, 0xcb, 0x24,
    0x1, 0xca, 0x40, 0xe, 0x60, 0xa, 0x30, 0x3,
    0xff, 0x92, 0x60, 0x1e, 0x1e, 0x0, 0x88, 0x11,
    0x84, 0x11, 0x42, 0x1f, 0xf7, 0x4e, 0x0,

    /* U+00FA "ú" */
    0x0, 0x8b, 0x8c, 0x3, 0x75, 0x98, 0x4, 0x52,
    0xa0, 0x18, 0x94, 0x2, 0xe6, 0x0, 0xa3, 0x0,
    0x3f, 0xf9, 0x26, 0x1, 0xe1, 0xe0, 0x8, 0x81,
    0x18, 0x41, 0x14, 0x21, 0xff, 0x74, 0xe0,

    /* U+00FB "û" */
    0x0, 0x37, 0xa8, 0x4, 0x35, 0xb0, 0x20, 0x5,
    0xe2, 0xe5, 0x0, 0x21, 0x1, 0xa0, 0x73, 0x0,
    0x51, 0x80, 0x1f, 0xfc, 0x93, 0x0, 0xf0, 0xf0,
    0x4, 0x40, 0x8c, 0x20, 0x8a, 0x10, 0xff, 0xba,
    0x70,

    /* U+00FC "ü" */
    0x9, 0x90, 0x4c, 0x80, 0x15, 0x40, 0xaa, 0x0,
    0xc, 0xc0, 0x66, 0xe, 0x60, 0xa, 0x30, 0x3,
    0xff, 0x92, 0x60, 0x1e, 0x1e, 0x0, 0x88, 0x11,
    0x84, 0x11, 0x42, 0x1f, 0xf7, 0x4e, 0x0,

    /* U+00FD "ý" */
    0x0, 0xd7, 0x0, 0x1c, 0xc1, 0x0, 0x1c, 0x34,
    0x1, 0xe7, 0x10, 0xa, 0xec, 0x1, 0xb5, 0xf9,
    0x4, 0x0, 0x64, 0xca, 0x2e, 0x0, 0xb4, 0x10,
    0x6d, 0x0, 0x37, 0x80, 0x29, 0x5, 0x1, 0x0,
    0x4, 0x6f, 0xcc, 0x1, 0xaa, 0x8b, 0x40, 0x19,
    0xcc, 0xc4, 0x1, 0x84, 0x52, 0x1, 0xc8, 0xa,
    0x1, 0x9, 0x4c, 0x80, 0x34, 0x6a, 0xb8, 0x6,

    /* U+00FE "þ" */
    0xb9, 0x0, 0xff, 0xea, 0x36, 0xfe, 0x18, 0x1,
    0x33, 0xf5, 0x70, 0x40, 0x14, 0x44, 0x91, 0x60,
    0x40, 0xc, 0xbc, 0x1, 0xe7, 0x10, 0x50, 0x8,
    0x4f, 0x40, 0xe0, 0x8e, 0x89, 0x41, 0x83, 0x30,
    0x18, 0x1, 0x47, 0x7d, 0x88, 0x7, 0xff, 0x34,

    /* U+00FF "ÿ" */
    0x4, 0xe0, 0x3e, 0x0, 0x96, 0x0, 0xa0, 0x2,
    0x16, 0x1, 0x60, 0x5, 0xd8, 0x3, 0x6b, 0xf2,
    0x8, 0x0, 0xc9, 0x94, 0x5c, 0x1, 0x68, 0x20,
    0xda, 0x0, 0x6f, 0x0, 0x52, 0xa, 0x2, 0x0,
    0x8, 0xdf, 0x98, 0x3, 0x55, 0x16, 0x80, 0x33,
    0x99, 0x88, 0x3, 0x8, 0xa4, 0x3, 0x90, 0x14,
    0x2, 0x12, 0x99, 0x0, 0x68, 0xd5, 0x70, 0xc,

    /* U+0100 "Ā" */
    0x0, 0xab, 0x76, 0x10, 0xf, 0x56, 0xec, 0x20,
    0x1f, 0x5f, 0x80, 0x7e, 0x24, 0x16, 0x0, 0xfa,
    0x8d, 0xa8, 0x3, 0xe6, 0xbb, 0x19, 0x80, 0x39,
    0x5, 0x8c, 0xa8, 0x3, 0xb9, 0x4, 0x29, 0x80,
    0x30, 0xaf, 0x0, 0x18, 0x18, 0x2, 0x60, 0xaf,
    0xf7, 0x5, 0x0, 0x54, 0xbb, 0xba, 0xc, 0x80,
    0xca, 0x48, 0xb3, 0x8d, 0x4, 0x91, 0x80, 0x73,
    0x30, 0x0,

    /* U+0101 "ā" */
    0x0, 0x4e, 0xec, 0x60, 0x14, 0xee, 0xc6, 0x0,
    0x3b, 0xef, 0xb2, 0x0, 0x26, 0xe6, 0xbc, 0x80,
    0x1d, 0x88, 0x92, 0x80, 0x13, 0x56, 0x58, 0x5,
    0xb5, 0x9f, 0x60, 0x3, 0x2d, 0x63, 0x30, 0x0,
    0x41, 0x40, 0xac, 0x0, 0x53, 0x5d, 0x36, 0x0,

    /* U+0102 "Ă" */
    0x0, 0xb0, 0x1, 0x64, 0x1, 0xef, 0xbb, 0x71,
    0x0, 0x78, 0xee, 0xca, 0x1, 0xfa, 0xfc, 0x3,
    0xf1, 0x20, 0xb0, 0x7, 0xd4, 0x6d, 0x40, 0x1f,
    0x35, 0xd8, 0xcc, 0x1, 0xc8, 0x2c, 0x65, 0x40,
    0x1d, 0xc8, 0x21, 0x4c, 0x1, 0x85, 0x78, 0x0,
    0xc0, 0xc0, 0x13, 0x5, 0x7f, 0xb8, 0x28, 0x2,
    0xa5, 0xdd, 0xd0, 0x64, 0x6, 0x52, 0x45, 0x9c,
    0x68, 0x24, 0x8c, 0x3, 0x99, 0x80,

    /* U+0103 "ă" */
    0x0, 0x60, 0x2, 0xc8, 0x2, 0xfb, 0xb7, 0x10,
    0x4, 0x77, 0x65, 0x0, 0x8e, 0xfb, 0xec, 0x80,
    0x9, 0xb9, 0xaf, 0x20, 0x7, 0x62, 0x24, 0xa0,
    0x4, 0xd5, 0x96, 0x1, 0x6d, 0x67, 0xd8, 0x0,
    0xcb, 0x58, 0xcc, 0x0, 0x10, 0x50, 0x2b, 0x0,
    0x14, 0xd7, 0x4d, 0x80, 0x0,

    /* U+0104 "Ą" */
    0x0, 0xd7, 0xe0, 0x1f, 0x89, 0x5, 0x80, 0x3e,
    0xa3, 0x6a, 0x0, 0xf9, 0xae, 0xc6, 0x60, 0xe,
    0x41, 0x63, 0x2a, 0x0, 0xee, 0x41, 0xa, 0x60,
    0xc, 0x2b, 0xc0, 0x6, 0x6, 0x0, 0x98, 0x2b,
    0xfd, 0xc1, 0x40, 0x15, 0x2e, 0xee, 0x83, 0x20,
    0x32, 0x92, 0x2c, 0xe3, 0x41, 0x24, 0x60, 0x1c,
    0xcc, 0xa, 0xd0, 0xf, 0x1e, 0x0, 0x7e, 0x73,
    0x20, 0xf, 0xc6, 0xa8, 0x0,

    /* U+0105 "ą" */
    0x3, 0xbe, 0xfb, 0x20, 0x2, 0x6e, 0x6b, 0xc8,
    0x1, 0xd8, 0x89, 0x28, 0x1, 0x35, 0x65, 0x80,
    0x5b, 0x59, 0xf6, 0x0, 0x32, 0xd6, 0x33, 0x0,
    0x4, 0x14, 0xa, 0xc0, 0x5, 0x35, 0xd3, 0x60,
    0x13, 0x77, 0x2f, 0x70, 0x3, 0x98, 0xcc, 0x1,
    0xca, 0xb0, 0x0,

    /* U+0106 "Ć" */
    0x0, 0xf2, 0xa0, 0x7, 0xc7, 0xa, 0x1, 0xf7,
    0x78, 0x80, 0x7d, 0xa4, 0x1, 0xe4, 0xae, 0xfe,
    0xb0, 0xa, 0x2c, 0xeb, 0x68, 0x84, 0x19, 0xee,
    0x50, 0x92, 0x44, 0x2d, 0xd0, 0x3, 0xc4, 0x4b,
    0x0, 0xf8, 0x40, 0x40, 0x3f, 0x84, 0x3, 0xe3,
    0x4, 0x0, 0xfc, 0xd2, 0x40, 0x1f, 0x49, 0x63,
    0x99, 0x92, 0x84, 0x1, 0x93, 0x79, 0x89, 0x31,

    /* U+0107 "ć" */
    0x0, 0xc9, 0xc2, 0x1, 0xa7, 0x44, 0x2, 0x48,
    0x30, 0xc, 0x8a, 0x1, 0x97, 0x3f, 0xd2, 0xd,
    0x57, 0xdb, 0x81, 0x10, 0x71, 0x25, 0x31, 0x50,
    0xf, 0xf8, 0x81, 0x0, 0x30, 0xbc, 0xb0, 0x93,
    0x4, 0x42, 0xfb, 0x4,

    /* U+0108 "Ĉ" */
    0x0, 0xe5, 0x50, 0x7, 0xc7, 0x30, 0x60, 0x1e,
    0xfd, 0xff, 0x0, 0x7b, 0x4, 0xb0, 0x3, 0x92,
    0xbb, 0xfa, 0xc0, 0x28, 0xb3, 0xad, 0xa2, 0x10,
    0x67, 0xb9, 0x42, 0x49, 0x10, 0xb7, 0x40, 0xf,
    0x11, 0x2c, 0x3, 0xe1, 0x1, 0x0, 0xfe, 0x10,
    0xf, 0x8c, 0x10, 0x3, 0xf3, 0x49, 0x0, 0x7d,
    0x25, 0x8e, 0x66, 0x4a, 0x10, 0x6, 0x4d, 0xe6,
    0x24, 0xc4,

    /* U+0109 "ĉ" */
    0x0, 0x9f, 0xcc, 0x2, 0x2b, 0xcf, 0x0, 0x93,
    0x8e, 0x8c, 0x0, 0xc4, 0xc, 0x60, 0x5, 0xcf,
    0xf4, 0x83, 0x55, 0xf6, 0xe0, 0x44, 0x1c, 0x49,
    0x4c, 0x54, 0x3, 0xfe, 0x20, 0x40, 0xc, 0x2f,
    0x2c, 0x24, 0xc1, 0x10, 0xbe, 0xc1,

    /* U+010A "Ċ" */
    0x0, 0xff, 0xe1, 0xd5, 0x0, 0x3f, 0x45, 0x80,
    0x79, 0x2b, 0x3b, 0x96, 0x1, 0x45, 0x9d, 0x6d,
    0x10, 0x83, 0x3d, 0xca, 0x12, 0x48, 0x85, 0xba,
    0x0, 0x78, 0x89, 0x60, 0x1f, 0x8, 0x8, 0x7,
    0xf0, 0x80, 0x7c, 0x60, 0x80, 0x1f, 0x9a, 0x48,
    0x3, 0xe9, 0x2c, 0x73, 0x32, 0x50, 0x80, 0x32,
    0x6f, 0x31, 0x26, 0x20,

    /* U+010B "ċ" */
    0x0, 0xdc, 0x80, 0x1d, 0x6a, 0x1, 0xca, 0x20,
    0x12, 0xe7, 0xfa, 0x41, 0xaa, 0xfb, 0x70, 0x22,
    0xe, 0x24, 0xa6, 0x2a, 0x1, 0xff, 0x10, 0x20,
    0x6, 0x17, 0x96, 0x12, 0x60, 0x88, 0x5f, 0x60,
    0x80,

    /* U+010C "Č" */
    0x0, 0xcc, 0x0, 0x60, 0xf, 0xb, 0xb7, 0x80,
    0x79, 0xee, 0xd2, 0x1, 0xf6, 0x68, 0x7, 0x92,
    0xbb, 0xfa, 0xc0, 0x28, 0xb3, 0xad, 0xa2, 0x10,
    0x67, 0xb9, 0x42, 0x49, 0x10, 0xb7, 0x40, 0xf,
    0x11, 0x2c, 0x3, 0xe1, 0x1, 0x0, 0xfe, 0x10,
    0xf, 0x8c, 0x10, 0x3, 0xf3, 0x49, 0x0, 0x7d,
    0x25, 0x8e, 0x66, 0x4a, 0x10, 0x6, 0x4d, 0xe6,
    0x24, 0xc4,

    /* U+010D "č" */
    0x0, 0x2c, 0x84, 0xb0, 0x1, 0x4a, 0x9, 0x80,
    0x29, 0x29, 0x0, 0xc5, 0x44, 0x1, 0x2e, 0x7f,
    0xa4, 0x1a, 0xaf, 0xb7, 0x2, 0x20, 0xe2, 0x4a,
    0x62, 0xa0, 0x1f, 0xf1, 0x2, 0x0, 0x61, 0x79,
    0x61, 0x26, 0x8, 0x85, 0xf6, 0x8,

    /* U+010E "Ď" */
    0x0, 0x28, 0x82, 0x10, 0x7, 0x35, 0x1c, 0x10,
    0x7, 0x19, 0xb3, 0xc0, 0x3e, 0x8f, 0x30, 0xd,
    0x1f, 0xfb, 0x20, 0x40, 0x22, 0xdd, 0x65, 0xaf,
    0x90, 0x0, 0x48, 0x86, 0xfa, 0x5e, 0x1, 0xfb,
    0xc8, 0xc0, 0x3e, 0x30, 0x50, 0xf, 0xc2, 0x20,
    0xf, 0xc2, 0x40, 0x1f, 0x28, 0x20, 0x7, 0x86,
    0xd8, 0x40, 0x48, 0x87, 0x1e, 0xb2, 0x0, 0x2d,
    0xd8, 0xee, 0xc0, 0x0,

    /* U+010F "ď" */
    0x0, 0xf1, 0x79, 0x13, 0xc8, 0x3, 0xfa, 0xdc,
    0x80, 0x3f, 0xae, 0x0, 0x3f, 0xc4, 0x1, 0x9f,
    0x7f, 0x1c, 0x3, 0xcf, 0x10, 0xe8, 0x80, 0x7,
    0xa6, 0x4a, 0x29, 0x0, 0x1c, 0x42, 0x80, 0x13,
    0x80, 0x70, 0x81, 0x80, 0x7f, 0x18, 0x28, 0x4,
    0xe0, 0x1e, 0x69, 0x20, 0x28, 0x0, 0xf4, 0xa6,
    0x74, 0xc8, 0x3, 0x80,

    /* U+0110 "Đ" */
    0x8, 0xff, 0xd9, 0x2, 0x1, 0x8b, 0x75, 0x96,
    0xbe, 0x40, 0x10, 0x91, 0xd, 0xf4, 0xbc, 0x3,
    0xfb, 0xc8, 0xc0, 0x3f, 0x18, 0x2e, 0x39, 0xff,
    0x98, 0x2, 0x11, 0x73, 0x16, 0x61, 0xc0, 0x21,
    0x22, 0x8, 0x8c, 0xc2, 0x0, 0x50, 0x40, 0xf,
    0x86, 0xd8, 0x40, 0x2, 0x44, 0x38, 0xf5, 0x90,
    0x8, 0xb7, 0x63, 0xbb, 0x0, 0x0,

    /* U+0111 "đ" */
    0x0, 0xf1, 0x79, 0x0, 0x7f, 0xf0, 0xeb, 0xb0,
    0x30, 0x80, 0x35, 0xfe, 0x86, 0x90, 0x1, 0xf7,
    0xb5, 0x80, 0x40, 0xf, 0x10, 0xe8, 0x80, 0x6,
    0x99, 0x28, 0xa4, 0x0, 0x44, 0x28, 0x1, 0x38,
    0x4, 0x20, 0x60, 0x1f, 0x18, 0x28, 0x4, 0xe0,
    0x19, 0xa4, 0x80, 0xa0, 0x3, 0x4a, 0x67, 0x4c,
    0x80, 0x20,

    /* U+0112 "Ē" */
    0x6, 0xdd, 0x94, 0x0, 0xdb, 0xb2, 0x84, 0x7f,
    0xf1, 0x1, 0x6e, 0xe2, 0x1, 0x22, 0xc0, 0x1f,
    0xfc, 0x43, 0xff, 0xb0, 0x0, 0x5b, 0xb7, 0x0,
    0x4, 0x8b, 0x0, 0x7f, 0x9, 0x16, 0x10, 0x2d,
    0xdc, 0xe0,

    /* U+0113 "ē" */
    0x0, 0x3e, 0xec, 0xa0, 0x13, 0xee, 0xca, 0x1,
    0x36, 0xfe, 0xa8, 0x1, 0xe2, 0x7a, 0x28, 0xc2,
    0x29, 0x5, 0x55, 0x46, 0x17, 0xff, 0x29, 0x8,
    0x5e, 0xee, 0xa2, 0x2, 0x2e, 0x10, 0x78, 0x51,
    0x39, 0x20, 0x86, 0xbe, 0xe0, 0x10,

    /* U+0114 "Ĕ" */
    0xa, 0x20, 0x85, 0x0, 0x44, 0x2f, 0xd4, 0x0,
    0x55, 0x6e, 0x0, 0x8f, 0xfe, 0x20, 0x2d, 0xdc,
    0x40, 0x24, 0x58, 0x3, 0xff, 0x88, 0x7f, 0xf6,
    0x0, 0xb, 0x76, 0xe0, 0x0, 0x91, 0x60, 0xf,
    0xe1, 0x22, 0xc2, 0x5, 0xbb, 0x9c,

    /* U+0115 "ĕ" */
    0x0, 0x51, 0x4, 0x28, 0x5, 0x71, 0x7e, 0xa0,
    0x10, 0xd5, 0xb8, 0x6, 0x6d, 0xfd, 0x50, 0x3,
    0xc4, 0xf4, 0x51, 0x84, 0x52, 0xa, 0xaa, 0x8c,
    0x2f, 0xfe, 0x52, 0x10, 0xbd, 0xdd, 0x44, 0x4,
    0x5c, 0x20, 0xf0, 0xa2, 0x72, 0x41, 0xd, 0x7d,
    0xc0, 0x20,

    /* U+0116 "Ė" */
    0x0, 0xfe, 0x5e, 0x0, 0xe5, 0xd0, 0xa, 0x3f,
    0xd9, 0xfe, 0x20, 0x2d, 0xdc, 0x40, 0x24, 0x58,
    0x3, 0xff, 0x88, 0x7f, 0xf6, 0x0, 0xb, 0x76,
    0xe0, 0x0, 0x91, 0x60, 0xf, 0xe1, 0x22, 0xc2,
    0x5, 0xbb, 0x9c,

    /* U+0117 "ė" */
    0x0, 0x8b, 0x88, 0x3, 0x8a, 0x8, 0x3, 0xcc,
    0x1, 0xcd, 0xbf, 0xaa, 0x0, 0x78, 0x9e, 0x8a,
    0x30, 0x8a, 0x41, 0x55, 0x51, 0x85, 0xff, 0xca,
    0x42, 0x17, 0xbb, 0xa8, 0x80, 0x8b, 0x84, 0x1e,
    0x14, 0x4e, 0x48, 0x21, 0xaf, 0xb8, 0x4,

    /* U+0118 "Ę" */
    0x8f, 0xfe, 0x20, 0x2d, 0xdc, 0x40, 0x24, 0x58,
    0x3, 0xff, 0x88, 0x7f, 0xf6, 0x0, 0xb, 0x76,
    0xe0, 0x0, 0x91, 0x60, 0xf, 0xe1, 0x22, 0xc2,
    0x5, 0xbb, 0x9e, 0x3f, 0xe5, 0xb6, 0x0, 0x90,
    0x10, 0x3, 0x33, 0xb8, 0x0,

    /* U+0119 "ę" */
    0x0, 0x36, 0xfe, 0xa8, 0x1, 0xe2, 0x7a, 0x28,
    0xc2, 0x29, 0x5, 0x55, 0x46, 0x17, 0xff, 0x29,
    0x8, 0x5e, 0xee, 0xa2, 0x2, 0x2e, 0x10, 0x78,
    0x51, 0x39, 0x20, 0x86, 0xbe, 0xc0, 0x20, 0x4,
    0x72, 0xdc, 0x80, 0x63, 0x64, 0x0, 0xe3, 0x9,
    0x0, 0x0,

    /* U+011A "Ě" */
    0x5, 0x20, 0x43, 0x0, 0x3f, 0x14, 0x98, 0x0,
    0xaf, 0x78, 0x3, 0x3f, 0x98, 0x2, 0x3f, 0xf8,
    0x80, 0xb7, 0x71, 0x0, 0x91, 0x60, 0xf, 0xfe,
    0x21, 0xff, 0xd8, 0x0, 0x2d, 0xdb, 0x80, 0x2,
    0x45, 0x80, 0x3f, 0x84, 0x8b, 0x8, 0x16, 0xee,
    0x70,

    /* U+011B "ě" */
    0x0, 0x3b, 0x82, 0x90, 0x2, 0x7b, 0x80, 0x40,
    0xd, 0xe5, 0x60, 0x1c, 0x74, 0x20, 0x19, 0xb7,
    0xf5, 0x40, 0xf, 0x13, 0xd1, 0x46, 0x11, 0x48,
    0x2a, 0xaa, 0x30, 0xbf, 0xf9, 0x48, 0x42, 0xf7,
    0x75, 0x10, 0x11, 0x70, 0x83, 0xc2, 0x89, 0xc9,
    0x4, 0x35, 0xf7, 0x0, 0x80,

    /* U+011C "Ĝ" */
    0x0, 0xe4, 0x60, 0xf, 0x8a, 0x29, 0x0, 0x3d,
    0x3d, 0xb2, 0x20, 0x1d, 0x64, 0x3a, 0x20, 0x18,
    0xeb, 0xbf, 0xb1, 0x40, 0xf, 0x87, 0x5b, 0x57,
    0xa0, 0xb1, 0x72, 0x84, 0x8f, 0x1, 0xe, 0x80,
    0x1e, 0x22, 0x58, 0x7, 0xc2, 0x2, 0x1, 0x77,
    0xfb, 0x40, 0x2, 0x1, 0x66, 0xb8, 0x18, 0x20,
    0x4, 0x44, 0xf0, 0x3, 0xc9, 0x0, 0x7d, 0xb,
    0x8e, 0x66, 0x5b, 0x0, 0xae, 0x2f, 0x31, 0xb,
    0xc0,

    /* U+011D "ĝ" */
    0x0, 0x93, 0xd8, 0x3, 0xd1, 0x96, 0x20, 0x19,
    0x20, 0xe5, 0x0, 0x32, 0x20, 0x11, 0x40, 0x33,
    0xf7, 0xe2, 0xf9, 0x3, 0xcd, 0xf4, 0x40, 0x2,
    0x98, 0x51, 0x48, 0x0, 0x10, 0xa0, 0x4, 0xe0,
    0x1, 0x3, 0x0, 0x84, 0x0, 0x40, 0x80, 0x12,
    0x80, 0x5, 0xad, 0x5, 0x6c, 0x2, 0x97, 0xbe,
    0xf9, 0x3, 0x0, 0x4f, 0xfa, 0x80, 0x2, 0x1,
    0xed, 0x20, 0x4, 0x31, 0x12, 0x1a, 0x0, 0x1d,
    0x7b, 0xa4, 0xa5, 0x0,

    /* U+011E "Ğ" */
    0x0, 0xd8, 0x21, 0x46, 0x1, 0xdf, 0x57, 0x86,
    0x1, 0xc7, 0x76, 0x60, 0xe, 0x3a, 0xef, 0xec,
    0x50, 0x3, 0xe1, 0xd6, 0xd5, 0xe8, 0x2c, 0x5c,
    0xa1, 0x23, 0xc0, 0x43, 0xa0, 0x7, 0x88, 0x96,
    0x1, 0xf0, 0x80, 0x80, 0x5d, 0xfe, 0xd0, 0x0,
    0x80, 0x59, 0xae, 0x6, 0x8, 0x1, 0x11, 0x3c,
    0x0, 0xf2, 0x40, 0x1f, 0x42, 0xe3, 0x99, 0x96,
    0xc0, 0x2b, 0x8b, 0xcc, 0x42, 0xf0,

    /* U+011F "ğ" */
    0x0, 0x33, 0x82, 0x48, 0x6, 0x6e, 0xbe, 0x80,
    0xe, 0x9b, 0xa1, 0x0, 0xcf, 0xdf, 0x8b, 0xe4,
    0xf, 0x37, 0xd1, 0x0, 0xa, 0x61, 0x45, 0x20,
    0x0, 0x42, 0x80, 0x13, 0x80, 0x4, 0xc, 0x2,
    0x10, 0x1, 0x2, 0x0, 0x4a, 0x0, 0x16, 0xb4,
    0x15, 0xb0, 0xa, 0x5e, 0xfb, 0xe4, 0xc, 0x1,
    0x3f, 0xea, 0x0, 0x8, 0x7, 0xb4, 0x80, 0x10,
    0xc4, 0x48, 0x68, 0x0, 0x75, 0xee, 0x92, 0x94,
    0x0,

    /* U+0120 "Ġ" */
    0x0, 0xff, 0xe1, 0xb7, 0x0, 0x7e, 0x6d, 0x0,
    0xf1, 0xd7, 0x67, 0x62, 0x80, 0x1f, 0xe, 0xb6,
    0xaf, 0x41, 0x62, 0xe5, 0x9, 0x1e, 0x2, 0x1d,
    0x0, 0x3c, 0x44, 0xb0, 0xf, 0x84, 0x4, 0x2,
    0xef, 0xf6, 0x80, 0x4, 0x2, 0xcd, 0x70, 0x30,
    0x40, 0x8, 0x89, 0xe0, 0x7, 0x92, 0x0, 0xfa,
    0x17, 0x1c, 0xcc, 0xb6, 0x1, 0x5c, 0x5e, 0x62,
    0x17, 0x80,

    /* U+0121 "ġ" */
    0x0, 0x8b, 0x88, 0x3, 0xc5, 0x4, 0x1, 0xf3,
    0x0, 0x79, 0xfb, 0xf1, 0x7c, 0x81, 0xe6, 0xfa,
    0x20, 0x1, 0x4c, 0x28, 0xa4, 0x0, 0x8, 0x50,
    0x2, 0x70, 0x0, 0x81, 0x80, 0x42, 0x0, 0x20,
    0x40, 0x9, 0x40, 0x2, 0xd6, 0x82, 0xb6, 0x1,
    0x4b, 0xdf, 0x7c, 0x81, 0x80, 0x27, 0xfd, 0x40,
    0x1, 0x0, 0xf6, 0x90, 0x2, 0x18, 0x89, 0xd,
    0x0, 0xe, 0xbd, 0xd2, 0x52, 0x80,

    /* U+0122 "Ģ" */
    0x0, 0x8e, 0xbb, 0xfb, 0x14, 0x0, 0xf8, 0x75,
    0xb5, 0x7a, 0xb, 0x17, 0x28, 0x48, 0xf0, 0x10,
    0xe8, 0x1, 0xe2, 0x25, 0x80, 0x7c, 0x20, 0x20,
    0x17, 0x7f, 0xb4, 0x0, 0x20, 0x16, 0x6b, 0x81,
    0x82, 0x0, 0x44, 0x4f, 0x0, 0x3c, 0x90, 0x7,
    0xd0, 0xb8, 0xe6, 0x65, 0xb0, 0xa, 0xe2, 0xf3,
    0x10, 0xbc, 0x1, 0x36, 0x6d, 0xec, 0x98, 0x7,
    0x78, 0x80, 0x7c, 0x36, 0xa0, 0x10,

    /* U+0123 "ģ" */
    0x0, 0xc9, 0x60, 0x1f, 0x4e, 0x80, 0x78, 0x6d,
    0x80, 0x3c, 0x2c, 0x1, 0xe7, 0xef, 0xc5, 0xf2,
    0x7, 0x9b, 0xe8, 0x80, 0x5, 0x30, 0xa2, 0x90,
    0x0, 0x21, 0x40, 0x9, 0xc0, 0x2, 0x6, 0x1,
    0x8, 0x0, 0x81, 0x0, 0x25, 0x0, 0xb, 0x5a,
    0xa, 0xd8, 0x5, 0x2f, 0x7d, 0xf2, 0x6, 0x0,
    0x9f, 0xf5, 0x0, 0x4, 0x3, 0xda, 0x40, 0x8,
    0x62, 0x24, 0x34, 0x0, 0x3a, 0xf7, 0x49, 0x4a,
    0x0,

    /* U+0124 "Ĥ" */
    0x0, 0xce, 0x40, 0x1e, 0x8e, 0xe0, 0x7, 0x19,
    0xa6, 0xe0, 0x3, 0x1d, 0x83, 0xc0, 0x2, 0x30,
    0x3, 0x9b, 0x80, 0x3f, 0xfb, 0x27, 0xff, 0xd2,
    0x0, 0x2d, 0xde, 0x70, 0x0, 0x91, 0x77, 0x0,
    0x7f, 0xf4, 0x0,

    /* U+0125 "ĥ" */
    0x0, 0xb7, 0x0, 0x34, 0xc2, 0xb8, 0x5, 0xeb,
    0x20, 0xb, 0x96, 0x0, 0x38, 0x7, 0xff, 0x31,
    0xfb, 0xec, 0x41, 0xfb, 0xf1, 0x60, 0xe, 0x44,
    0xe5, 0x1, 0x0, 0x22, 0x30, 0xf, 0x8, 0x7,
    0xff, 0x24,

    /* U+0126 "Ħ" */
    0x8, 0xc0, 0xe, 0x6e, 0x0, 0xff, 0xe1, 0x63,
    0x9f, 0xff, 0x48, 0xf9, 0x73, 0x16, 0xef, 0x38,
    0xe9, 0x10, 0x44, 0x45, 0xdc, 0x4, 0x1, 0x1f,
    0xff, 0x48, 0x7, 0x16, 0xef, 0x38, 0x7, 0x9,
    0x17, 0x70, 0x7, 0xff, 0x6c,

    /* U+0127 "ħ" */
    0xb, 0x90, 0xf, 0xfe, 0xd, 0xa3, 0x77, 0x8,
    0x1, 0x48, 0xdf, 0xe2, 0x0, 0x8, 0x1, 0xbf,
    0xd4, 0x20, 0x7, 0xef, 0xc4, 0x80, 0x1, 0xc8,
    0x9c, 0xa0, 0x1, 0x0, 0x22, 0x30, 0xf, 0x84,
    0x3, 0xff, 0x98,

    /* U+0128 "Ĩ" */
    0xc, 0xd4, 0x44, 0x25, 0xff, 0xaa, 0xd1, 0xca,
    0xf8, 0xc0, 0x11, 0x80, 0x1f, 0xff, 0x20,

    /* U+0129 "ĩ" */
    0x3e, 0xb1, 0x84, 0xad, 0xfc, 0x44, 0x49, 0xa6,
    0xe0, 0x5, 0x72, 0x1, 0xff, 0xe0,

    /* U+012A "Ī" */
    0xad, 0xd8, 0x6b, 0x76, 0x10, 0x8c, 0x0, 0xff,
    0xf4, 0x0,

    /* U+012B "ī" */
    0x1d, 0xda, 0x87, 0x76, 0xa0, 0x5, 0xc8, 0x7,
    0xff, 0x60,

    /* U+012C "Ĭ" */
    0xc, 0x0, 0x59, 0x7, 0xdd, 0xb8, 0x80, 0xee,
    0xca, 0x1, 0x46, 0x0, 0x7f, 0xfc, 0x80,

    /* U+012D "ĭ" */
    0x2a, 0x1, 0xc2, 0xcb, 0xae, 0x6, 0xbb, 0x10,
    0x2, 0xe4, 0x3, 0xff, 0xb0,

    /* U+012E "Į" */
    0x8, 0xc0, 0xf, 0xfe, 0x99, 0x42, 0xa, 0x33,
    0x1c,

    /* U+012F "į" */
    0xa, 0x90, 0xfd, 0x5, 0x40, 0xd, 0x72, 0x1,
    0xff, 0xcb, 0xb7, 0x32, 0x35, 0x40,

    /* U+0130 "İ" */
    0x0, 0x46, 0x4f, 0x4f, 0x0, 0x7f, 0xf2, 0x0,

    /* U+0131 "ı" */
    0xb9, 0x0, 0xff, 0xe1, 0x0,

    /* U+0132 "Ĳ" */
    0x8c, 0x0, 0xd7, 0x20, 0x1f, 0xfe, 0xb1, 0x0,
    0xf2, 0xf0, 0x4, 0x20, 0xc0, 0xc0, 0x14, 0x7d,
    0xe8, 0x0,

    /* U+0133 "ĳ" */
    0xa9, 0x0, 0x55, 0x3f, 0x40, 0x1f, 0xe5, 0x40,
    0x2, 0xa8, 0x3, 0xd7, 0x20, 0xa, 0xa0, 0x7,
    0xff, 0x74, 0xee, 0x40, 0x2, 0x20, 0xc, 0xdc,
    0x4, 0x2c, 0x4e, 0x9, 0xd7, 0x61,

    /* U+0134 "Ĵ" */
    0x0, 0x9c, 0x80, 0x28, 0xdf, 0x0, 0x19, 0xaa,
    0xe0, 0xe, 0xc1, 0xa0, 0x2, 0xf5, 0x0, 0xff,
    0xee, 0x88, 0x4, 0x60, 0xc0, 0x66, 0xf4, 0x20,
    0x8c, 0x7a, 0x0, 0x0,

    /* U+0135 "ĵ" */
    0x0, 0xb7, 0x0, 0x34, 0xc2, 0xb8, 0x0, 0x7d,
    0x64, 0x2, 0x16, 0x0, 0x38, 0x6, 0xb9, 0x0,
    0xff, 0xf5, 0x88, 0x7, 0x2e, 0x80, 0x8, 0x5c,
    0x14, 0x0, 0xbd, 0x5a, 0x1, 0x0,

    /* U+0136 "Ķ" */
    0x8c, 0x0, 0x8f, 0xdc, 0x3, 0x87, 0x59, 0xc0,
    0x3b, 0x12, 0x40, 0x3a, 0xda, 0x80, 0x3a, 0x9e,
    0xc0, 0x38, 0x96, 0x80, 0x3c, 0x53, 0x23, 0x0,
    0xf3, 0x33, 0x8, 0x3, 0xd2, 0x98, 0x20, 0x1e,
    0xb2, 0xc1, 0x0, 0xf6, 0x9e, 0x84, 0x60, 0x4,
    0x3d, 0x80, 0x1b, 0x1c, 0x3, 0xc6, 0xe, 0x1,
    0x80,

    /* U+0137 "ķ" */
    0xb9, 0x0, 0xff, 0xe9, 0x3f, 0x98, 0x4, 0xd1,
    0x86, 0x0, 0x59, 0xb3, 0x0, 0x2d, 0x5a, 0x0,
    0x4e, 0x38, 0x1, 0x8b, 0x5e, 0x0, 0x31, 0xdb,
    0xb8, 0x3, 0x25, 0x43, 0xdc, 0x80, 0x17, 0xdc,
    0x1, 0x34, 0x1, 0xcf, 0x60, 0x10,

    /* U+0138 "ĸ" */
    0xb9, 0x0, 0x3f, 0x98, 0x4, 0xd1, 0x86, 0x0,
    0x59, 0xb3, 0x0, 0x2d, 0x5a, 0x0, 0x4e, 0x38,
    0x1, 0x8b, 0x5e, 0x0, 0x31, 0xdb, 0xb8, 0x3,
    0x25, 0x43, 0x80,

    /* U+0139 "Ĺ" */
    0x0, 0xcc, 0x60, 0x19, 0x2c, 0xc0, 0x21, 0x9f,
    0x0, 0xc3, 0xa4, 0x0, 0x8c, 0x0, 0xff, 0xf9,
    0x9, 0x16, 0x0, 0x16, 0xee, 0x40,

    /* U+013A "ĺ" */
    0x7, 0xb0, 0x3a, 0xa0, 0x37, 0x88, 0x75, 0x80,
    0x7f, 0xf8, 0x80,

    /* U+013B "Ļ" */
    0x8c, 0x0, 0xff, 0xf9, 0x9, 0x16, 0x0, 0x16,
    0xee, 0x48, 0xff, 0x77, 0xf9, 0x0, 0xf, 0xa0,
    0x1d, 0x5c, 0x1, 0x0,

    /* U+013C "ļ" */
    0xb, 0x90, 0xf, 0xfe, 0xb5, 0xc8, 0xf9, 0xb3,
    0xc,

    /* U+013D "Ľ" */
    0x8c, 0x0, 0x45, 0x80, 0x73, 0x48, 0x7, 0x71,
    0x0, 0x7f, 0xf8, 0x4, 0x8b, 0x0, 0xb, 0x77,
    0x20,

    /* U+013E "ľ" */
    0xb9, 0x1f, 0x30, 0x3, 0x30, 0xc0, 0xd, 0x20,
    0x10, 0x80, 0x7f, 0xf7, 0x80,

    /* U+013F "Ŀ" */
    0x8c, 0x0, 0xff, 0xe9, 0x28, 0x80, 0x74, 0x20,
    0x7, 0x6a, 0x80, 0x7f, 0xf1, 0x4, 0x8b, 0x0,
    0xb, 0x77, 0x20,

    /* U+0140 "ŀ" */
    0xb9, 0x0, 0xff, 0xe6, 0x8a, 0x80, 0x49, 0x0,
    0x12, 0xe8, 0x7, 0xff, 0x24,

    /* U+0141 "Ł" */
    0x8, 0xc0, 0xf, 0xfe, 0x69, 0x98, 0x3, 0xc,
    0xe8, 0x6, 0x12, 0xe, 0x30, 0x4, 0xb1, 0xc8,
    0x6, 0xa7, 0x0, 0xf1, 0x80, 0x7f, 0x9, 0x16,
    0x0, 0x8b, 0x77, 0x20,

    /* U+0142 "ł" */
    0x8, 0xc0, 0xf, 0xfe, 0x41, 0x88, 0x0, 0xf4,
    0x9, 0x47, 0xc7, 0x84, 0x84, 0x35, 0x0, 0x21,
    0x0, 0xff, 0xe1, 0x0,

    /* U+0143 "Ń" */
    0x0, 0xe4, 0x50, 0xf, 0x8a, 0x90, 0x3, 0xee,
    0xd1, 0x0, 0xfb, 0xc, 0x3, 0x47, 0xb8, 0x7,
    0x6c, 0x0, 0xc1, 0x0, 0x7c, 0x49, 0xc0, 0x1f,
    0xa8, 0xdc, 0x3, 0xe1, 0x98, 0x20, 0xf, 0x99,
    0x24, 0x3, 0xf5, 0x23, 0x0, 0x7c, 0x33, 0x21,
    0x10, 0x7, 0x99, 0x28, 0x3, 0xf4, 0xa1, 0x80,
    0x7c, 0x50, 0x0,

    /* U+0144 "ń" */
    0x0, 0x8b, 0x88, 0x3, 0x75, 0x90, 0x4, 0x52,
    0xa0, 0x18, 0x94, 0x2, 0xb9, 0x8d, 0xea, 0x10,
    0x6e, 0xdf, 0x78, 0x3, 0x60, 0x1a, 0x40, 0x50,
    0x8, 0x8c, 0x3, 0xc2, 0x1, 0xff, 0xc9,

    /* U+0145 "Ņ" */
    0x8f, 0x70, 0xe, 0xd8, 0x1, 0x82, 0x0, 0xf8,
    0x93, 0x80, 0x3f, 0x51, 0xb8, 0x7, 0xc3, 0x30,
    0x40, 0x1f, 0x32, 0x48, 0x7, 0xea, 0x46, 0x0,
    0xf8, 0x66, 0x42, 0x20, 0xf, 0x32, 0x50, 0x7,
    0xe9, 0x43, 0x0, 0xf8, 0xa0, 0x1, 0x18, 0x1,
    0xcf, 0xf0, 0x1, 0xb1, 0xc0, 0x3e, 0x30, 0x70,
    0xc,

    /* U+0146 "ņ" */
    0xb9, 0x8d, 0xea, 0x10, 0x6e, 0xdf, 0x78, 0x3,
    0x60, 0x1a, 0x40, 0x50, 0x8, 0x8c, 0x3, 0xc2,
    0x1, 0xff, 0xc9, 0xb9, 0x0, 0x97, 0xc0, 0x5,
    0xe2, 0x1, 0xae, 0x4, 0x0,

    /* U+0147 "Ň" */
    0x0, 0x98, 0x0, 0xe0, 0x1e, 0xe6, 0x7f, 0x0,
    0xf4, 0x55, 0xc0, 0x7, 0xd9, 0x80, 0xd, 0x1e,
    0xe0, 0x1d, 0xb0, 0x3, 0x4, 0x1, 0xf1, 0x27,
    0x0, 0x7e, 0xa3, 0x70, 0xf, 0x86, 0x60, 0x80,
    0x3e, 0x64, 0x90, 0xf, 0xd4, 0x8c, 0x1, 0xf0,
    0xcc, 0x84, 0x40, 0x1e, 0x64, 0xa0, 0xf, 0xd2,
    0x86, 0x1, 0xf1, 0x40, 0x0,

    /* U+0148 "ň" */
    0x3, 0xb0, 0x68, 0x0, 0x1e, 0x55, 0xc0, 0x4,
    0xfb, 0xc0, 0x1c, 0xe6, 0x0, 0xb9, 0x8d, 0xea,
    0x10, 0x6e, 0xdf, 0x78, 0x3, 0x60, 0x1a, 0x40,
    0x50, 0x8, 0x8c, 0x3, 0xc2, 0x1, 0xff, 0xc9,

    /* U+0149 "ŉ" */
    0x9, 0x80, 0xf, 0xcf, 0x40, 0x1f, 0x11, 0x90,
    0x7, 0xc5, 0xa3, 0xeb, 0x7b, 0xce, 0x1, 0xd1,
    0x3b, 0x50, 0x60, 0x1a, 0xc8, 0x10, 0x90, 0x3,
    0x28, 0x4, 0xdc, 0x1, 0xff, 0xdc,

    /* U+014A "Ŋ" */
    0x8f, 0x80, 0xe, 0xd8, 0x1, 0x73, 0x0, 0xf8,
    0x93, 0x80, 0x3f, 0x51, 0xc8, 0x7, 0xc3, 0x6c,
    0x80, 0x1f, 0x2a, 0xa8, 0x3, 0xf5, 0x5, 0x0,
    0x7e, 0xa5, 0x50, 0x80, 0x79, 0x1a, 0xc4, 0x3,
    0xe9, 0x32, 0x0, 0xfd, 0xc0, 0x8, 0xc0, 0xe,
    0x31, 0xf0, 0xf, 0xc2, 0x40, 0x1c, 0x66, 0x90,
    0x50, 0xe, 0x6c, 0x4b, 0x0,

    /* U+014B "ŋ" */
    0xb9, 0x8d, 0xea, 0x10, 0x6e, 0xdf, 0x79, 0x3,
    0x60, 0x1a, 0x50, 0x50, 0x8, 0x8c, 0x3, 0xc2,
    0x1, 0xff, 0xc9, 0xb9, 0x0, 0xc2, 0x1, 0xc4,
    0x40, 0x9, 0x4e, 0x90, 0x2, 0x8d, 0x78,

    /* U+014C "Ō" */
    0x0, 0xd7, 0xbb, 0x0, 0x7e, 0xbd, 0xd8, 0x3,
    0xe6, 0xcf, 0xf6, 0xb8, 0x7, 0x5c, 0xde, 0x62,
    0xeb, 0x0, 0x28, 0x4d, 0x73, 0x33, 0x61, 0x48,
    0x1, 0x9c, 0x80, 0x30, 0xc3, 0x1, 0xd, 0x80,
    0x79, 0x1, 0x4, 0x4, 0x3, 0xc6, 0x1, 0x84,
    0x3, 0xc6, 0xe, 0x60, 0x80, 0x1e, 0x40, 0x30,
    0x78, 0x20, 0xc, 0x30, 0xc0, 0x8, 0x4c, 0x73,
    0x33, 0x79, 0x48, 0x5, 0x73, 0x79, 0x8a, 0x9c,
    0x0, 0x0,

    /* U+014D "ō" */
    0x0, 0x16, 0xed, 0x20, 0x18, 0xb7, 0x69, 0x0,
    0xcd, 0xbf, 0xd4, 0x40, 0x7, 0x98, 0xed, 0x1f,
    0x0, 0x44, 0xa8, 0x9d, 0x13, 0x18, 0x20, 0x4,
    0x27, 0xc0, 0x1f, 0x84, 0xc1, 0x0, 0x31, 0xe0,
    0x3c, 0x30, 0x9d, 0x92, 0x84, 0x42, 0xfb, 0x4b,
    0x0,

    /* U+014E "Ŏ" */
    0x0, 0xd8, 0x0, 0xb1, 0x0, 0xfb, 0xee, 0xdc,
    0x20, 0x1f, 0x1d, 0xd9, 0x40, 0x3e, 0x6c, 0xff,
    0x6b, 0x80, 0x75, 0xcd, 0xe6, 0x2e, 0xb0, 0x2,
    0x84, 0xd7, 0x33, 0x36, 0x14, 0x80, 0x19, 0xc8,
    0x3, 0xc, 0x30, 0x10, 0xd8, 0x7, 0x90, 0x10,
    0x40, 0x40, 0x3c, 0x60, 0x18, 0x40, 0x3c, 0x60,
    0xe6, 0x8, 0x1, 0xe4, 0x3, 0x7, 0x82, 0x0,
    0xc3, 0xc, 0x0, 0x84, 0xc7, 0x33, 0x37, 0x94,
    0x80, 0x57, 0x37, 0x98, 0xa9, 0xc0, 0x0,

    /* U+014F "ŏ" */
    0x0, 0x15, 0x0, 0xe0, 0x6, 0x2c, 0xba, 0xe0,
    0xe, 0x6b, 0xb1, 0x0, 0x66, 0xdf, 0xea, 0x20,
    0x3, 0xcc, 0x76, 0x8f, 0x80, 0x22, 0x54, 0x4e,
    0x89, 0x8c, 0x10, 0x2, 0x13, 0xe0, 0xf, 0xc2,
    0x60, 0x80, 0x18, 0xf0, 0x1e, 0x18, 0x4e, 0xc9,
    0x42, 0x21, 0x7d, 0xa5, 0x80,

    /* U+0150 "Ő" */
    0x0, 0xe1, 0x42, 0x40, 0xf, 0xd4, 0xfc, 0xc0,
    0x1f, 0x36, 0xdc, 0x10, 0x7, 0xcc, 0xc8, 0x40,
    0xf, 0x9b, 0x3f, 0xda, 0xe0, 0x1d, 0x73, 0x79,
    0x8b, 0xac, 0x0, 0xa1, 0x35, 0xcc, 0xcd, 0x85,
    0x20, 0x6, 0x72, 0x0, 0xc3, 0xc, 0x4, 0x36,
    0x1, 0xe4, 0x4, 0x10, 0x10, 0xf, 0x18, 0x6,
    0x10, 0xf, 0x18, 0x39, 0x82, 0x0, 0x79, 0x0,
    0xc1, 0xe0, 0x80, 0x30, 0xc3, 0x0, 0x21, 0x31,
    0xcc, 0xcd, 0xe5, 0x20, 0x15, 0xcd, 0xe6, 0x2a,
    0x70, 0x0,

    /* U+0151 "ő" */
    0x0, 0xd6, 0x98, 0x60, 0x19, 0xb3, 0x12, 0x60,
    0x18, 0xdf, 0x54, 0x3, 0x94, 0x14, 0x3, 0x9b,
    0x7f, 0xa8, 0x80, 0xf, 0x31, 0xda, 0x3e, 0x0,
    0x89, 0x51, 0x3a, 0x26, 0x30, 0x40, 0x8, 0x4f,
    0x80, 0x3f, 0x9, 0x82, 0x0, 0x63, 0xc0, 0x78,
    0x61, 0x3b, 0x25, 0x8, 0x85, 0xf6, 0x96, 0x0,

    /* U+0152 "Œ" */
    0x0, 0x9b, 0x3f, 0xff, 0x70, 0x5, 0x52, 0xd3,
    0x54, 0x25, 0xaa, 0xc0, 0x7, 0x5a, 0xa3, 0x2a,
    0x84, 0x95, 0x64, 0x0, 0x4b, 0x28, 0x7, 0xfc,
    0x43, 0x40, 0x1f, 0xfc, 0x1, 0x1, 0x0, 0xf3,
    0xff, 0xd0, 0x1, 0x8, 0x7, 0x9b, 0x76, 0x90,
    0x30, 0x40, 0xf, 0x9, 0x14, 0x20, 0x7, 0x82,
    0x0, 0xff, 0xe0, 0x41, 0xe3, 0x99, 0x18, 0x88,
    0x8b, 0x0, 0x59, 0x37, 0x9b, 0x84, 0xdb, 0xb8,
    0x80,

    /* U+0153 "œ" */
    0x0, 0x2e, 0x7f, 0x50, 0x8a, 0xbf, 0xa8, 0x40,
    0xf, 0x54, 0xed, 0x1c, 0xd3, 0xdc, 0x1a, 0x0,
    0x44, 0xb0, 0x9d, 0x10, 0x49, 0x12, 0x50, 0x4c,
    0x10, 0x2, 0x13, 0x37, 0xfd, 0xa0, 0x40, 0x1f,
    0x93, 0x77, 0x8c, 0xc0, 0x80, 0x18, 0xd4, 0x8b,
    0x80, 0xf, 0xa, 0x27, 0x6a, 0x76, 0x42, 0xb0,
    0x0, 0x89, 0x8e, 0xd3, 0xac, 0xd, 0xf9, 0xc0,

    /* U+0154 "Ŕ" */
    0x0, 0xca, 0xa0, 0xf, 0x15, 0xa0, 0x7, 0xbb,
    0x44, 0x3, 0xd8, 0x60, 0x1a, 0x3f, 0xee, 0xa1,
    0x0, 0x8b, 0x75, 0x6f, 0x80, 0x10, 0x91, 0x16,
    0x48, 0x80, 0x1f, 0x8c, 0x3, 0x8a, 0x54, 0x40,
    0x7, 0xfe, 0xda, 0xa0, 0x4, 0x5b, 0x65, 0xc0,
    0x18, 0x49, 0x3d, 0x94, 0x3, 0xc4, 0xf6, 0x1,
    0xf4, 0x4, 0x80, 0x7d, 0x6c, 0x60,

    /* U+0155 "ŕ" */
    0x0, 0x27, 0x8, 0xc, 0xe8, 0x81, 0x49, 0x80,
    0xd, 0x0, 0x17, 0x31, 0xee, 0xf, 0xfc, 0xc0,
    0x6e, 0x22, 0x4, 0x0, 0xff, 0xe5, 0x80,

    /* U+0156 "Ŗ" */
    0x8f, 0xfb, 0xa8, 0x40, 0x22, 0xdd, 0x5b, 0xe0,
    0x4, 0x24, 0x45, 0x92, 0x20, 0x7, 0xe3, 0x0,
    0xe2, 0x95, 0x10, 0x1, 0xff, 0xb6, 0xa8, 0x1,
    0x16, 0xd9, 0x70, 0x6, 0x12, 0x4f, 0x65, 0x0,
    0xf1, 0x3d, 0x80, 0x7d, 0x1, 0x20, 0x1f, 0x5b,
    0x1c, 0x60, 0x6, 0x5f, 0x30, 0xb, 0x58, 0x3,
    0xc8, 0x2c, 0x1, 0x80,

    /* U+0157 "ŗ" */
    0x0, 0xeb, 0x98, 0xf7, 0x7, 0xfe, 0x60, 0x37,
    0x11, 0x2, 0x0, 0x7f, 0xf2, 0xee, 0x44, 0x2,
    0x6d, 0x0, 0xaf, 0xc0, 0x0,

    /* U+0158 "Ř" */
    0x2, 0x50, 0x16, 0x0, 0xc5, 0xc7, 0x44, 0x1,
    0xd5, 0xa2, 0x80, 0x1c, 0x3d, 0x40, 0x1a, 0x3f,
    0xee, 0xa1, 0x0, 0x8b, 0x75, 0x6f, 0x80, 0x10,
    0x91, 0x16, 0x48, 0x80, 0x1f, 0x8c, 0x3, 0x8a,
    0x54, 0x40, 0x7, 0xfe, 0xda, 0xa0, 0x4, 0x5b,
    0x65, 0xc0, 0x18, 0x49, 0x3d, 0x94, 0x3, 0xc4,
    0xf6, 0x1, 0xf4, 0x4, 0x80, 0x7d, 0x6c, 0x60,

    /* U+0159 "ř" */
    0x77, 0x5, 0xa3, 0xdc, 0x92, 0x7, 0xc, 0x80,
    0xa, 0x0, 0x17, 0x31, 0xee, 0xf, 0xfc, 0xc0,
    0x6e, 0x22, 0x4, 0x0, 0xff, 0xe5, 0x80,

    /* U+015A "Ś" */
    0x0, 0xe7, 0x10, 0xe, 0x9e, 0x10, 0xc, 0x8b,
    0x20, 0x1c, 0x98, 0x1, 0xcd, 0x9f, 0xed, 0x20,
    0x98, 0xac, 0xc5, 0x8, 0x34, 0x31, 0x99, 0xcc,
    0x7, 0xc0, 0x3d, 0x6d, 0x44, 0x1, 0x97, 0x7,
    0x68, 0x40, 0x23, 0xbc, 0x6f, 0x10, 0xc, 0x78,
    0x70, 0x1, 0xe6, 0x30, 0xc6, 0x33, 0x3a, 0x78,
    0x2d, 0xe6, 0xdd, 0x94,

    /* U+015B "ś" */
    0x0, 0x87, 0x8c, 0x3, 0x54, 0x18, 0x4, 0x58,
    0xc0, 0x18, 0x9c, 0x3, 0x1d, 0xff, 0xa4, 0x1,
    0xa7, 0xdb, 0x80, 0x22, 0xc1, 0x25, 0x1, 0x6b,
    0x92, 0x0, 0xa7, 0x3, 0x60, 0x2, 0x39, 0xa7,
    0x2, 0x72, 0x1d, 0x10, 0x3b, 0xde, 0x3c, 0x0,

    /* U+015C "Ŝ" */
    0x0, 0x8d, 0xc0, 0x3d, 0xfb, 0x0, 0x1a, 0x26,
    0x90, 0xc0, 0x28, 0x50, 0xc3, 0x0, 0x9b, 0x3f,
    0xda, 0x41, 0x31, 0x59, 0x8a, 0x10, 0x68, 0x63,
    0x33, 0x98, 0xf, 0x80, 0x7a, 0xda, 0x88, 0x3,
    0x2e, 0xe, 0xd0, 0x80, 0x47, 0x78, 0xde, 0x20,
    0x18, 0xf0, 0xe0, 0x3, 0xcc, 0x61, 0x8c, 0x66,
    0x74, 0xf0, 0x5b, 0xcd, 0xbb, 0x28,

    /* U+015D "ŝ" */
    0x0, 0x3f, 0x98, 0x4, 0x57, 0x9e, 0x1, 0x27,
    0x1d, 0x18, 0x1, 0x88, 0x18, 0xc0, 0x7, 0x7f,
    0xe9, 0x0, 0x69, 0xf6, 0xe0, 0x8, 0xb0, 0x49,
    0x40, 0x5a, 0xe4, 0x80, 0x29, 0xc0, 0xd8, 0x0,
    0x8e, 0x69, 0xc0, 0x9c, 0x87, 0x44, 0xe, 0xf7,
    0x8f, 0x0,

    /* U+015E "Ş" */
    0x0, 0x36, 0x7f, 0xb4, 0x82, 0x62, 0xb3, 0x14,
    0x20, 0xd0, 0xc6, 0x67, 0x30, 0x1f, 0x0, 0xf5,
    0xb5, 0x10, 0x6, 0x5c, 0x1d, 0xa1, 0x0, 0x8e,
    0xf1, 0xbc, 0x40, 0x31, 0xe1, 0xc0, 0x7, 0x98,
    0xc3, 0x18, 0xcc, 0xe9, 0xe0, 0xb7, 0x98, 0xbb,
    0x28, 0x4e, 0xd4, 0x62, 0x0, 0x61, 0xb6, 0x0,
    0xe4, 0xd8, 0x0, 0xe7, 0xa9, 0x0, 0x0,

    /* U+015F "ş" */
    0x3, 0xbf, 0xf4, 0x80, 0x34, 0xfb, 0x70, 0x4,
    0x58, 0x24, 0xa0, 0x2d, 0x72, 0x40, 0x14, 0xe0,
    0x6c, 0x0, 0x47, 0x34, 0xe0, 0x4e, 0x43, 0xa2,
    0x7, 0x7b, 0xc7, 0x80, 0x39, 0x6d, 0x64, 0x1,
    0x3a, 0xb8, 0x6, 0x3c, 0x80, 0xc, 0xd6, 0xe0,
    0x0,

    /* U+0160 "Š" */
    0x0, 0x30, 0x82, 0x90, 0x4, 0x54, 0x72, 0x40,
    0x12, 0x16, 0xf0, 0x7, 0x4f, 0x10, 0x6, 0x6c,
    0xff, 0x69, 0x4, 0xc5, 0x66, 0x28, 0x41, 0xa1,
    0x8c, 0xce, 0x60, 0x3e, 0x1, 0xeb, 0x6a, 0x20,
    0xc, 0xb8, 0x3b, 0x42, 0x1, 0x1d, 0xe3, 0x78,
    0x80, 0x63, 0xc3, 0x80, 0xf, 0x31, 0x86, 0x31,
    0x99, 0xd3, 0xc1, 0x6f, 0x36, 0xec, 0xa0,

    /* U+0161 "š" */
    0xb, 0x30, 0xc1, 0x0, 0x4f, 0x55, 0x4, 0x0,
    0x50, 0x4c, 0x1, 0x96, 0x0, 0x31, 0xdf, 0xfa,
    0x40, 0x1a, 0x7d, 0xb8, 0x2, 0x2c, 0x12, 0x50,
    0x16, 0xb9, 0x20, 0xa, 0x70, 0x36, 0x0, 0x23,
    0x9a, 0x70, 0x27, 0x21, 0xd1, 0x3, 0xbd, 0xe3,
    0xc0,

    /* U+0162 "Ţ" */
    0xaf, 0xff, 0x86, 0xf7, 0x4e, 0x3b, 0xb0, 0x88,
    0x89, 0xe6, 0x45, 0x0, 0x7f, 0xff, 0xc1, 0x24,
    0x3, 0xe7, 0x86, 0x0, 0xf2, 0x6c, 0x0, 0x79,
    0xea, 0x40, 0x20,

    /* U+0163 "ţ" */
    0x0, 0x10, 0x6, 0x4d, 0x0, 0xfe, 0xab, 0xf,
    0xf0, 0x55, 0x3, 0xb8, 0x0, 0x10, 0x11, 0x0,
    0x7f, 0xf2, 0x18, 0x14, 0x80, 0x4, 0xd5, 0x80,
    0x15, 0xa7, 0x0, 0x46, 0xf2, 0x1, 0xe, 0x21,
    0x0, 0x12, 0xdc, 0x80,

    /* U+0164 "Ť" */
    0x0, 0x30, 0x1, 0x48, 0x3, 0x15, 0x27, 0x10,
    0x6, 0x43, 0xa9, 0x0, 0xf4, 0xf1, 0x0, 0x55,
    0xff, 0xf0, 0xde, 0xe9, 0xc7, 0x76, 0x11, 0x11,
    0x3c, 0xc8, 0xa0, 0xf, 0xff, 0xe8,

    /* U+0165 "ť" */
    0x0, 0x20, 0x5, 0xca, 0x9, 0x60, 0x5, 0x58,
    0x3, 0x92, 0xc2, 0xac, 0x3f, 0xc2, 0x0, 0xaa,
    0x7, 0x70, 0x3, 0x8, 0x8, 0x80, 0x3f, 0xfa,
    0xc, 0xa, 0x40, 0x18, 0x9e, 0xb0, 0x2,

    /* U+0166 "Ŧ" */
    0xaf, 0xff, 0x86, 0xf7, 0x4e, 0x3b, 0xb0, 0x88,
    0x89, 0xe6, 0x45, 0x0, 0x7f, 0xf2, 0x1b, 0xe0,
    0xbf, 0x0, 0x27, 0xc7, 0x1c, 0xe0, 0x8, 0x4f,
    0xcc, 0xc4, 0x1, 0xff, 0xd1,

    /* U+0167 "ŧ" */
    0x0, 0x10, 0x6, 0x4d, 0x0, 0xfe, 0xab, 0xf,
    0xf0, 0x55, 0x3, 0xb8, 0x0, 0x10, 0x11, 0x4,
    0x50, 0x76, 0x84, 0x58, 0x7e, 0x0, 0x4, 0x4,
    0x40, 0x7, 0x4, 0x20, 0x1, 0xb5, 0xe0, 0x0,

    /* U+0168 "Ũ" */
    0x0, 0x3f, 0x38, 0x60, 0x6, 0xbf, 0xe, 0x40,
    0xd, 0x82, 0xfd, 0x0, 0xa, 0xa0, 0x7, 0x55,
    0x0, 0x3f, 0xfd, 0x46, 0xc0, 0x1c, 0xc7, 0xe6,
    0x20, 0x10, 0x9e, 0x30, 0xe2, 0x9a, 0xe1, 0x28,
    0x7b, 0xde, 0x5a, 0x60, 0x0,

    /* U+0169 "ũ" */
    0x8, 0xe7, 0xc, 0x0, 0x1f, 0x7f, 0x50, 0x2,
    0xc2, 0x39, 0x83, 0x98, 0x2, 0x8c, 0x0, 0xff,
    0xe4, 0x98, 0x7, 0x87, 0x80, 0x22, 0x4, 0x61,
    0x4, 0x50, 0x87, 0xfd, 0xd3, 0x80,

    /* U+016A "Ū" */
    0x0, 0x36, 0xec, 0xc0, 0x19, 0xb7, 0x66, 0x0,
    0x55, 0x0, 0x3a, 0xa8, 0x1, 0xff, 0xea, 0x36,
    0x0, 0xe6, 0x3f, 0x31, 0x0, 0x84, 0xf1, 0x87,
    0x14, 0xd7, 0x9, 0x43, 0xde, 0xf2, 0xd3, 0x0,

    /* U+016B "ū" */
    0x7, 0xdd, 0x94, 0x0, 0xfb, 0xb2, 0x87, 0x30,
    0x5, 0x18, 0x1, 0xff, 0xc9, 0x30, 0xf, 0xf,
    0x0, 0x44, 0x8, 0xc2, 0x8, 0xa1, 0xf, 0xfb,
    0xa7, 0x0,

    /* U+016C "Ŭ" */
    0x0, 0x42, 0x3, 0xb8, 0x3, 0x4f, 0x5f, 0x38,
    0x6, 0x1a, 0xb9, 0x0, 0xaa, 0x80, 0x1d, 0x54,
    0x0, 0xff, 0xf5, 0x1b, 0x0, 0x73, 0x1f, 0x98,
    0x80, 0x42, 0x78, 0xc3, 0x8a, 0x6b, 0x84, 0xa1,
    0xef, 0x79, 0x69, 0x80,

    /* U+016D "ŭ" */
    0x9, 0x30, 0x76, 0x0, 0x44, 0xdf, 0xb0, 0x0,
    0x6a, 0xe0, 0x1, 0xcc, 0x1, 0x46, 0x0, 0x7f,
    0xf2, 0x4c, 0x3, 0xc3, 0xc0, 0x11, 0x2, 0x30,
    0x82, 0x28, 0x43, 0xfe, 0xe9, 0xc0,

    /* U+016E "Ů" */
    0x0, 0xa2, 0x94, 0x3, 0x8c, 0x6a, 0x40, 0x38,
    0xc2, 0xa4, 0x3, 0xd3, 0x4a, 0x1, 0x55, 0x0,
    0x3a, 0xa8, 0x1, 0xff, 0xea, 0x36, 0x0, 0xe6,
    0x3f, 0x31, 0x0, 0x84, 0xf1, 0x87, 0x14, 0xd7,
    0x9, 0x43, 0xde, 0xf2, 0xd3, 0x0,

    /* U+016F "ů" */
    0x0, 0x3d, 0x30, 0x4, 0x3b, 0x54, 0x0, 0x84,
    0xaa, 0x80, 0x1a, 0x29, 0x80, 0x1c, 0xc0, 0x14,
    0x60, 0x7, 0xff, 0x24, 0xc0, 0x3c, 0x3c, 0x1,
    0x10, 0x23, 0x8, 0x22, 0x84, 0x3f, 0xee, 0x9c,
    0x0,

    /* U+0170 "Ű" */
    0x0, 0xca, 0xc, 0x1, 0xcb, 0x8e, 0x20, 0x18,
    0x7a, 0xf5, 0xc0, 0x30, 0xd9, 0x50, 0x5, 0x54,
    0x0, 0xea, 0xa0, 0x7, 0xff, 0xa8, 0xd8, 0x3,
    0x98, 0xfc, 0xc4, 0x2, 0x13, 0xc6, 0x1c, 0x53,
    0x5c, 0x25, 0xf, 0x7b, 0xcb, 0x4c, 0x0,

    /* U+0171 "ű" */
    0x0, 0x1d, 0xa5, 0x80, 0x51, 0x3f, 0x60, 0x2,
    0x80, 0x90, 0x8, 0x8c, 0x88, 0x0, 0xe6, 0x0,
    0xa3, 0x0, 0x3f, 0xf9, 0x26, 0x1, 0xe1, 0xe0,
    0x8, 0x81, 0x18, 0x41, 0x14, 0x21, 0xff, 0x74,
    0xe0,

    /* U+0172 "Ų" */
    0xaa, 0x0, 0x75, 0x50, 0x3, 0xff, 0xd4, 0x6c,
    0x1, 0xcc, 0x7e, 0x62, 0x1, 0x9, 0xe3, 0xe,
    0x29, 0xae, 0x12, 0x87, 0xbd, 0xe5, 0x26, 0x0,
    0x6, 0xb8, 0xf6, 0x44, 0x3, 0x2b, 0x10, 0x7,
    0x9d, 0x9c, 0x2,

    /* U+0173 "ų" */
    0xe6, 0x0, 0xa3, 0x0, 0x3f, 0xf9, 0x26, 0x1,
    0xe1, 0xe0, 0x8, 0x81, 0x18, 0x41, 0x14, 0x21,
    0xff, 0x74, 0xe0, 0x9, 0xed, 0x92, 0x80, 0xc,
    0x80, 0x80, 0x19, 0x9d, 0xc0,

    /* U+0174 "Ŵ" */
    0x0, 0xf9, 0xc8, 0x3, 0xff, 0x81, 0x1d, 0xc0,
    0xf, 0xf8, 0xca, 0x6e, 0x0, 0x3f, 0xc7, 0x40,
    0xf0, 0x1, 0xd5, 0x80, 0x18, 0xbd, 0x40, 0x36,
    0x4f, 0x98, 0x80, 0x4a, 0x1e, 0x1, 0x9, 0xe2,
    0x2, 0x0, 0x56, 0x88, 0x0, 0x90, 0x14, 0x4f,
    0xc0, 0x23, 0xf1, 0x30, 0x6, 0x20, 0x2, 0xd0,
    0x0, 0xa2, 0x86, 0x80, 0x7, 0xc0, 0x2, 0x89,
    0x87, 0xb8, 0x25, 0x81, 0xa, 0x80, 0x8, 0x88,
    0x9, 0xa1, 0x66, 0x8, 0x24, 0x1, 0x25, 0x98,
    0xa0, 0x18, 0x2e, 0xb8, 0x6, 0xd3, 0xb4, 0x0,
    0x97, 0x13, 0x40, 0x32, 0x3, 0x60, 0x5, 0x8e,
    0x8, 0x1, 0xca, 0x2a, 0x1, 0x38, 0xa0, 0x4,

    /* U+0175 "ŵ" */
    0x0, 0xed, 0xc0, 0xf, 0xe9, 0x85, 0x70, 0xf,
    0xde, 0xb2, 0x1, 0xfc, 0xc0, 0x7, 0x0, 0xd5,
    0x40, 0xb, 0x68, 0x2, 0xf3, 0xf4, 0x0, 0x9,
    0x20, 0x1, 0x4, 0xd0, 0x4c, 0x1d, 0x80, 0xc3,
    0x50, 0x4, 0xd0, 0x37, 0x48, 0x80, 0x4f, 0x0,
    0x5d, 0x81, 0x53, 0xec, 0x49, 0x40, 0xa, 0x6c,
    0x80, 0x86, 0xe8, 0x1, 0x11, 0x2f, 0xc0, 0x4e,
    0xf4, 0x3, 0x29, 0x20, 0x2, 0xc9, 0x0, 0x0,

    /* U+0176 "Ŷ" */
    0x0, 0x85, 0xc4, 0x3, 0xd5, 0xd6, 0x1, 0xcc,
    0x72, 0xa, 0x1, 0x9a, 0x2, 0x94, 0x1, 0x3a,
    0x1, 0xdc, 0xf0, 0x4c, 0x1, 0x30, 0x38, 0xb4,
    0x0, 0x51, 0x0, 0x4, 0xb, 0x3, 0x9b, 0x0,
    0x5, 0xe0, 0x62, 0x0, 0x1a, 0x47, 0x9, 0x40,
    0x30, 0xc1, 0x48, 0x7, 0x8c, 0x14, 0x3, 0xff,
    0xa4,

    /* U+0177 "ŷ" */
    0x0, 0xb3, 0x40, 0x3a, 0x2e, 0xa0, 0x3, 0x73,
    0xbb, 0xc0, 0x33, 0x0, 0x1c, 0x1, 0x76, 0x0,
    0xda, 0xfc, 0x82, 0x0, 0x32, 0x65, 0x17, 0x0,
    0x5a, 0x8, 0x36, 0x80, 0x1b, 0xc0, 0x14, 0x82,
    0x80, 0x80, 0x2, 0x37, 0xe6, 0x0, 0xd5, 0x45,
    0xa0, 0xc, 0xe6, 0x62, 0x0, 0xc2, 0x29, 0x0,
    0xe4, 0x5, 0x0, 0x84, 0xa6, 0x40, 0x1a, 0x35,
    0x5c, 0x3, 0x0,

    /* U+0178 "Ÿ" */
    0x0, 0x21, 0x82, 0x18, 0x6, 0xeb, 0xe, 0xb0,
    0xd, 0x50, 0x15, 0x0, 0x9, 0xd0, 0xe, 0xe7,
    0x82, 0x60, 0x9, 0x81, 0xc5, 0xa0, 0x2, 0x88,
    0x0, 0x20, 0x58, 0x1c, 0xd8, 0x0, 0x2f, 0x3,
    0x10, 0x0, 0xd2, 0x38, 0x4a, 0x1, 0x86, 0xa,
    0x40, 0x3c, 0x60, 0xa0, 0x1f, 0xfd, 0x20,

    /* U+0179 "Ź" */
    0x0, 0xe5, 0x40, 0xf, 0x1c, 0x28, 0x7, 0xbb,
    0xc4, 0x3, 0xda, 0x40, 0x11, 0xff, 0xfd, 0x27,
    0xbb, 0xcc, 0x30, 0x4, 0x58, 0x1a, 0x84, 0x3,
    0xb9, 0x90, 0x3, 0xa0, 0x64, 0x3, 0x8d, 0xf8,
    0x3, 0xdc, 0xe6, 0x1, 0xd2, 0x30, 0x1, 0xc8,
    0xdc, 0x1, 0xc3, 0x4c, 0x4, 0x58, 0x60, 0x5b,
    0x77, 0xac,

    /* U+017A "ź" */
    0x0, 0x87, 0x90, 0x3, 0x5c, 0x20, 0x4, 0x38,
    0xc0, 0x18, 0x58, 0x2, 0x4f, 0xfe, 0xb4, 0xee,
    0xa4, 0x68, 0x4, 0x41, 0x16, 0x20, 0x16, 0xba,
    0x80, 0x4e, 0x32, 0x1, 0x1c, 0x70, 0x6, 0xe7,
    0x21, 0x10, 0x49, 0x3f, 0x75, 0xa0,

    /* U+017B "Ż" */
    0x0, 0xff, 0xe0, 0xfa, 0x0, 0x7d, 0x88, 0x1,
    0x1f, 0xfd, 0x9f, 0xf4, 0x9e, 0xef, 0x30, 0xc0,
    0x11, 0x60, 0x6a, 0x10, 0xe, 0xe6, 0x40, 0xe,
    0x81, 0x90, 0xe, 0x37, 0xe0, 0xf, 0x73, 0x98,
    0x7, 0x48, 0xc0, 0x7, 0x23, 0x70, 0x7, 0xd,
    0x30, 0x11, 0x61, 0x81, 0x6d, 0xde, 0xb0,

    /* U+017C "ż" */
    0x0, 0xb1, 0x80, 0x3a, 0x10, 0x3, 0x90, 0x80,
    0x9, 0xff, 0xd6, 0x9d, 0xd4, 0x8d, 0x0, 0x88,
    0x22, 0xc4, 0x2, 0xd7, 0x50, 0x9, 0xc6, 0x40,
    0x23, 0x8e, 0x0, 0xdc, 0xe4, 0x22, 0x9, 0x27,
    0xee, 0xb4,

    /* U+017D "Ž" */
    0x0, 0xa, 0x80, 0x18, 0x3, 0xf, 0xa5, 0x18,
    0x7, 0x5d, 0xa, 0x80, 0x70, 0xf5, 0x80, 0x47,
    0xff, 0xf4, 0x9e, 0xef, 0x30, 0xc0, 0x11, 0x60,
    0x6a, 0x10, 0xe, 0xe6, 0x40, 0xe, 0x81, 0x90,
    0xe, 0x37, 0xe0, 0xf, 0x73, 0x98, 0x7, 0x48,
    0xc0, 0x7, 0x23, 0x70, 0x7, 0xd, 0x30, 0x11,
    0x61, 0x81, 0x6d, 0xde, 0xb0,

    /* U+017E "ž" */
    0x0, 0x60, 0x9d, 0x80, 0x51, 0x5d, 0x20, 0x12,
    0x6c, 0x10, 0x6, 0x65, 0x0, 0x27, 0xff, 0x5a,
    0x77, 0x52, 0x34, 0x2, 0x20, 0x8b, 0x10, 0xb,
    0x5d, 0x40, 0x27, 0x19, 0x0, 0x8e, 0x38, 0x3,
    0x73, 0x90, 0x88, 0x24, 0x9f, 0xba, 0xd0,

    /* U+017F "ſ" */
    0x9, 0xeb, 0x67, 0xc9, 0xc7, 0x22, 0x8, 0x7,
    0xff, 0x5c,

    /* U+01A0 "Ơ" */
    0x0, 0xff, 0x94, 0x80, 0x3f, 0xef, 0x40, 0x9,
    0xb3, 0xfd, 0x8a, 0x2, 0xe4, 0x0, 0xb9, 0xbc,
    0xc5, 0x47, 0xf9, 0x10, 0x10, 0x9a, 0xe6, 0x66,
    0xc1, 0x69, 0x0, 0x33, 0x90, 0x6, 0x18, 0x70,
    0x1, 0xd, 0x80, 0x79, 0x0, 0xc0, 0x40, 0x40,
    0x3c, 0x60, 0xe0, 0x10, 0x80, 0x78, 0xc1, 0xc0,
    0xc1, 0x0, 0x3c, 0x80, 0x60, 0x7, 0x82, 0x0,
    0xc3, 0xc, 0x1, 0x42, 0x63, 0x99, 0x9b, 0xca,
    0x40, 0x35, 0xcd, 0xe6, 0x2a, 0x70, 0x2,

    /* U+01A1 "ơ" */
    0x0, 0xfd, 0x86, 0x1, 0xf0, 0x89, 0xc0, 0xd,
    0xbf, 0xf7, 0x3a, 0x3, 0xcc, 0x76, 0x20, 0xd0,
    0x2, 0x25, 0x44, 0xe8, 0x58, 0xc, 0x10, 0x2,
    0x13, 0xf0, 0xf, 0xf8, 0xc1, 0x0, 0x31, 0xe0,
    0x1, 0xe1, 0x84, 0xec, 0x94, 0x1, 0x10, 0xbe,
    0xd2, 0xc0, 0x0,

    /* U+01A2 "Ƣ" */
    0x0, 0x96, 0xff, 0xff, 0x80, 0x29, 0xa3, 0xcd,
    0xd3, 0x1e, 0xea, 0x40, 0x26, 0x66, 0x41, 0x91,
    0x0, 0x4, 0x50, 0x5, 0xe, 0x60, 0x1f, 0xf1,
    0xd, 0x80, 0x7f, 0xf0, 0x4, 0x4, 0x3, 0xff,
    0x9e, 0x60, 0xa0, 0x1f, 0xfc, 0x17, 0x91, 0x0,
    0xff, 0xe0, 0x41, 0x62, 0x0, 0x8, 0x80, 0x1f,
    0xb2, 0xa3, 0xfe, 0x28, 0x0, 0xe0,

    /* U+01A3 "ƣ" */
    0x0, 0x2e, 0x7f, 0xfc, 0xa0, 0xd5, 0x4e, 0xf5,
    0x57, 0x70, 0x2, 0x98, 0x61, 0x0, 0x18, 0x88,
    0x0, 0x60, 0xa0, 0x1f, 0xf1, 0x80, 0x7f, 0x18,
    0x20, 0x7, 0xf9, 0xec, 0xc0, 0x3f, 0xa2, 0x1d,
    0xd3, 0x60, 0x6,

    /* U+01A4 "Ƥ" */
    0x8, 0xef, 0xfd, 0x8a, 0xc, 0xca, 0x17, 0xdc,
    0x4a, 0x6f, 0x44, 0x7, 0x11, 0xc2, 0xd5, 0x3c,
    0x3, 0xda, 0x46, 0xa0, 0x1e, 0xe3, 0x0, 0xf0,
    0xb3, 0x20, 0x3, 0x4f, 0xf4, 0x4a, 0x80, 0x67,
    0xdd, 0x73, 0x0, 0x77, 0x11, 0x0, 0x3f, 0xf9,
    0x60,

    /* U+01A5 "ƥ" */
    0x9, 0xfa, 0x0, 0xce, 0xed, 0x80, 0xd, 0xae,
    0x44, 0x0, 0xc2, 0x1, 0xfc, 0xdb, 0xf8, 0x80,
    0x4, 0xcf, 0xd5, 0xb1, 0x0, 0x51, 0x12, 0x45,
    0x81, 0x0, 0x32, 0xf0, 0x7, 0x9c, 0x41, 0x40,
    0x21, 0x3d, 0x3, 0x82, 0x3a, 0x25, 0x6, 0xc,
    0xc0, 0x60, 0x5, 0x1d, 0xf6, 0x20, 0x1f, 0xfc,
    0xd0,

    /* U+01A6 "Ʀ" */
    0x8c, 0x0, 0xf8, 0xff, 0xdd, 0x42, 0x0, 0x2d,
    0xd5, 0xbe, 0x80, 0x4, 0x88, 0xb2, 0x64, 0x1,
    0xce, 0x1, 0xe2, 0xf3, 0x20, 0x3f, 0xf6, 0xa6,
    0x0, 0xb, 0x64, 0x34, 0x2, 0x12, 0x68, 0xa1,
    0x0, 0xe7, 0x19, 0x0, 0xf4, 0xb8, 0xc6, 0x0,
    0x4c, 0x12,

    /* U+01A7 "Ƨ" */
    0x8, 0xef, 0xea, 0x20, 0x7, 0xde, 0x50, 0x61,
    0x3, 0xa9, 0xa5, 0x2, 0x80, 0x71, 0x8, 0x80,
    0x33, 0x61, 0xb0, 0x1, 0x7a, 0x27, 0x0, 0x11,
    0x4d, 0xce, 0x0, 0x17, 0x98, 0x0, 0xc4, 0xa,
    0x1, 0xc6, 0x6f, 0x42, 0x48, 0x80, 0x6a, 0xd6,
    0xd2, 0x60,

    /* U+01A8 "ƨ" */
    0xc, 0xfe, 0xa1, 0x9, 0xef, 0xd, 0x5, 0x11,
    0x69, 0x0, 0x12, 0xa2, 0x1, 0x74, 0x5a, 0xc8,
    0x8c, 0x82, 0x6, 0x7, 0x13, 0x82, 0xb9, 0xed,
    0x30,

    /* U+01A9 "Ʃ" */
    0x4f, 0xff, 0x32, 0x20, 0x73, 0x33, 0x85, 0x5,
    0x99, 0xc2, 0x3, 0x4e, 0x80, 0x1c, 0x8d, 0x42,
    0x1, 0xd4, 0x28, 0x1, 0xdc, 0x8a, 0x1, 0xa0,
    0xe8, 0x3, 0x23, 0xd0, 0x80, 0x43, 0x4a, 0xc4,
    0x50, 0xc0, 0xae, 0xee, 0xf0,

    /* U+01AA "ƪ" */
    0x4e, 0xe2, 0x80, 0x53, 0x35, 0x80, 0x46, 0x28,
    0x22, 0x0, 0x44, 0xe0, 0x18, 0x1, 0xbf, 0x40,
    0x3f, 0xff, 0x24, 0xa, 0x40, 0x1a, 0x27, 0x0,

    /* U+01AB "ƫ" */
    0x0, 0x10, 0x6, 0x4d, 0x0, 0xfe, 0xab, 0xf,
    0xf0, 0x55, 0x3, 0xb8, 0x0, 0x10, 0x11, 0x0,
    0x7f, 0xf2, 0x18, 0x14, 0x80, 0x4, 0xf5, 0xa0,
    0x14, 0x50, 0x6, 0xfa, 0x90, 0xb, 0xfc, 0xc0,

    /* U+01AC "Ƭ" */
    0x5, 0xdf, 0xff, 0x9, 0xd5, 0xeb, 0x8e, 0xec,
    0x2c, 0x2c, 0x5e, 0x64, 0x50, 0x25, 0x0, 0x7e,
    0x14, 0x0, 0xff, 0xfc, 0x0,

    /* U+01AD "ƭ" */
    0x0, 0x37, 0x70, 0x0, 0x33, 0x78, 0x0, 0x50,
    0x52, 0x0, 0xfa, 0xac, 0x3f, 0xc1, 0x54, 0xe,
    0xe0, 0x0, 0x40, 0x44, 0x1, 0xff, 0xc8, 0x60,
    0x52, 0x0, 0x13, 0xd6, 0x0,

    /* U+01AE "Ʈ" */
    0xbf, 0xff, 0x86, 0xb7, 0x4e, 0x3b, 0xb0, 0x88,
    0x89, 0xe6, 0x45, 0x0, 0x7f, 0xff, 0xc0, 0x4c,
    0x3, 0xe5, 0x14, 0x0, 0xf1, 0xb5, 0xf9, 0x0,
    0x74, 0xf7, 0x8, 0x0,

    /* U+01AF "Ư" */
    0x0, 0xfe, 0x88, 0x0, 0x7f, 0x8, 0x55, 0x0,
    0x3a, 0xbc, 0xa4, 0x3, 0xf2, 0xd8, 0x80, 0x7f,
    0xfa, 0xcd, 0x80, 0x39, 0x8c, 0x1, 0xe6, 0x20,
    0x10, 0x9e, 0x0, 0x18, 0x71, 0x4d, 0x70, 0x94,
    0x2, 0xf7, 0xbc, 0xb4, 0xc0, 0x8,

    /* U+01B0 "ư" */
    0x0, 0xf9, 0xc, 0x3, 0xee, 0xbe, 0x60, 0xa,
    0x3c, 0x64, 0x3, 0xc7, 0x62, 0x1, 0xff, 0xc6,
    0x30, 0xf, 0xc3, 0xc0, 0x11, 0x0, 0x48, 0xc2,
    0x8, 0xa0, 0x14, 0x3f, 0xee, 0x9c, 0x2,

    /* U+1EA0 "Ạ" */
    0x0, 0xd7, 0xe0, 0x1f, 0x89, 0x5, 0x80, 0x3e,
    0xa3, 0x6a, 0x0, 0xf9, 0xae, 0xc6, 0x60, 0xe,
    0x41, 0x63, 0x2a, 0x0, 0xee, 0x41, 0xa, 0x60,
    0xc, 0x2b, 0xc0, 0x6, 0x6, 0x0, 0x98, 0x2b,
    0xfd, 0xc1, 0x40, 0x15, 0x2e, 0xee, 0x83, 0x20,
    0x32, 0x92, 0x2c, 0xe3, 0x41, 0x24, 0x60, 0x1c,
    0xcc, 0xa, 0xd0, 0xf, 0x47, 0x0, 0x72, 0xf8,
    0x7, 0xf2, 0xe0, 0x7, 0x0,

    /* U+1EA1 "ạ" */
    0x3, 0xbe, 0xfb, 0x20, 0x2, 0x6e, 0x6b, 0xc8,
    0x1, 0xd8, 0x89, 0x28, 0x1, 0x35, 0x65, 0x80,
    0x5b, 0x59, 0xf6, 0x0, 0x32, 0xd6, 0x33, 0x0,
    0x4, 0x14, 0xa, 0xc0, 0x5, 0x35, 0xd3, 0x60,
    0x13, 0x77, 0x2d, 0xbc, 0x3, 0x3e, 0x80, 0x79,
    0xbc, 0x2,

    /* U+1EA2 "Ả" */
    0x0, 0xd1, 0x84, 0x1, 0xfa, 0x19, 0x40, 0x3f,
    0x28, 0x38, 0x7, 0xe5, 0xa0, 0xf, 0xeb, 0xf0,
    0xf, 0xc4, 0x82, 0xc0, 0x1f, 0x51, 0xb5, 0x0,
    0x7c, 0xd7, 0x63, 0x30, 0x7, 0x20, 0xb1, 0x95,
    0x0, 0x77, 0x20, 0x85, 0x30, 0x6, 0x15, 0xe0,
    0x3, 0x3, 0x0, 0x4c, 0x15, 0xfe, 0xe0, 0xa0,
    0xa, 0x97, 0x77, 0x41, 0x90, 0x19, 0x49, 0x16,
    0x71, 0xa0, 0x92, 0x30, 0xe, 0x66, 0x0,

    /* U+1EA3 "ả" */
    0x0, 0xa7, 0x4, 0x3, 0xa5, 0xdc, 0x1, 0xcc,
    0x2c, 0x1, 0xcd, 0x40, 0x18, 0xef, 0xbe, 0xc8,
    0x0, 0x9b, 0x9a, 0xf2, 0x0, 0x76, 0x22, 0x4a,
    0x0, 0x4d, 0x59, 0x60, 0x16, 0xd6, 0x7d, 0x80,
    0xc, 0xb5, 0x8c, 0xc0, 0x1, 0x5, 0x2, 0xb0,
    0x1, 0x4d, 0x74, 0xd8, 0x0,

    /* U+1EA4 "Ấ" */
    0x0, 0xf8, 0xf8, 0x80, 0x3b, 0x78, 0xbb, 0x48,
    0x3, 0x55, 0x2f, 0xb4, 0xc0, 0x3a, 0x9d, 0x70,
    0x3, 0xf5, 0xf8, 0x7, 0xe2, 0x41, 0x60, 0xf,
    0xa8, 0xda, 0x80, 0x3e, 0x6b, 0xb1, 0x98, 0x3,
    0x90, 0x58, 0xca, 0x80, 0x3b, 0x90, 0x42, 0x98,
    0x3, 0xa, 0xf0, 0x1, 0x81, 0x80, 0x26, 0xa,
    0xff, 0x70, 0x50, 0x5, 0x4b, 0xbb, 0xa0, 0xc8,
    0xc, 0xa4, 0x8b, 0x38, 0xd0, 0x49, 0x18, 0x7,
    0x33, 0x0,

    /* U+1EA5 "ấ" */
    0x0, 0xf9, 0x8c, 0x3, 0xc9, 0x66, 0x1, 0x5f,
    0x26, 0xf8, 0x4, 0xfd, 0xfd, 0x4, 0x1, 0x3a,
    0x8d, 0x8, 0x4, 0x77, 0xdf, 0x64, 0x1, 0x26,
    0xe6, 0xbc, 0x80, 0x4e, 0xc4, 0x49, 0x40, 0xc,
    0xd5, 0x96, 0x1, 0xb6, 0xb3, 0xec, 0x2, 0x32,
    0xd6, 0x33, 0x0, 0x42, 0xa, 0x5, 0x60, 0x11,
    0x4d, 0x74, 0xd8, 0x4,

    /* U+1EA6 "Ầ" */
    0x1d, 0x50, 0xf, 0xc3, 0x90, 0x5b, 0xc2, 0x1,
    0xc3, 0xb1, 0x57, 0xa0, 0x1f, 0x53, 0xae, 0x0,
    0x7e, 0xbf, 0x0, 0xfc, 0x48, 0x2c, 0x1, 0xf5,
    0x1b, 0x50, 0x7, 0xcd, 0x76, 0x33, 0x0, 0x72,
    0xb, 0x19, 0x50, 0x7, 0x72, 0x8, 0x53, 0x0,
    0x61, 0x5e, 0x0, 0x30, 0x30, 0x4, 0xc1, 0x5f,
    0xee, 0xa, 0x0, 0xa9, 0x77, 0x74, 0x19, 0x1,
    0x94, 0x91, 0x67, 0x1a, 0x9, 0x23, 0x0, 0xe6,
    0x60, 0x0,

    /* U+1EA7 "ầ" */
    0x7, 0x20, 0xf, 0x87, 0x80, 0x3e, 0x64, 0x3b,
    0xe4, 0x0, 0xd0, 0x9d, 0xfa, 0x20, 0x19, 0xd4,
    0x64, 0x40, 0x23, 0xbe, 0xfb, 0x20, 0x9, 0x37,
    0x35, 0xe4, 0x2, 0x76, 0x22, 0x4a, 0x0, 0x66,
    0xac, 0xb0, 0xd, 0xb5, 0x9f, 0x60, 0x11, 0x96,
    0xb1, 0x98, 0x2, 0x10, 0x50, 0x2b, 0x0, 0x8a,
    0x6b, 0xa6, 0xc0, 0x0,

    /* U+1EA8 "Ẩ" */
    0x0, 0xf1, 0xeb, 0x0, 0x7e, 0x39, 0xb0, 0xf,
    0x5e, 0x8c, 0xf0, 0x7, 0x4e, 0x46, 0xe8, 0xc0,
    0x3a, 0x1d, 0x74, 0x3, 0xe1, 0xbf, 0x10, 0xf,
    0x89, 0x5, 0x80, 0x3e, 0xa3, 0x6a, 0x0, 0xf9,
    0xae, 0xc6, 0x60, 0xe, 0x41, 0x63, 0x2a, 0x0,
    0xee, 0x41, 0xa, 0x60, 0xc, 0x2b, 0xc0, 0x6,
    0x6, 0x0, 0x98, 0x2b, 0xfd, 0xc1, 0x40, 0x15,
    0x2e, 0xee, 0x83, 0x20, 0x32, 0x92, 0x2c, 0xe3,
    0x41, 0x24, 0x60, 0x1c, 0xcc, 0x0,

    /* U+1EA9 "ẩ" */
    0x0, 0xe4, 0xc8, 0x0, 0xb7, 0x98, 0x2c, 0x1,
    0x57, 0x69, 0xc3, 0x0, 0x53, 0x2d, 0x80, 0x7f,
    0xc7, 0x7d, 0xf6, 0x40, 0x4, 0xdc, 0xd7, 0x90,
    0x3, 0xb1, 0x12, 0x50, 0x2, 0x6a, 0xcb, 0x0,
    0xb6, 0xb3, 0xec, 0x0, 0x65, 0xac, 0x66, 0x0,
    0x8, 0x28, 0x15, 0x80, 0xa, 0x6b, 0xa6, 0xc0,
    0x0,

    /* U+1EAA "Ẫ" */
    0x0, 0xe, 0xe8, 0xd2, 0x0, 0x39, 0x2b, 0xe2,
    0x68, 0x3, 0x95, 0xdd, 0x9a, 0x40, 0x1e, 0x7c,
    0xa, 0x0, 0xf9, 0xa5, 0xec, 0x3, 0xe1, 0xbf,
    0x10, 0xf, 0x89, 0x5, 0x80, 0x3e, 0xa3, 0x6a,
    0x0, 0xf9, 0xae, 0xc6, 0x60, 0xe, 0x41, 0x63,
    0x2a, 0x0, 0xee, 0x41, 0xa, 0x60, 0xc, 0x2b,
    0xc0, 0x6, 0x6, 0x0, 0x98, 0x2b, 0xfd, 0xc1,
    0x40, 0x15, 0x2e, 0xee, 0x83, 0x20, 0x32, 0x92,
    0x2c, 0xe3, 0x41, 0x24, 0x60, 0x1c, 0xcc, 0x0,

    /* U+1EAB "ẫ" */
    0x2, 0xde, 0xe9, 0x80, 0x5, 0xbd, 0xd3, 0x0,
    0x6b, 0xe3, 0x0, 0xcf, 0xfe, 0x91, 0x0, 0x9d,
    0x6, 0x84, 0x0, 0x77, 0xdf, 0x64, 0x0, 0x4d,
    0xcd, 0x79, 0x0, 0x3b, 0x11, 0x25, 0x0, 0x26,
    0xac, 0xb0, 0xb, 0x6b, 0x3e, 0xc0, 0x6, 0x5a,
    0xc6, 0x60, 0x0, 0x82, 0x81, 0x58, 0x0, 0xa6,
    0xba, 0x6c, 0x0,

    /* U+1EAC "Ậ" */
    0x0, 0xca, 0xa0, 0xf, 0xc5, 0x32, 0x40, 0xf,
    0xa7, 0xb6, 0x0, 0x3e, 0xb2, 0x1c, 0x0, 0xfd,
    0x7e, 0x1, 0xf8, 0x90, 0x58, 0x3, 0xea, 0x36,
    0xa0, 0xf, 0x9a, 0xec, 0x66, 0x0, 0xe4, 0x16,
    0x32, 0xa0, 0xe, 0xe4, 0x10, 0xa6, 0x0, 0xc2,
    0xbc, 0x0, 0x60, 0x60, 0x9, 0x82, 0xbf, 0xdc,
    0x14, 0x1, 0x52, 0xee, 0xe8, 0x32, 0x3, 0x29,
    0x22, 0xce, 0x34, 0x12, 0x46, 0x1, 0xcc, 0xc0,
    0xad, 0x0, 0xf4, 0x70, 0x7, 0x2f, 0x80, 0x7f,
    0x2e, 0x0, 0x70,

    /* U+1EAD "ậ" */
    0x0, 0xaf, 0x40, 0x39, 0x8a, 0xa4, 0x3, 0x74,
    0xb8, 0x88, 0x2, 0x80, 0x4, 0x8, 0x0, 0xef,
    0xbe, 0xc8, 0x0, 0x9b, 0x9a, 0xf2, 0x0, 0x76,
    0x22, 0x4a, 0x0, 0x4d, 0x59, 0x60, 0x16, 0xd6,
    0x7d, 0x80, 0xc, 0xb5, 0x8c, 0xc0, 0x1, 0x5,
    0x2, 0xb0, 0x1, 0x4d, 0x74, 0xd8, 0x4, 0xdd,
    0xcb, 0x6f, 0x0, 0xcf, 0xa0, 0x1e, 0x6f, 0x0,
    0x80,

    /* U+1EAE "Ắ" */
    0x0, 0xe3, 0x60, 0xf, 0xee, 0x20, 0xf, 0xb1,
    0x23, 0xc8, 0x3, 0xd1, 0x31, 0xa4, 0x1, 0xe4,
    0xdd, 0x30, 0x7, 0xeb, 0xf0, 0xf, 0xc4, 0x82,
    0xc0, 0x1f, 0x51, 0xb5, 0x0, 0x7c, 0xd7, 0x63,
    0x30, 0x7, 0x20, 0xb1, 0x95, 0x0, 0x77, 0x20,
    0x85, 0x30, 0x6, 0x15, 0xe0, 0x3, 0x3, 0x0,
    0x4c, 0x15, 0xfe, 0xe0, 0xa0, 0xa, 0x97, 0x77,
    0x41, 0x90, 0x19, 0x49, 0x16, 0x71, 0xa0, 0x92,
    0x30, 0xe, 0x66, 0x0,

    /* U+1EAF "ắ" */
    0x0, 0xcf, 0x80, 0x1c, 0x55, 0xa0, 0x1b, 0x7,
    0x2c, 0xc0, 0x2f, 0xfb, 0x4c, 0x2, 0x3c, 0xe7,
    0x0, 0x8e, 0xfb, 0xec, 0x80, 0x9, 0xb9, 0xaf,
    0x20, 0x7, 0x62, 0x24, 0xa0, 0x4, 0xd5, 0x96,
    0x1, 0x6d, 0x67, 0xd8, 0x0, 0xcb, 0x58, 0xcc,
    0x0, 0x10, 0x50, 0x2b, 0x0, 0x14, 0xd7, 0x4d,
    0x80, 0x0,

    /* U+1EB0 "Ằ" */
    0x0, 0x95, 0x40, 0x1f, 0xc9, 0x4, 0x1, 0xfb,
    0x65, 0xec, 0x80, 0x3d, 0xf3, 0x78, 0x40, 0x1e,
    0x3d, 0xe7, 0x0, 0xfd, 0x7e, 0x1, 0xf8, 0x90,
    0x58, 0x3, 0xea, 0x36, 0xa0, 0xf, 0x9a, 0xec,
    0x66, 0x0, 0xe4, 0x16, 0x32, 0xa0, 0xe, 0xe4,
    0x10, 0xa6, 0x0, 0xc2, 0xbc, 0x0, 0x60, 0x60,
    0x9, 0x82, 0xbf, 0xdc, 0x14, 0x1, 0x52, 0xee,
    0xe8, 0x32, 0x3, 0x29, 0x22, 0xce, 0x34, 0x12,
    0x46, 0x1, 0xcc, 0xc0,

    /* U+1EB1 "ằ" */
    0x0, 0x1f, 0x8, 0x7, 0x1c, 0x50, 0x7, 0x49,
    0x4c, 0x30, 0x5, 0x1f, 0x84, 0xc0, 0x10, 0xdf,
    0x50, 0x4, 0x77, 0xdf, 0x64, 0x0, 0x4d, 0xcd,
    0x79, 0x0, 0x3b, 0x11, 0x25, 0x0, 0x26, 0xac,
    0xb0, 0xb, 0x6b, 0x3e, 0xc0, 0x6, 0x5a, 0xc6,
    0x60, 0x0, 0x82, 0x81, 0x58, 0x0, 0xa6, 0xba,
    0x6c, 0x0,

    /* U+1EB2 "Ẳ" */
    0x0, 0xcf, 0x86, 0x1, 0xf9, 0xd6, 0xc0, 0x3e,
    0x34, 0x2b, 0x10, 0xf, 0x43, 0x5c, 0x18, 0x7,
    0xa7, 0xb7, 0x44, 0x1, 0xe2, 0xcd, 0x60, 0xf,
    0xd7, 0xe0, 0x1f, 0x89, 0x5, 0x80, 0x3e, 0xa3,
    0x6a, 0x0, 0xf9, 0xae, 0xc6, 0x60, 0xe, 0x41,
    0x63, 0x2a, 0x0, 0xee, 0x41, 0xa, 0x60, 0xc,
    0x2b, 0xc0, 0x6, 0x6, 0x0, 0x98, 0x2b, 0xfd,
    0xc1, 0x40, 0x15, 0x2e, 0xee, 0x83, 0x20, 0x32,
    0x92, 0x2c, 0xe3, 0x41, 0x24, 0x60, 0x1c, 0xcc,
    0x0,

    /* U+1EB3 "ẳ" */
    0x0, 0x9f, 0xc, 0x3, 0x9d, 0x2c, 0x3, 0x91,
    0x14, 0x1, 0xb1, 0xb2, 0xc, 0x2, 0xfe, 0xe6,
    0x98, 0x4, 0x79, 0xce, 0x1, 0x1d, 0xf7, 0xd9,
    0x0, 0x13, 0x73, 0x5e, 0x40, 0xe, 0xc4, 0x49,
    0x40, 0x9, 0xab, 0x2c, 0x2, 0xda, 0xcf, 0xb0,
    0x1, 0x96, 0xb1, 0x98, 0x0, 0x20, 0xa0, 0x56,
    0x0, 0x29, 0xae, 0x9b, 0x0, 0x0,

    /* U+1EB4 "Ẵ" */
    0x0, 0xb3, 0x50, 0xa4, 0x3, 0x91, 0x1f, 0xd9,
    0x40, 0x1c, 0x80, 0x55, 0x22, 0x1, 0xed, 0xdb,
    0xc8, 0x3, 0xcb, 0xba, 0x80, 0xf, 0xd7, 0xe0,
    0x1f, 0x89, 0x5, 0x80, 0x3e, 0xa3, 0x6a, 0x0,
    0xf9, 0xae, 0xc6, 0x60, 0xe, 0x41, 0x63, 0x2a,
    0x0, 0xee, 0x41, 0xa, 0x60, 0xc, 0x2b, 0xc0,
    0x6, 0x6, 0x0, 0x98, 0x2b, 0xfd, 0xc1, 0x40,
    0x15, 0x2e, 0xee, 0x83, 0x20, 0x32, 0x92, 0x2c,
    0xe3, 0x41, 0x24, 0x60, 0x1c, 0xcc, 0x0,

    /* U+1EB5 "ẵ" */
    0x1, 0xde, 0xe9, 0xc0, 0x3, 0xbd, 0xd3, 0x80,
    0x58, 0x41, 0x46, 0x1, 0x7f, 0x73, 0x4c, 0x2,
    0x3c, 0xe7, 0x0, 0x8e, 0xfb, 0xec, 0x80, 0x9,
    0xb9, 0xaf, 0x20, 0x7, 0x62, 0x24, 0xa0, 0x4,
    0xd5, 0x96, 0x1, 0x6d, 0x67, 0xd8, 0x0, 0xcb,
    0x58, 0xcc, 0x0, 0x10, 0x50, 0x2b, 0x0, 0x14,
    0xd7, 0x4d, 0x80, 0x0,

    /* U+1EB6 "Ặ" */
    0x0, 0xb0, 0x42, 0xc8, 0x3, 0xdf, 0x57, 0xc4,
    0x1, 0xe3, 0xbb, 0x28, 0x7, 0xeb, 0xf0, 0xf,
    0xc4, 0x82, 0xc0, 0x1f, 0x51, 0xb5, 0x0, 0x7c,
    0xd7, 0x63, 0x30, 0x7, 0x20, 0xb1, 0x95, 0x0,
    0x77, 0x20, 0x85, 0x30, 0x6, 0x15, 0xe0, 0x3,
    0x3, 0x0, 0x4c, 0x15, 0xfe, 0xe0, 0xa0, 0xa,
    0x97, 0x77, 0x41, 0x90, 0x19, 0x49, 0x16, 0x71,
    0xa0, 0x92, 0x30, 0xe, 0x66, 0x5, 0x68, 0x7,
    0xa3, 0x80, 0x39, 0x7c, 0x3, 0xf9, 0x70, 0x3,
    0x80,

    /* U+1EB7 "ặ" */
    0x0, 0x60, 0x85, 0x90, 0x5, 0xf5, 0x7c, 0x40,
    0x11, 0xdd, 0x94, 0x2, 0x3b, 0xef, 0xb2, 0x0,
    0x26, 0xe6, 0xbc, 0x80, 0x1d, 0x88, 0x92, 0x80,
    0x13, 0x56, 0x58, 0x5, 0xb5, 0x9f, 0x60, 0x3,
    0x2d, 0x63, 0x30, 0x0, 0x41, 0x40, 0xac, 0x0,
    0x53, 0x5d, 0x36, 0x1, 0x37, 0x72, 0xdb, 0xc0,
    0x33, 0xe8, 0x7, 0x9b, 0xc0, 0x20,

    /* U+1EB8 "Ẹ" */
    0x8f, 0xfe, 0x20, 0x2d, 0xdc, 0x40, 0x24, 0x58,
    0x3, 0xff, 0x88, 0x7f, 0xf6, 0x0, 0xb, 0x76,
    0xe0, 0x0, 0x91, 0x60, 0xf, 0xe1, 0x22, 0xc2,
    0x5, 0xbb, 0x9e, 0x3f, 0xf9, 0x80, 0x3, 0xe6,
    0x1, 0x87, 0xc, 0x0,

    /* U+1EB9 "ẹ" */
    0x0, 0x36, 0xfe, 0xa8, 0x1, 0xe2, 0x7a, 0x28,
    0xc2, 0x29, 0x5, 0x55, 0x46, 0x17, 0xff, 0x29,
    0x8, 0x5e, 0xee, 0xa2, 0x2, 0x2e, 0x10, 0x78,
    0x51, 0x39, 0x20, 0x86, 0xbe, 0xe0, 0x10, 0x2,
    0x3b, 0xf6, 0x40, 0x30, 0xf9, 0x80, 0x70, 0xe1,
    0x80, 0x0,

    /* U+1EBA "Ẻ" */
    0x0, 0x3e, 0x18, 0x6, 0x74, 0xa0, 0xc, 0x69,
    0x0, 0x18, 0xf0, 0x40, 0x11, 0xff, 0xc4, 0x5,
    0xbb, 0x88, 0x4, 0x8b, 0x0, 0x7f, 0xf1, 0xf,
    0xfe, 0xc0, 0x1, 0x6e, 0xdc, 0x0, 0x12, 0x2c,
    0x1, 0xfc, 0x24, 0x58, 0x40, 0xb7, 0x73, 0x80,

    /* U+1EBB "ẻ" */
    0x0, 0x97, 0x10, 0x3, 0x96, 0xb8, 0x3, 0x8a,
    0xa0, 0x3, 0x8b, 0x8, 0x3, 0x36, 0xfe, 0xa8,
    0x1, 0xe2, 0x7a, 0x28, 0xc2, 0x29, 0x5, 0x55,
    0x46, 0x17, 0xff, 0x29, 0x8, 0x5e, 0xee, 0xa2,
    0x2, 0x2e, 0x10, 0x78, 0x51, 0x39, 0x20, 0x86,
    0xbe, 0xe0, 0x10,

    /* U+1EBC "Ẽ" */
    0x7, 0xe7, 0xc, 0x0, 0x5f, 0xfb, 0xac, 0x1,
    0x83, 0x1c, 0xe1, 0x1f, 0xfc, 0x40, 0x5b, 0xb8,
    0x80, 0x48, 0xb0, 0x7, 0xff, 0x10, 0xff, 0xec,
    0x0, 0x16, 0xed, 0xc0, 0x1, 0x22, 0xc0, 0x1f,
    0xc2, 0x45, 0x84, 0xb, 0x77, 0x38,

    /* U+1EBD "ẽ" */
    0x0, 0x57, 0x30, 0xd8, 0x0, 0x43, 0xfe, 0xe0,
    0x0, 0xd0, 0xcf, 0x28, 0x4, 0xdb, 0xfa, 0xa0,
    0x7, 0x89, 0xe8, 0xa3, 0x8, 0xa4, 0x15, 0x55,
    0x18, 0x5f, 0xfc, 0xa4, 0x21, 0x7b, 0xba, 0x88,
    0x8, 0xb8, 0x41, 0xe1, 0x44, 0xe4, 0x82, 0x1a,
    0xfb, 0x80, 0x40,

    /* U+1EBE "Ế" */
    0x0, 0xf6, 0x38, 0x1, 0xfd, 0x9d, 0x5c, 0x17,
    0x31, 0x47, 0x20, 0x5, 0xb3, 0xc4, 0x0, 0x47,
    0xff, 0x10, 0x0, 0xb7, 0x71, 0x0, 0x4, 0x8b,
    0x0, 0x7f, 0xf1, 0xcf, 0xfe, 0xc0, 0x8, 0xb7,
    0x6e, 0x0, 0x84, 0x8b, 0x0, 0x7f, 0xc2, 0x45,
    0x84, 0x0, 0x5b, 0xb9, 0xc0,

    /* U+1EBF "ế" */
    0x0, 0xf9, 0x90, 0x3, 0xc9, 0x6a, 0x1, 0x57,
    0x26, 0x78, 0x80, 0x1b, 0xfd, 0xb4, 0x40, 0x13,
    0x28, 0xc9, 0x0, 0x66, 0xdf, 0xd5, 0x0, 0x9e,
    0x27, 0xa2, 0x8c, 0x1, 0x14, 0x82, 0xaa, 0xa0,
    0x30, 0xbf, 0xf9, 0x48, 0x4, 0x2f, 0x77, 0x50,
    0x10, 0x11, 0x70, 0x80, 0x1e, 0x14, 0x4e, 0x48,
    0x1, 0xd, 0x7d, 0xc0, 0x20,

    /* U+1EC0 "Ề" */
    0x7c, 0x0, 0xf3, 0xab, 0xb7, 0xb8, 0x5, 0x27,
    0x59, 0x84, 0x0, 0x93, 0xe, 0xd0, 0x1, 0x1f,
    0xfc, 0x40, 0x2, 0xdd, 0xc4, 0x0, 0x12, 0x2c,
    0x1, 0xff, 0xc7, 0x3f, 0xfb, 0x0, 0x22, 0xdd,
    0xb8, 0x2, 0x12, 0x2c, 0x1, 0xff, 0x9, 0x16,
    0x10, 0x1, 0x6e, 0xe7,

    /* U+1EC1 "ề" */
    0x54, 0x0, 0xf3, 0xd0, 0x80, 0x71, 0x5b, 0xbb,
    0x9c, 0x2, 0x52, 0xfe, 0xf4, 0x0, 0x92, 0x2,
    0x10, 0x2, 0x6d, 0xfd, 0x50, 0x3, 0xc4, 0xf4,
    0x51, 0x84, 0x52, 0xa, 0xaa, 0x8c, 0x2f, 0xfe,
    0x52, 0x10, 0xbd, 0xdd, 0x44, 0x4, 0x5c, 0x20,
    0xf0, 0xa2, 0x72, 0x41, 0xd, 0x7d, 0xc0, 0x20,

    /* U+1EC2 "Ể" */
    0x0, 0xec, 0xa0, 0xf, 0x63, 0x98, 0x1, 0xb9,
    0x65, 0x4c, 0x13, 0x75, 0x35, 0x0, 0x5, 0xb3,
    0xc3, 0x0, 0x47, 0x7f, 0xe2, 0x0, 0x16, 0xee,
    0x20, 0x0, 0x91, 0x60, 0xf, 0xfe, 0x39, 0xff,
    0xd8, 0x1, 0x16, 0xed, 0xc0, 0x10, 0x91, 0x60,
    0xf, 0xf8, 0x48, 0xb0, 0x80, 0xb, 0x77, 0x38,
    0x0,

    /* U+1EC3 "ể" */
    0x0, 0xf4, 0xe1, 0x80, 0x4b, 0xf1, 0xea, 0x40,
    0x2, 0x9d, 0x33, 0x48, 0x80, 0xb, 0xa, 0xd4,
    0x3, 0xff, 0x82, 0xdb, 0xfa, 0xa0, 0x13, 0xc4,
    0xf4, 0x51, 0x80, 0x22, 0x90, 0x55, 0x54, 0x6,
    0x17, 0xff, 0x29, 0x0, 0x85, 0xee, 0xea, 0x2,
    0x2, 0x2e, 0x10, 0x3, 0xc2, 0x89, 0xc9, 0x0,
    0x21, 0xaf, 0xb8, 0x4, 0x0,

    /* U+1EC4 "Ễ" */
    0x9, 0xe7, 0xc, 0x0, 0x2f, 0xfb, 0xa8, 0x1,
    0x86, 0x1e, 0xc0, 0x3, 0x9d, 0xd1, 0x0, 0xa,
    0xd7, 0xc, 0x23, 0xbf, 0xee, 0x20, 0x2d, 0xdc,
    0x40, 0x24, 0x58, 0x3, 0xff, 0x88, 0x7f, 0xf6,
    0x0, 0xb, 0x76, 0xe0, 0x0, 0x91, 0x60, 0xf,
    0xe1, 0x22, 0xc2, 0x5, 0xbb, 0x9c,

    /* U+1EC5 "ễ" */
    0x0, 0x57, 0x30, 0x58, 0x0, 0x45, 0xfe, 0xed,
    0x0, 0xd, 0x8c, 0xf3, 0x0, 0x69, 0xe6, 0x0,
    0xcb, 0xfd, 0xe4, 0x1, 0x2b, 0x4, 0x90, 0x4,
    0xdb, 0xfa, 0xa0, 0x7, 0x89, 0xe8, 0xa3, 0x8,
    0xa4, 0x15, 0x55, 0x18, 0x5f, 0xfc, 0xa4, 0x21,
    0x7b, 0xba, 0x88, 0x8, 0xb8, 0x41, 0xe1, 0x44,
    0xe4, 0x82, 0x1a, 0xfb, 0x80, 0x40,

    /* U+1EC6 "Ệ" */
    0x0, 0x13, 0x80, 0x77, 0x72, 0x40, 0x27, 0xb9,
    0x24, 0x0, 0x3b, 0x82, 0xd0, 0x23, 0xff, 0x88,
    0xb, 0x77, 0x10, 0x9, 0x16, 0x0, 0xff, 0xe2,
    0x1f, 0xfd, 0x80, 0x2, 0xdd, 0xb8, 0x0, 0x24,
    0x58, 0x3, 0xf8, 0x48, 0xb0, 0x81, 0x6e, 0xe7,
    0x8f, 0xfe, 0x60, 0x1, 0x79, 0x0, 0x62, 0xc2,
    0x0, 0x0,

    /* U+1EC7 "ệ" */
    0x0, 0xa3, 0xc8, 0x3, 0x12, 0x5f, 0x0, 0x64,
    0xe4, 0xa3, 0x0, 0x98, 0x81, 0x8c, 0x2, 0x6d,
    0xfd, 0x50, 0x3, 0xc4, 0xf4, 0x51, 0x84, 0x52,
    0xa, 0xaa, 0x8c, 0x2f, 0xfe, 0x52, 0x10, 0xbd,
    0xdd, 0x44, 0x4, 0x5c, 0x20, 0xf0, 0xa2, 0x72,
    0x41, 0xd, 0x7d, 0xc0, 0x20, 0x4, 0x77, 0xec,
    0x80, 0x61, 0xf3, 0x0, 0xe1, 0xc3, 0x0, 0x0,

    /* U+1EC8 "Ỉ" */
    0xab, 0x1a, 0x4, 0x72, 0x57, 0x90, 0x8c, 0x0,
    0xff, 0xe9, 0x80,

    /* U+1EC9 "ỉ" */
    0xca, 0xc, 0x73, 0x95, 0x39, 0x80, 0xb9, 0x0,
    0xff, 0xe5, 0x0,

    /* U+1ECA "Ị" */
    0x8c, 0x0, 0xff, 0xe4, 0x46, 0x3e, 0xb7, 0x80,

    /* U+1ECB "ị" */
    0xa9, 0xfd, 0x54, 0x0, 0x5c, 0x80, 0x7f, 0xf0,
    0xae, 0x6e, 0x65, 0x0,

    /* U+1ECC "Ọ" */
    0x0, 0x9b, 0x3f, 0xda, 0xe0, 0x1d, 0x73, 0x79,
    0x8b, 0xac, 0x0, 0xa1, 0x35, 0xcc, 0xcd, 0x85,
    0x20, 0x6, 0x72, 0x0, 0xc3, 0xc, 0x4, 0x36,
    0x1, 0xe4, 0x4, 0x10, 0x10, 0xf, 0x18, 0x6,
    0x10, 0xf, 0x18, 0x39, 0x82, 0x0, 0x79, 0x0,
    0xc1, 0xe0, 0x80, 0x30, 0xc3, 0x0, 0x21, 0x31,
    0xcc, 0xcd, 0xe5, 0x20, 0x15, 0xcd, 0xe6, 0x2a,
    0x70, 0x3, 0x9f, 0x3f, 0xd8, 0xe0, 0x1f, 0xaa,
    0x80, 0x1f, 0xe8, 0xb0, 0xe,

    /* U+1ECD "ọ" */
    0x0, 0x36, 0xff, 0x51, 0x0, 0x1e, 0x63, 0xb4,
    0x7c, 0x1, 0x12, 0xa2, 0x74, 0x4c, 0x60, 0x80,
    0x10, 0x9f, 0x0, 0x7e, 0x13, 0x4, 0x0, 0xc7,
    0x80, 0xf0, 0xc2, 0x76, 0x4a, 0x11, 0xb, 0xed,
    0x2c, 0x0, 0x9b, 0x7f, 0xa4, 0x40, 0x3b, 0x94,
    0x3, 0xed, 0x50, 0x8,

    /* U+1ECE "Ỏ" */
    0x0, 0xe9, 0xc2, 0x0, 0xfe, 0x97, 0x40, 0xf,
    0xe6, 0x16, 0x0, 0xfe, 0x6a, 0x0, 0xfc, 0xd9,
    0xfe, 0xd7, 0x0, 0xeb, 0x9b, 0xcc, 0x5d, 0x60,
    0x5, 0x9, 0xae, 0x66, 0x6c, 0x29, 0x0, 0x33,
    0x90, 0x6, 0x18, 0x60, 0x21, 0xb0, 0xf, 0x20,
    0x20, 0x80, 0x80, 0x78, 0xc0, 0x30, 0x80, 0x78,
    0xc1, 0xcc, 0x10, 0x3, 0xc8, 0x6, 0xf, 0x4,
    0x1, 0x86, 0x18, 0x1, 0x9, 0x8e, 0x66, 0x6f,
    0x29, 0x0, 0xae, 0x6f, 0x31, 0x53, 0x80, 0x0,

    /* U+1ECF "ỏ" */
    0x0, 0x87, 0x60, 0x3, 0xc3, 0x8e, 0x1, 0xf6,
    0xd0, 0x7, 0xd8, 0xa0, 0x1c, 0xdb, 0xfd, 0x44,
    0x0, 0x79, 0x8e, 0xd1, 0xf0, 0x4, 0x4a, 0x89,
    0xd1, 0x31, 0x82, 0x0, 0x42, 0x7c, 0x1, 0xf8,
    0x4c, 0x10, 0x3, 0x1e, 0x3, 0xc3, 0x9, 0xd9,
    0x28, 0x44, 0x2f, 0xb4, 0xb0, 0x0,

    /* U+1ED0 "Ố" */
    0x0, 0xfc, 0x98, 0x20, 0x1e, 0xbc, 0x23, 0xc1,
    0x0, 0xea, 0xfe, 0xe3, 0x0, 0x7d, 0x48, 0x58,
    0x20, 0x1e, 0x6c, 0xff, 0x6b, 0x80, 0x75, 0xcd,
    0xe6, 0x2e, 0xb0, 0x2, 0x84, 0xd7, 0x33, 0x36,
    0x14, 0x80, 0x19, 0xc8, 0x3, 0xc, 0x30, 0x10,
    0xd8, 0x7, 0x90, 0x10, 0x40, 0x40, 0x3c, 0x60,
    0x18, 0x40, 0x3c, 0x60, 0xe6, 0x8, 0x1, 0xe4,
    0x3, 0x7, 0x82, 0x0, 0xc3, 0xc, 0x0, 0x84,
    0xc7, 0x33, 0x37, 0x94, 0x80, 0x57, 0x37, 0x98,
    0xa9, 0xc0, 0x0,

    /* U+1ED1 "ố" */
    0x0, 0xf8, 0x9c, 0x3, 0xf7, 0x8, 0x6, 0x3e,
    0xb3, 0x46, 0x0, 0x86, 0xbf, 0x92, 0x0, 0x30,
    0xc8, 0xab, 0x80, 0x73, 0x6f, 0xf5, 0x10, 0x4,
    0xf3, 0x1d, 0xa3, 0xe0, 0x14, 0x4a, 0x89, 0xd1,
    0x30, 0x18, 0x20, 0x4, 0x27, 0xc0, 0x1f, 0xc2,
    0x6, 0x8, 0x1, 0x8f, 0x0, 0xf, 0xc, 0x27,
    0x64, 0xa0, 0x8, 0x85, 0xf6, 0x96, 0x0, 0x0,

    /* U+1ED2 "Ồ" */
    0x0, 0x5b, 0x80, 0x7f, 0xac, 0x4b, 0x30, 0x20,
    0x1f, 0x34, 0x43, 0xa8, 0x3, 0xf5, 0x21, 0x58,
    0x7, 0xcd, 0x9f, 0xed, 0x70, 0xe, 0xb9, 0xbc,
    0xc5, 0xd6, 0x0, 0x50, 0x9a, 0xe6, 0x66, 0xc2,
    0x90, 0x3, 0x39, 0x0, 0x61, 0x86, 0x2, 0x1b,
    0x0, 0xf2, 0x2, 0x8, 0x8, 0x7, 0x8c, 0x3,
    0x8, 0x7, 0x8c, 0x1c, 0xc1, 0x0, 0x3c, 0x80,
    0x60, 0xf0, 0x40, 0x18, 0x61, 0x80, 0x10, 0x98,
    0xe6, 0x66, 0xf2, 0x90, 0xa, 0xe6, 0xf3, 0x15,
    0x38, 0x0,

    /* U+1ED3 "ồ" */
    0x36, 0x0, 0xf8, 0xe9, 0x40, 0x3e, 0xec, 0x3e,
    0xb0, 0xc, 0x51, 0x3f, 0xe7, 0x0, 0xc3, 0x42,
    0x8e, 0x1, 0x9b, 0x7f, 0xa8, 0x80, 0xf, 0x31,
    0xda, 0x3e, 0x0, 0x89, 0x51, 0x3a, 0x26, 0x30,
    0x40, 0x8, 0x4f, 0x80, 0x3f, 0x9, 0x82, 0x0,
    0x63, 0xc0, 0x78, 0x61, 0x3b, 0x25, 0x8, 0x85,
    0xf6, 0x96, 0x0,

    /* U+1ED4 "Ổ" */
    0x0, 0xf9, 0x75, 0x40, 0x3f, 0x96, 0xf8, 0x3,
    0xec, 0xc1, 0x5c, 0x80, 0x7a, 0xe6, 0xe3, 0x48,
    0x3, 0xd4, 0xaf, 0x60, 0x1f, 0x36, 0xff, 0xb1,
    0xc0, 0x3a, 0xe6, 0xf3, 0x17, 0x58, 0x1, 0x42,
    0x6b, 0x99, 0x9b, 0xa, 0x40, 0xc, 0xe4, 0x1,
    0x86, 0x18, 0x8, 0x6c, 0x3, 0xc8, 0x8, 0x20,
    0x20, 0x1e, 0x30, 0xc, 0x20, 0x1e, 0x30, 0x73,
    0x4, 0x0, 0xf2, 0x1, 0x83, 0xc1, 0x0, 0x61,
    0x86, 0x0, 0x42, 0x63, 0x99, 0x9b, 0xca, 0x40,
    0x2b, 0x9b, 0xcc, 0x54, 0xe0, 0x0,

    /* U+1ED5 "ổ" */
    0x0, 0xf3, 0xe2, 0x80, 0x45, 0xd6, 0x6e, 0xe0,
    0x0, 0xf6, 0x9e, 0xd9, 0x0, 0x7, 0xe, 0x24,
    0x3, 0xff, 0x82, 0xdb, 0xfd, 0x44, 0x0, 0x79,
    0x8e, 0xd1, 0xf0, 0x4, 0x4a, 0x89, 0xd1, 0x31,
    0x82, 0x0, 0x42, 0x7c, 0x1, 0xf8, 0x4c, 0x10,
    0x3, 0x1e, 0x3, 0xc3, 0x9, 0xd9, 0x28, 0x44,
    0x2f, 0xb4, 0xb0, 0x0,

    /* U+1ED6 "Ỗ" */
    0x0, 0x8b, 0x7b, 0xa6, 0x0, 0xf1, 0x6e, 0x57,
    0x30, 0x7, 0xc3, 0xf4, 0x80, 0x1f, 0xae, 0x32,
    0x44, 0x3, 0xea, 0x52, 0xd1, 0x0, 0xf3, 0x67,
    0xfb, 0x5c, 0x3, 0xae, 0x6f, 0x31, 0x75, 0x80,
    0x14, 0x26, 0xb9, 0x99, 0xb0, 0xa4, 0x0, 0xce,
    0x40, 0x18, 0x61, 0x80, 0x86, 0xc0, 0x3c, 0x80,
    0x82, 0x2, 0x1, 0xe3, 0x0, 0xc2, 0x1, 0xe3,
    0x7, 0x30, 0x40, 0xf, 0x20, 0x18, 0x3c, 0x10,
    0x6, 0x18, 0x60, 0x4, 0x26, 0x39, 0x99, 0xbc,
    0xa4, 0x2, 0xb9, 0xbc, 0xc5, 0x4e, 0x0, 0x0,

    /* U+1ED7 "ỗ" */
    0x0, 0x2f, 0x48, 0xd1, 0x0, 0x5d, 0xfe, 0xc0,
    0x20, 0xa, 0xc5, 0xb6, 0x80, 0x39, 0x3a, 0x80,
    0x38, 0xb7, 0xb1, 0x80, 0x31, 0x48, 0x33, 0x0,
    0x33, 0x6f, 0xf5, 0x10, 0x1, 0xe6, 0x3b, 0x47,
    0xc0, 0x11, 0x2a, 0x27, 0x44, 0xc6, 0x8, 0x1,
    0x9, 0xf0, 0x7, 0xe1, 0x30, 0x40, 0xc, 0x78,
    0xf, 0xc, 0x27, 0x64, 0xa1, 0x10, 0xbe, 0xd2,
    0xc0,

    /* U+1ED8 "Ộ" */
    0x0, 0xe3, 0x70, 0xf, 0xe1, 0xec, 0x60, 0xf,
    0xd7, 0x37, 0x42, 0x1, 0xf5, 0x20, 0x60, 0x80,
    0x79, 0xb3, 0xfd, 0xae, 0x1, 0xd7, 0x37, 0x98,
    0xba, 0xc0, 0xa, 0x13, 0x5c, 0xcc, 0xd8, 0x52,
    0x0, 0x67, 0x20, 0xc, 0x30, 0xc0, 0x43, 0x60,
    0x1e, 0x40, 0x41, 0x1, 0x0, 0xf1, 0x80, 0x61,
    0x0, 0xf1, 0x83, 0x98, 0x20, 0x7, 0x90, 0xc,
    0x1e, 0x8, 0x3, 0xc, 0x30, 0x2, 0x13, 0x1c,
    0xcc, 0xde, 0x52, 0x1, 0x5c, 0xde, 0x62, 0xa7,
    0x0, 0x39, 0xf3, 0xfd, 0x8e, 0x1, 0xfa, 0x6c,
    0x3, 0xfd, 0x12, 0x1, 0xc0,

    /* U+1ED9 "ộ" */
    0x0, 0x87, 0xac, 0x3, 0xd1, 0x60, 0xa0, 0x18,
    0x79, 0x6b, 0x40, 0x30, 0xb8, 0xc, 0x0, 0x66,
    0xdf, 0xea, 0x20, 0x3, 0xcc, 0x76, 0x8f, 0x80,
    0x22, 0x54, 0x4e, 0x89, 0x8c, 0x10, 0x2, 0x13,
    0xe0, 0xf, 0xc2, 0x60, 0x80, 0x18, 0xf0, 0x1e,
    0x18, 0x4e, 0xc9, 0x42, 0x21, 0x7d, 0xa5, 0x80,
    0x13, 0x6f, 0xf4, 0x88, 0x7, 0x7a, 0x0, 0x7d,
    0x88, 0x1, 0x0,

    /* U+1EDA "Ớ" */
    0x0, 0xf1, 0x38, 0x7, 0xfd, 0xc2, 0x1, 0xfe,
    0x75, 0x60, 0x9, 0x48, 0x3, 0x9e, 0x40, 0x37,
    0xa0, 0x4, 0xd9, 0xfe, 0xc5, 0x1, 0x72, 0x0,
    0x5c, 0xde, 0x62, 0xa3, 0xfc, 0x88, 0x8, 0x4d,
    0x73, 0x33, 0x60, 0xb4, 0x80, 0x19, 0xc8, 0x3,
    0xc, 0x38, 0x0, 0x86, 0xc0, 0x3c, 0x80, 0x60,
    0x20, 0x20, 0x1e, 0x30, 0x70, 0x8, 0x40, 0x3c,
    0x60, 0xe0, 0x60, 0x80, 0x1e, 0x40, 0x30, 0x3,
    0xc1, 0x0, 0x61, 0x86, 0x0, 0xa1, 0x31, 0xcc,
    0xcd, 0xe5, 0x20, 0x1a, 0xe6, 0xf3, 0x15, 0x38,
    0x1, 0x0,

    /* U+1EDB "ớ" */
    0x0, 0xec, 0x70, 0xf, 0x99, 0xdc, 0x1, 0xf7,
    0xd8, 0x2, 0x8c, 0x3, 0x48, 0x0, 0x5d, 0xc0,
    0x6, 0xdf, 0xfb, 0x99, 0x1, 0xe6, 0x3b, 0x10,
    0x6c, 0x1, 0x12, 0xa2, 0x74, 0x2c, 0x6, 0x8,
    0x1, 0x9, 0xf8, 0x7, 0xfc, 0x60, 0x80, 0x18,
    0xf0, 0x0, 0xf0, 0xc2, 0x76, 0x4a, 0x0, 0x88,
    0x5f, 0x69, 0x60, 0x0,

    /* U+1EDC "Ờ" */
    0x0, 0xc8, 0xa0, 0x1f, 0xf2, 0xc1, 0x80, 0x7f,
    0x87, 0xb8, 0x1, 0x94, 0x80, 0x38, 0xf4, 0x3,
    0x7a, 0x0, 0x4d, 0x9f, 0xec, 0x50, 0x17, 0x20,
    0x5, 0xcd, 0xe6, 0x2a, 0x3f, 0xc8, 0x80, 0x84,
    0xd7, 0x33, 0x36, 0xb, 0x48, 0x1, 0x9c, 0x80,
    0x30, 0xc3, 0x80, 0x8, 0x6c, 0x3, 0xc8, 0x6,
    0x2, 0x2, 0x1, 0xe3, 0x7, 0x0, 0x84, 0x3,
    0xc6, 0xe, 0x6, 0x8, 0x1, 0xe4, 0x3, 0x0,
    0x3c, 0x10, 0x6, 0x18, 0x60, 0xa, 0x13, 0x1c,
    0xcc, 0xde, 0x52, 0x1, 0xae, 0x6f, 0x31, 0x53,
    0x80, 0x10,

    /* U+1EDD "ờ" */
    0x0, 0xf, 0x20, 0x7, 0xc3, 0xb2, 0x1, 0xf8,
    0xe1, 0x40, 0x14, 0x60, 0x19, 0x54, 0x2, 0xee,
    0x0, 0x36, 0xff, 0xdc, 0xc8, 0xf, 0x31, 0xd8,
    0x83, 0x60, 0x8, 0x95, 0x13, 0xa1, 0x60, 0x30,
    0x40, 0x8, 0x4f, 0xc0, 0x3f, 0xe3, 0x4, 0x0,
    0xc7, 0x80, 0x7, 0x86, 0x13, 0xb2, 0x50, 0x4,
    0x42, 0xfb, 0x4b, 0x0, 0x0,

    /* U+1EDE "Ở" */
    0x0, 0xe7, 0xc3, 0x0, 0xff, 0x3a, 0x50, 0x7,
    0xf8, 0xcd, 0x0, 0x11, 0x88, 0x7, 0x1d, 0x88,
    0x5, 0x2e, 0x1, 0x36, 0x7f, 0xb1, 0x40, 0xc,
    0x60, 0xb, 0x9b, 0xcc, 0x54, 0x7f, 0x2a, 0x82,
    0x13, 0x5c, 0xcc, 0xd8, 0x2d, 0x20, 0x6, 0x72,
    0x0, 0xc3, 0xe, 0x0, 0x21, 0xb0, 0xf, 0x20,
    0x18, 0x8, 0x8, 0x7, 0x8c, 0x1c, 0x2, 0x10,
    0xf, 0x18, 0x38, 0x18, 0x20, 0x7, 0x90, 0xc,
    0x0, 0xf0, 0x40, 0x18, 0x61, 0x80, 0x28, 0x4c,
    0x73, 0x33, 0x79, 0x48, 0x6, 0xb9, 0xbc, 0xc5,
    0x4e, 0x0, 0x40,

    /* U+1EDF "ở" */
    0x0, 0x87, 0x60, 0x3, 0xe1, 0xc7, 0x0, 0xfd,
    0xb4, 0x0, 0x61, 0x0, 0xd8, 0xa0, 0x36, 0xa0,
    0x6, 0xdf, 0xfb, 0x99, 0x1, 0xe6, 0x3b, 0x10,
    0x6c, 0x1, 0x12, 0xa2, 0x74, 0x2c, 0x6, 0x8,
    0x1, 0x9, 0xf8, 0x7, 0xfc, 0x60, 0x80, 0x18,
    0xf0, 0x0, 0xf0, 0xc2, 0x76, 0x4a, 0x0, 0x88,
    0x5f, 0x69, 0x60, 0x0,

    /* U+1EE0 "Ỡ" */
    0x0, 0xd9, 0xa8, 0x89, 0x0, 0xf9, 0x11, 0xfe,
    0xaa, 0x0, 0x10, 0x40, 0x24, 0x82, 0xbe, 0x30,
    0x7, 0x38, 0x4, 0xd9, 0xfe, 0xc5, 0x1, 0x63,
    0x0, 0x5c, 0xde, 0x62, 0xa3, 0xfc, 0xaa, 0x8,
    0x4d, 0x73, 0x33, 0x60, 0xb4, 0x80, 0x19, 0xc8,
    0x3, 0xc, 0x38, 0x0, 0x86, 0xc0, 0x3c, 0x80,
    0x60, 0x20, 0x20, 0x1e, 0x30, 0x70, 0x8, 0x40,
    0x3c, 0x60, 0xe0, 0x60, 0x80, 0x1e, 0x40, 0x30,
    0x3, 0xc1, 0x0, 0x61, 0x86, 0x0, 0xa1, 0x31,
    0xcc, 0xcd, 0xe5, 0x20, 0x1a, 0xe6, 0xf3, 0x15,
    0x38, 0x1, 0x0,

    /* U+1EE1 "ỡ" */
    0x0, 0x2f, 0x48, 0xd1, 0x0, 0x6e, 0xfc, 0xc0,
    0x14, 0x10, 0x2, 0xc5, 0x76, 0x85, 0x58, 0x0,
    0xdb, 0xff, 0x73, 0x20, 0x3c, 0xc7, 0x62, 0xd,
    0x80, 0x22, 0x54, 0x4e, 0x85, 0x80, 0xc1, 0x0,
    0x21, 0x3f, 0x0, 0xff, 0x8c, 0x10, 0x3, 0x1e,
    0x0, 0x1e, 0x18, 0x4e, 0xc9, 0x40, 0x11, 0xb,
    0xed, 0x2c, 0x0, 0x0,

    /* U+1EE2 "Ợ" */
    0x0, 0xff, 0x94, 0x80, 0x3f, 0xef, 0x40, 0x9,
    0xb3, 0xfd, 0x8a, 0x2, 0xe4, 0x0, 0xb9, 0xbc,
    0xc5, 0x47, 0xf9, 0x10, 0x10, 0x9a, 0xe6, 0x66,
    0xc1, 0x69, 0x0, 0x33, 0x90, 0x6, 0x18, 0x70,
    0x1, 0xd, 0x80, 0x79, 0x0, 0xc0, 0x40, 0x40,
    0x3c, 0x60, 0xe0, 0x10, 0x80, 0x78, 0xc1, 0xc0,
    0xc1, 0x0, 0x3c, 0x80, 0x60, 0x7, 0x82, 0x0,
    0xc3, 0xc, 0x1, 0x42, 0x63, 0x99, 0x9b, 0xca,
    0x40, 0x35, 0xcd, 0xe6, 0x2a, 0x70, 0x3, 0xcf,
    0x9f, 0xec, 0x70, 0xf, 0xea, 0xa0, 0x7, 0xfd,
    0x76, 0x0, 0xf0,

    /* U+1EE3 "ợ" */
    0x0, 0xfd, 0x86, 0x1, 0xf0, 0x89, 0xc0, 0xd,
    0xbf, 0xf7, 0x3a, 0x3, 0xcc, 0x76, 0x20, 0xd0,
    0x2, 0x25, 0x44, 0xe8, 0x58, 0xc, 0x10, 0x2,
    0x13, 0xf0, 0xf, 0xf8, 0xc1, 0x0, 0x31, 0xe0,
    0x1, 0xe1, 0x84, 0xec, 0x94, 0x1, 0x10, 0xbe,
    0xd2, 0xc0, 0xc, 0xdb, 0xfd, 0x22, 0x1, 0xef,
    0x50, 0xf, 0xd8, 0xa0, 0x18,

    /* U+1EE4 "Ụ" */
    0xaa, 0x0, 0x75, 0x50, 0x3, 0xff, 0xd4, 0x6c,
    0x1, 0xcc, 0x7e, 0x62, 0x1, 0x9, 0xe3, 0xe,
    0x29, 0xae, 0x12, 0x87, 0xbd, 0xe5, 0xa6, 0x0,
    0x6, 0xbb, 0xfa, 0x44, 0x3, 0x1f, 0x88, 0x7,
    0x8f, 0x4, 0x2,

    /* U+1EE5 "ụ" */
    0xe6, 0x0, 0xa3, 0x0, 0x3f, 0xf9, 0x26, 0x1,
    0xe1, 0xe0, 0x8, 0x81, 0x18, 0x41, 0x14, 0x21,
    0xff, 0x74, 0xe0, 0x9, 0xed, 0x98, 0xc0, 0x2,
    0xf8, 0x7, 0x2e, 0x0, 0x40,

    /* U+1EE6 "Ủ" */
    0x0, 0x9b, 0x10, 0x3, 0xcd, 0x5c, 0x1, 0xe2,
    0xa8, 0x0, 0xf1, 0x61, 0x0, 0x55, 0x40, 0xe,
    0xaa, 0x0, 0x7f, 0xfa, 0x8d, 0x80, 0x39, 0x8f,
    0xcc, 0x40, 0x21, 0x3c, 0x61, 0xc5, 0x35, 0xc2,
    0x50, 0xf7, 0xbc, 0xb4, 0xc0,

    /* U+1EE7 "ủ" */
    0x0, 0x26, 0xa8, 0x6, 0x48, 0xe0, 0xc, 0x31,
    0x20, 0x18, 0x74, 0x80, 0x1c, 0xc0, 0x14, 0x60,
    0x7, 0xff, 0x24, 0xc0, 0x3c, 0x3c, 0x1, 0x10,
    0x23, 0x8, 0x22, 0x84, 0x3f, 0xee, 0x9c, 0x0,

    /* U+1EE8 "Ứ" */
    0x0, 0xe7, 0x20, 0xf, 0xcf, 0x84, 0x1, 0xf1,
    0x5d, 0x80, 0x28, 0x80, 0x4, 0x58, 0x1, 0x84,
    0x2a, 0x80, 0x1d, 0x5e, 0x52, 0x1, 0xf9, 0x6c,
    0x40, 0x3f, 0xfd, 0x66, 0xc0, 0x1c, 0xc6, 0x0,
    0xf3, 0x10, 0x8, 0x4f, 0x0, 0xc, 0x38, 0xa6,
    0xb8, 0x4a, 0x1, 0x7b, 0xde, 0x5a, 0x60, 0x4,

    /* U+1EE9 "ứ" */
    0x0, 0x8b, 0x88, 0x3, 0xdd, 0x64, 0x1, 0xc5,
    0x2a, 0x0, 0x87, 0x0, 0x12, 0x80, 0x44, 0x1c,
    0xc0, 0x14, 0x78, 0x30, 0x7, 0x8e, 0x84, 0x3,
    0xff, 0x8c, 0x60, 0x1f, 0x87, 0x80, 0x22, 0x0,
    0x91, 0x84, 0x11, 0x40, 0x28, 0x7f, 0xdd, 0x38,
    0x4,

    /* U+1EEA "Ừ" */
    0x0, 0xb, 0x80, 0x7f, 0xf, 0x48, 0x7, 0xf4,
    0x92, 0x0, 0x51, 0x0, 0xd, 0x68, 0x1, 0x8,
    0x55, 0x0, 0x3a, 0xbc, 0xa4, 0x3, 0xf2, 0xd8,
    0x80, 0x7f, 0xfa, 0xcd, 0x80, 0x39, 0x8c, 0x1,
    0xe6, 0x20, 0x10, 0x9e, 0x0, 0x18, 0x71, 0x4d,
    0x70, 0x94, 0x2, 0xf7, 0xbc, 0xb4, 0xc0, 0x8,

    /* U+1EEB "ừ" */
    0x6, 0xc0, 0xf, 0x99, 0x60, 0x3, 0xe9, 0xf0,
    0xa, 0x1c, 0x2, 0x70, 0x8, 0x83, 0x98, 0x2,
    0x8f, 0x6, 0x0, 0xf1, 0xd0, 0x80, 0x7f, 0xf1,
    0x8c, 0x3, 0xf0, 0xf0, 0x4, 0x40, 0x12, 0x30,
    0x82, 0x28, 0x5, 0xf, 0xfb, 0xa7, 0x0, 0x80,

    /* U+1EEC "Ử" */
    0x0, 0x97, 0x14, 0x3, 0xf2, 0xd7, 0x0, 0x7e,
    0x1b, 0x90, 0x9, 0xe0, 0x2, 0x1d, 0x20, 0xb,
    0x82, 0xa8, 0x1, 0xd5, 0xe5, 0x20, 0x1f, 0x96,
    0xc4, 0x3, 0xff, 0xd6, 0x6c, 0x1, 0xcc, 0x60,
    0xf, 0x31, 0x0, 0x84, 0xf0, 0x0, 0xc3, 0x8a,
    0x6b, 0x84, 0xa0, 0x17, 0xbd, 0xe5, 0xa6, 0x0,
    0x40,

    /* U+1EED "ử" */
    0x0, 0x26, 0xb0, 0x7, 0x92, 0x68, 0x3, 0xe9,
    0xf0, 0x2, 0x18, 0x5, 0xa6, 0x0, 0xeb, 0xe6,
    0x0, 0xa3, 0xc6, 0x40, 0x3c, 0x76, 0x20, 0x1f,
    0xfc, 0x63, 0x0, 0xfc, 0x3c, 0x1, 0x10, 0x4,
    0x8c, 0x20, 0x8a, 0x1, 0x43, 0xfe, 0xe9, 0xc0,
    0x20,

    /* U+1EEE "Ữ" */
    0x0, 0x37, 0x40, 0x58, 0x7, 0xb7, 0xfd, 0xc6,
    0x0, 0x78, 0x0, 0x58, 0xbf, 0x40, 0x3, 0x82,
    0xa8, 0x1, 0xd5, 0xe5, 0x20, 0x1f, 0x96, 0xc4,
    0x3, 0xff, 0xd6, 0x6c, 0x1, 0xcc, 0x60, 0xf,
    0x31, 0x0, 0x84, 0xf0, 0x0, 0xc3, 0x8a, 0x6b,
    0x84, 0xa0, 0x17, 0xbd, 0xe5, 0xa6, 0x0, 0x40,

    /* U+1EEF "ữ" */
    0x8, 0xe7, 0xc, 0x0, 0xc7, 0xdf, 0xd6, 0xa,
    0x81, 0x61, 0x1c, 0xe1, 0xf9, 0xcc, 0x1, 0x47,
    0x8c, 0x80, 0x78, 0xec, 0x40, 0x3f, 0xf8, 0xc6,
    0x1, 0xf8, 0x78, 0x2, 0x20, 0x9, 0x18, 0x41,
    0x14, 0x2, 0x87, 0xfd, 0xd3, 0x80, 0x40,

    /* U+1EF0 "Ự" */
    0x0, 0xfe, 0x88, 0x0, 0x7f, 0x8, 0x55, 0x0,
    0x3a, 0xbc, 0xa4, 0x3, 0xf2, 0xd8, 0x80, 0x7f,
    0xfa, 0xcd, 0x80, 0x39, 0x8c, 0x1, 0xe6, 0x20,
    0x10, 0x9e, 0x0, 0x18, 0x71, 0x4d, 0x70, 0x94,
    0x2, 0xf7, 0xbc, 0xb4, 0xc0, 0xc, 0x35, 0xdf,
    0xd2, 0x20, 0x1e, 0x3f, 0x10, 0xf, 0xc7, 0x82,
    0x1, 0xc0,

    /* U+1EF1 "ự" */
    0x0, 0xf9, 0xc, 0x3, 0xee, 0xbe, 0x60, 0xa,
    0x3c, 0x64, 0x3, 0xc7, 0x62, 0x1, 0xff, 0xc6,
    0x30, 0xf, 0xc3, 0xc0, 0x11, 0x0, 0x48, 0xc2,
    0x8, 0xa0, 0x14, 0x3f, 0xee, 0x9c, 0x3, 0x4f,
    0x6c, 0xc6, 0x0, 0x63, 0xf1, 0x0, 0xf1, 0xe0,
    0x80, 0x60,

    /* U+1EF2 "Ỳ" */
    0x0, 0xb, 0x80, 0x7c, 0x3d, 0x20, 0x1f, 0x4a,
    0xa0, 0x7, 0xd8, 0x80, 0x14, 0xe8, 0x7, 0x73,
    0xc1, 0x30, 0x4, 0xc0, 0xe2, 0xd0, 0x1, 0x44,
    0x0, 0x10, 0x2c, 0xe, 0x6c, 0x0, 0x17, 0x81,
    0x88, 0x0, 0x69, 0x1c, 0x25, 0x0, 0xc3, 0x5,
    0x20, 0x1e, 0x30, 0x50, 0xf, 0xfe, 0x90,

    /* U+1EF3 "ỳ" */
    0x0, 0x5c, 0x0, 0x7a, 0xd4, 0xc0, 0x3d, 0xea,
    0x1, 0xe2, 0x60, 0xa, 0xec, 0x1, 0xb5, 0xf9,
    0x4, 0x0, 0x64, 0xca, 0x2e, 0x0, 0xb4, 0x10,
    0x6d, 0x0, 0x37, 0x80, 0x29, 0x5, 0x1, 0x0,
    0x4, 0x6f, 0xcc, 0x1, 0xaa, 0x8b, 0x40, 0x19,
    0xcc, 0xc4, 0x1, 0x84, 0x52, 0x1, 0xc8, 0xa,
    0x1, 0x9, 0x4c, 0x80, 0x34, 0x6a, 0xb8, 0x6,

    /* U+1EF4 "Ỵ" */
    0x9d, 0x0, 0xee, 0x78, 0x26, 0x0, 0x98, 0x1c,
    0x5a, 0x0, 0x28, 0x80, 0x2, 0x5, 0x81, 0xcd,
    0x80, 0x2, 0xf0, 0x31, 0x0, 0xd, 0x23, 0x84,
    0xa0, 0x18, 0x60, 0xa4, 0x3, 0xc6, 0xa, 0x1,
    0xff, 0xd5, 0x4f, 0x10, 0xf, 0x1f, 0x88, 0x7,
    0x8f, 0x4, 0x2,

    /* U+1EF5 "ỵ" */
    0xbb, 0x0, 0x6d, 0x7f, 0x41, 0x0, 0x19, 0x32,
    0xb, 0x80, 0x29, 0x4, 0x1a, 0x80, 0xf, 0xe0,
    0xa, 0x32, 0x50, 0x40, 0x1, 0x22, 0xf3, 0x0,
    0x6e, 0xa4, 0xa0, 0xc, 0xa6, 0x62, 0x0, 0xe1,
    0x90, 0xe, 0x51, 0x57, 0xd0, 0x22, 0x44, 0x83,
    0x78, 0x5e, 0xab, 0x80, 0x90, 0x0,

    /* U+1EF6 "Ỷ" */
    0x0, 0x97, 0x10, 0x3, 0xcb, 0x5c, 0x1, 0xe2,
    0xa8, 0x0, 0xf1, 0x61, 0x0, 0x53, 0xa0, 0x1d,
    0xcf, 0x4, 0xc0, 0x13, 0x3, 0x8b, 0x40, 0x5,
    0x10, 0x0, 0x40, 0xb0, 0x39, 0xb0, 0x0, 0x5e,
    0x6, 0x20, 0x1, 0xa4, 0x70, 0x94, 0x3, 0xc,
    0x14, 0x80, 0x78, 0xc1, 0x40, 0x3f, 0xfa, 0x40,

    /* U+1EF7 "ỷ" */
    0x0, 0xe, 0xc8, 0x7, 0xe, 0xb0, 0x7, 0xae,
    0x80, 0x3d, 0x6a, 0x1, 0x5d, 0x80, 0x36, 0xbf,
    0x20, 0x80, 0xc, 0x99, 0x45, 0xc0, 0x16, 0x82,
    0xd, 0xa0, 0x6, 0xf0, 0x5, 0x20, 0xa0, 0x20,
    0x0, 0x8d, 0xf9, 0x80, 0x35, 0x51, 0x68, 0x3,
    0x39, 0x98, 0x80, 0x30, 0x8a, 0x40, 0x39, 0x1,
    0x40, 0x21, 0x29, 0x90, 0x6, 0x8d, 0x57, 0x0,
    0xc0,

    /* U+1EF8 "Ỹ" */
    0x0, 0x3f, 0x38, 0x60, 0x6, 0xbf, 0xf7, 0x58,
    0x6, 0xc1, 0x8e, 0x70, 0x4, 0xe8, 0x7, 0x73,
    0xc1, 0x30, 0x4, 0xc0, 0xe2, 0xd0, 0x1, 0x44,
    0x0, 0x10, 0x2c, 0xe, 0x6c, 0x0, 0x17, 0x81,
    0x88, 0x0, 0x69, 0x1c, 0x25, 0x0, 0xc3, 0x5,
    0x20, 0x1e, 0x30, 0x50, 0xf, 0xfe, 0x90,

    /* U+1EF9 "ỹ" */
    0x3, 0xeb, 0x28, 0x40, 0x5, 0x6f, 0xf9, 0x10,
    0x0, 0x93, 0x4d, 0xc0, 0x5, 0xd8, 0x3, 0x6b,
    0xf2, 0x8, 0x0, 0xc9, 0x94, 0x5c, 0x1, 0x68,
    0x20, 0xda, 0x0, 0x6f, 0x0, 0x52, 0xa, 0x2,
    0x0, 0x8, 0xdf, 0x98, 0x3, 0x55, 0x16, 0x80,
    0x33, 0x99, 0x88, 0x3, 0x8, 0xa4, 0x3, 0x90,
    0x14, 0x2, 0x12, 0x99, 0x0, 0x68, 0xd5, 0x70,
    0xc,

    /* U+2010 "‐" */
    0xdf, 0xf9, 0x80,

    /* U+2011 "‑" */
    0xdf, 0xf9, 0x80,

    /* U+2012 "‒" */
    0x4f, 0xff, 0x70,

    /* U+2013 "–" */
    0xff, 0xfc,

    /* U+2014 "—" */
    0xff, 0xff, 0xe2, 0x0,

    /* U+2015 "―" */
    0xff, 0xff, 0xe2, 0x0,

    /* U+2016 "‖" */
    0x54, 0x1, 0x8f, 0xc0, 0x37, 0x0, 0xff, 0xfd,
    0x0,

    /* U+2017 "‗" */
    0xee, 0xf4, 0xf7, 0x7a, 0x7b, 0xbd, 0x20,

    /* U+2018 "‘" */
    0x3, 0xb0, 0xac, 0x7, 0x40, 0x83,

    /* U+2019 "’" */
    0x6, 0xb0, 0xcd, 0x4, 0x70, 0x81,

    /* U+201A "‚" */
    0x4, 0x40, 0x79, 0x2, 0xb9, 0x90, 0x80,

    /* U+201B "‛" */
    0xf, 0x20, 0x54, 0xf, 0xc0, 0x5c,

    /* U+201C "“" */
    0x3, 0xb0, 0xd1, 0xa, 0xc2, 0x1, 0x7, 0x4a,
    0x40, 0x4, 0x1e, 0x58, 0x0,

    /* U+201D "”" */
    0x6, 0xb0, 0xf1, 0xc, 0xd4, 0x31, 0x4, 0x7c,
    0xb0, 0x5, 0x8e, 0x30, 0x0,

    /* U+201E "„" */
    0x3, 0x30, 0x30, 0x2, 0x55, 0x54, 0x0, 0x47,
    0xcb, 0x3, 0x21, 0x45, 0x0,

    /* U+201F "‟" */
    0xf, 0x29, 0x80, 0x2, 0xa6, 0xa0, 0x3, 0xf1,
    0x8, 0x0, 0xbe, 0x14, 0x20,

    /* U+2020 "†" */
    0x0, 0x44, 0x80, 0x6e, 0xe0, 0x6, 0x31, 0x0,
    0x57, 0xd4, 0xfd, 0xd7, 0xbb, 0x7d, 0x80, 0x3c,
    0x40, 0x30, 0xf8, 0x6, 0x31, 0x0, 0xc2, 0x60,
    0x19, 0x14, 0x0,

    /* U+2021 "‡" */
    0x0, 0x44, 0x80, 0x6e, 0xe0, 0x1, 0xab, 0x6e,
    0x98, 0xbc, 0x9b, 0xc9, 0x16, 0xb9, 0x50, 0x0,
    0xa4, 0x0, 0xaf, 0x99, 0x7d, 0x53, 0xea, 0x7e,
    0x80, 0x1b, 0xc0, 0x0,

    /* U+2022 "•" */
    0x1a, 0xc5, 0x8, 0x53, 0xa1, 0x30, 0x8, 0xe0,
    0xc2, 0x8,

    /* U+2026 "…" */
    0x75, 0x0, 0x42, 0x80, 0x21, 0x33, 0x0, 0x4,
    0xd0, 0x2, 0x98,

    /* U+20AB "₫" */
    0x0, 0xf1, 0x79, 0x0, 0x7f, 0xf0, 0xeb, 0xb0,
    0x30, 0x80, 0x35, 0xfe, 0x86, 0x90, 0x1, 0xb7,
    0xb5, 0x80, 0x40, 0xd, 0x31, 0xd1, 0x0, 0xd,
    0x12, 0xa2, 0x90, 0x1, 0x10, 0xa0, 0x4, 0xe0,
    0x10, 0x81, 0x80, 0x7c, 0x40, 0xa0, 0x13, 0x80,
    0x42, 0xd2, 0x20, 0x70, 0x1, 0xa5, 0x3f, 0xa2,
    0x40, 0x3a, 0x7b, 0x96, 0x9e, 0x40, 0xb, 0xee,
    0xec, 0x0, 0x0
};


/*---------------------
 *  GLYPH DESCRIPTION
 *--------------------*/

static const lv_font_fmt_txt_glyph_dsc_t glyph_dsc[] = {
    {.bitmap_index = 0, .adv_w = 0, .box_w = 0, .box_h = 0, .ofs_x = 0, .ofs_y = 0} /* id = 0 reserved */,
    {.bitmap_index = 0, .adv_w = 70, .box_w = 0, .box_h = 0, .ofs_x = 0, .ofs_y = 0},
    {.bitmap_index = 0, .adv_w = 73, .box_w = 3, .box_h = 11, .ofs_x = 1, .ofs_y = 0},
    {.bitmap_index = 15, .adv_w = 100, .box_w = 4, .box_h = 4, .ofs_x = 1, .ofs_y = 7},
    {.bitmap_index = 21, .adv_w = 151, .box_w = 10, .box_h = 10, .ofs_x = 0, .ofs_y = 1},
    {.bitmap_index = 68, .adv_w = 138, .box_w = 7, .box_h = 15, .ofs_x = 1, .ofs_y = -2},
    {.bitmap_index = 115, .adv_w = 210, .box_w = 13, .box_h = 11, .ofs_x = 0, .ofs_y = 0},
    {.bitmap_index = 182, .adv_w = 205, .box_w = 13, .box_h = 11, .ofs_x = 0, .ofs_y = 0},
    {.bitmap_index = 249, .adv_w = 59, .box_w = 2, .box_h = 4, .ofs_x = 1, .ofs_y = 7},
    {.bitmap_index = 253, .adv_w = 77, .box_w = 4, .box_h = 14, .ofs_x = 1, .ofs_y = -3},
    {.bitmap_index = 283, .adv_w = 77, .box_w = 4, .box_h = 14, .ofs_x = 0, .ofs_y = -3},
    {.bitmap_index = 311, .adv_w = 107, .box_w = 7, .box_h = 6, .ofs_x = 0, .ofs_y = 5},
    {.bitmap_index = 332, .adv_w = 175, .box_w = 9, .box_h = 8, .ofs_x = 1, .ofs_y = 0},
    {.bitmap_index = 354, .adv_w = 56, .box_w = 3, .box_h = 4, .ofs_x = 0, .ofs_y = -2},
    {.bitmap_index = 360, .adv_w = 102, .box_w = 5, .box_h = 1, .ofs_x = 1, .ofs_y = 4},
    {.bitmap_index = 363, .adv_w = 56, .box_w = 3, .box_h = 2, .ofs_x = 0, .ofs_y = 0},
    {.bitmap_index = 366, .adv_w = 100, .box_w = 8, .box_h = 13, .ofs_x = -1, .ofs_y = -2},
    {.bitmap_index = 404, .adv_w = 138, .box_w = 8, .box_h = 11, .ofs_x = 0, .ofs_y = 0},
    {.bitmap_index = 446, .adv_w = 138, .box_w = 5, .box_h = 11, .ofs_x = 1, .ofs_y = 0},
    {.bitmap_index = 458, .adv_w = 138, .box_w = 8, .box_h = 11, .ofs_x = 0, .ofs_y = 0},
    {.bitmap_index = 497, .adv_w = 138, .box_w = 8, .box_h = 11, .ofs_x = 0, .ofs_y = 0},
    {.bitmap_index = 536, .adv_w = 138, .box_w = 9, .box_h = 11, .ofs_x = 0, .ofs_y = 0},
    {.bitmap_index = 572, .adv_w = 138, .box_w = 7, .box_h = 11, .ofs_x = 1, .ofs_y = 0},
    {.bitmap_index = 606, .adv_w = 138, .box_w = 8, .box_h = 11, .ofs_x = 0, .ofs_y = 0},
    {.bitmap_index = 649, .adv_w = 138, .box_w = 8, .box_h = 11, .ofs_x = 0, .ofs_y = 0},
    {.bitmap_index = 682, .adv_w = 138, .box_w = 8, .box_h = 11, .ofs_x = 0, .ofs_y = 0},
    {.bitmap_index = 726, .adv_w = 138, .box_w = 8, .box_h = 11, .ofs_x = 0, .ofs_y = 0},
    {.bitmap_index = 770, .adv_w = 56, .box_w = 3, .box_h = 8, .ofs_x = 0, .ofs_y = 0},
    {.bitmap_index = 780, .adv_w = 56, .box_w = 3, .box_h = 11, .ofs_x = 0, .ofs_y = -3},
    {.bitmap_index = 794, .adv_w = 175, .box_w = 7, .box_h = 9, .ofs_x = 2, .ofs_y = 0},
    {.bitmap_index = 823, .adv_w = 175, .box_w = 9, .box_h = 5, .ofs_x = 1, .ofs_y = 2},
    {.bitmap_index = 837, .adv_w = 175, .box_w = 7, .box_h = 9, .ofs_x = 2, .ofs_y = 0},
    {.bitmap_index = 865, .adv_w = 115, .box_w = 6, .box_h = 11, .ofs_x = 1, .ofs_y = 0},
    {.bitmap_index = 897, .adv_w = 245, .box_w = 13, .box_h = 13, .ofs_x = 1, .ofs_y = -2},
    {.bitmap_index = 979, .adv_w = 165, .box_w = 11, .box_h = 11, .ofs_x = 0, .ofs_y = 0},
    {.bitmap_index = 1029, .adv_w = 147, .box_w = 8, .box_h = 11, .ofs_x = 1, .ofs_y = 0},
    {.bitmap_index = 1070, .adv_w = 159, .box_w = 10, .box_h = 11, .ofs_x = 0, .ofs_y = 0},
    {.bitmap_index = 1114, .adv_w = 180, .box_w = 10, .box_h = 11, .ofs_x = 1, .ofs_y = 0},
    {.bitmap_index = 1158, .adv_w = 130, .box_w = 7, .box_h = 11, .ofs_x = 1, .ofs_y = 0},
    {.bitmap_index = 1185, .adv_w = 125, .box_w = 7, .box_h = 11, .ofs_x = 1, .ofs_y = 0},
    {.bitmap_index = 1208, .adv_w = 176, .box_w = 10, .box_h = 11, .ofs_x = 0, .ofs_y = 0},
    {.bitmap_index = 1258, .adv_w = 182, .box_w = 9, .box_h = 11, .ofs_x = 1, .ofs_y = 0},
    {.bitmap_index = 1278, .adv_w = 68, .box_w = 2, .box_h = 11, .ofs_x = 1, .ofs_y = 0},
    {.bitmap_index = 1283, .adv_w = 91, .box_w = 5, .box_h = 11, .ofs_x = 0, .ofs_y = 0},
    {.bitmap_index = 1297, .adv_w = 149, .box_w = 9, .box_h = 11, .ofs_x = 1, .ofs_y = 0},
    {.bitmap_index = 1335, .adv_w = 121, .box_w = 7, .box_h = 11, .ofs_x = 1, .ofs_y = 0},
    {.bitmap_index = 1345, .adv_w = 230, .box_w = 12, .box_h = 11, .ofs_x = 1, .ofs_y = 0},
    {.bitmap_index = 1398, .adv_w = 192, .box_w = 10, .box_h = 11, .ofs_x = 1, .ofs_y = 0},
    {.bitmap_index = 1436, .adv_w = 193, .box_w = 12, .box_h = 11, .ofs_x = 0, .ofs_y = 0},
    {.bitmap_index = 1494, .adv_w = 143, .box_w = 8, .box_h = 11, .ofs_x = 1, .ofs_y = 0},
    {.bitmap_index = 1529, .adv_w = 193, .box_w = 13, .box_h = 13, .ofs_x = 0, .ofs_y = -2},
    {.bitmap_index = 1600, .adv_w = 153, .box_w = 9, .box_h = 11, .ofs_x = 1, .ofs_y = 0},
    {.bitmap_index = 1641, .adv_w = 136, .box_w = 8, .box_h = 11, .ofs_x = 0, .ofs_y = 0},
    {.bitmap_index = 1682, .adv_w = 134, .box_w = 9, .box_h = 11, .ofs_x = 0, .ofs_y = 0},
    {.bitmap_index = 1697, .adv_w = 176, .box_w = 9, .box_h = 11, .ofs_x = 1, .ofs_y = 0},
    {.bitmap_index = 1721, .adv_w = 159, .box_w = 10, .box_h = 11, .ofs_x = 0, .ofs_y = 0},
    {.bitmap_index = 1769, .adv_w = 239, .box_w = 15, .box_h = 11, .ofs_x = 0, .ofs_y = 0},
    {.bitmap_index = 1847, .adv_w = 151, .box_w = 10, .box_h = 11, .ofs_x = 0, .ofs_y = 0},
    {.bitmap_index = 1897, .adv_w = 142, .box_w = 9, .box_h = 11, .ofs_x = 0, .ofs_y = 0},
    {.bitmap_index = 1931, .adv_w = 146, .box_w = 9, .box_h = 11, .ofs_x = 0, .ofs_y = 0},
    {.bitmap_index = 1969, .adv_w = 77, .box_w = 4, .box_h = 13, .ofs_x = 1, .ofs_y = -2},
    {.bitmap_index = 1979, .adv_w = 97, .box_w = 8, .box_h = 13, .ofs_x = -1, .ofs_y = -2},
    {.bitmap_index = 2016, .adv_w = 77, .box_w = 4, .box_h = 13, .ofs_x = 0, .ofs_y = -2},
    {.bitmap_index = 2025, .adv_w = 175, .box_w = 9, .box_h = 7, .ofs_x = 1, .ofs_y = 5},
    {.bitmap_index = 2052, .adv_w = 106, .box_w = 7, .box_h = 1, .ofs_x = 0, .ofs_y = -2},
    {.bitmap_index = 2055, .adv_w = 69, .box_w = 4, .box_h = 3, .ofs_x = 0, .ofs_y = 9},
    {.bitmap_index = 2062, .adv_w = 130, .box_w = 8, .box_h = 8, .ofs_x = 0, .ofs_y = 0},
    {.bitmap_index = 2095, .adv_w = 151, .box_w = 8, .box_h = 12, .ofs_x = 1, .ofs_y = 0},
    {.bitmap_index = 2128, .adv_w = 118, .box_w = 7, .box_h = 8, .ofs_x = 0, .ofs_y = 0},
    {.bitmap_index = 2153, .adv_w = 151, .box_w = 9, .box_h = 12, .ofs_x = 0, .ofs_y = 0},
    {.bitmap_index = 2193, .adv_w = 134, .box_w = 8, .box_h = 8, .ofs_x = 0, .ofs_y = 0},
    {.bitmap_index = 2224, .adv_w = 80, .box_w = 6, .box_h = 12, .ofs_x = 0, .ofs_y = 0},
    {.bitmap_index = 2246, .adv_w = 151, .box_w = 9, .box_h = 12, .ofs_x = 0, .ofs_y = -4},
    {.bitmap_index = 2299, .adv_w = 145, .box_w = 7, .box_h = 12, .ofs_x = 1, .ofs_y = 0},
    {.bitmap_index = 2322, .adv_w = 62, .box_w = 2, .box_h = 12, .ofs_x = 1, .ofs_y = 0},
    {.bitmap_index = 2331, .adv_w = 62, .box_w = 5, .box_h = 16, .ofs_x = -2, .ofs_y = -4},
    {.bitmap_index = 2352, .adv_w = 127, .box_w = 7, .box_h = 12, .ofs_x = 1, .ofs_y = 0},
    {.bitmap_index = 2381, .adv_w = 62, .box_w = 2, .box_h = 12, .ofs_x = 1, .ofs_y = 0},
    {.bitmap_index = 2386, .adv_w = 221, .box_w = 12, .box_h = 8, .ofs_x = 1, .ofs_y = 0},
    {.bitmap_index = 2413, .adv_w = 145, .box_w = 7, .box_h = 8, .ofs_x = 1, .ofs_y = 0},
    {.bitmap_index = 2432, .adv_w = 150, .box_w = 9, .box_h = 8, .ofs_x = 0, .ofs_y = 0},
    {.bitmap_index = 2466, .adv_w = 151, .box_w = 8, .box_h = 12, .ofs_x = 1, .ofs_y = -4},
    {.bitmap_index = 2503, .adv_w = 151, .box_w = 9, .box_h = 12, .ofs_x = 0, .ofs_y = -4},
    {.bitmap_index = 2545, .adv_w = 89, .box_w = 5, .box_h = 9, .ofs_x = 1, .ofs_y = 0},
    {.bitmap_index = 2559, .adv_w = 109, .box_w = 7, .box_h = 8, .ofs_x = 0, .ofs_y = 0},
    {.bitmap_index = 2587, .adv_w = 87, .box_w = 6, .box_h = 11, .ofs_x = 0, .ofs_y = 0},
    {.bitmap_index = 2611, .adv_w = 145, .box_w = 7, .box_h = 8, .ofs_x = 1, .ofs_y = 0},
    {.bitmap_index = 2630, .adv_w = 123, .box_w = 8, .box_h = 8, .ofs_x = 0, .ofs_y = 0},
    {.bitmap_index = 2661, .adv_w = 185, .box_w = 12, .box_h = 8, .ofs_x = 0, .ofs_y = 0},
    {.bitmap_index = 2709, .adv_w = 118, .box_w = 8, .box_h = 8, .ofs_x = 0, .ofs_y = 0},
    {.bitmap_index = 2740, .adv_w = 124, .box_w = 8, .box_h = 12, .ofs_x = 0, .ofs_y = -4},
    {.bitmap_index = 2785, .adv_w = 116, .box_w = 7, .box_h = 8, .ofs_x = 0, .ofs_y = 0},
    {.bitmap_index = 2811, .adv_w = 77, .box_w = 5, .box_h = 13, .ofs_x = 0, .ofs_y = -2},
    {.bitmap_index = 2839, .adv_w = 61, .box_w = 2, .box_h = 16, .ofs_x = 1, .ofs_y = -4},
    {.bitmap_index = 2845, .adv_w = 77, .box_w = 5, .box_h = 13, .ofs_x = 0, .ofs_y = -2},
    {.bitmap_index = 2872, .adv_w = 175, .box_w = 9, .box_h = 2, .ofs_x = 1, .ofs_y = 3},
    {.bitmap_index = 2882, .adv_w = 70, .box_w = 0, .box_h = 0, .ofs_x = 0, .ofs_y = 0},
    {.bitmap_index = 2882, .adv_w = 73, .box_w = 3, .box_h = 11, .ofs_x = 1, .ofs_y = -3},
    {.bitmap_index = 2896, .adv_w = 138, .box_w = 7, .box_h = 11, .ofs_x = 1, .ofs_y = 0},
    {.bitmap_index = 2932, .adv_w = 138, .box_w = 8, .box_h = 11, .ofs_x = 0, .ofs_y = 0},
    {.bitmap_index = 2972, .adv_w = 142, .box_w = 9, .box_h = 8, .ofs_x = 0, .ofs_y = 2},
    {.bitmap_index = 3008, .adv_w = 138, .box_w = 9, .box_h = 11, .ofs_x = 0, .ofs_y = 0},
    {.bitmap_index = 3059, .adv_w = 61, .box_w = 2, .box_h = 16, .ofs_x = 1, .ofs_y = -4},
    {.bitmap_index = 3070, .adv_w = 115, .box_w = 6, .box_h = 12, .ofs_x = 1, .ofs_y = 0},
    {.bitmap_index = 3107, .adv_w = 106, .box_w = 6, .box_h = 2, .ofs_x = 0, .ofs_y = 9},
    {.bitmap_index = 3113, .adv_w = 228, .box_w = 12, .box_h = 12, .ofs_x = 1, .ofs_y = 0},
    {.bitmap_index = 3180, .adv_w = 100, .box_w = 6, .box_h = 6, .ofs_x = 0, .ofs_y = 6},
    {.bitmap_index = 3199, .adv_w = 130, .box_w = 8, .box_h = 6, .ofs_x = 0, .ofs_y = 2},
    {.bitmap_index = 3223, .adv_w = 175, .box_w = 9, .box_h = 5, .ofs_x = 1, .ofs_y = 1},
    {.bitmap_index = 3235, .adv_w = 102, .box_w = 5, .box_h = 1, .ofs_x = 1, .ofs_y = 4},
    {.bitmap_index = 3238, .adv_w = 228, .box_w = 10, .box_h = 9, .ofs_x = 2, .ofs_y = 2},
    {.bitmap_index = 3283, .adv_w = 106, .box_w = 7, .box_h = 1, .ofs_x = 0, .ofs_y = 11},
    {.bitmap_index = 3286, .adv_w = 97, .box_w = 6, .box_h = 4, .ofs_x = 0, .ofs_y = 7},
    {.bitmap_index = 3297, .adv_w = 175, .box_w = 9, .box_h = 9, .ofs_x = 1, .ofs_y = 0},
    {.bitmap_index = 3319, .adv_w = 94, .box_w = 6, .box_h = 7, .ofs_x = 0, .ofs_y = 7},
    {.bitmap_index = 3341, .adv_w = 94, .box_w = 5, .box_h = 7, .ofs_x = 1, .ofs_y = 7},
    {.bitmap_index = 3358, .adv_w = 72, .box_w = 4, .box_h = 3, .ofs_x = 1, .ofs_y = 9},
    {.bitmap_index = 3365, .adv_w = 148, .box_w = 8, .box_h = 11, .ofs_x = 1, .ofs_y = -3},
    {.bitmap_index = 3391, .adv_w = 117, .box_w = 7, .box_h = 11, .ofs_x = 0, .ofs_y = 0},
    {.bitmap_index = 3407, .adv_w = 56, .box_w = 3, .box_h = 2, .ofs_x = 0, .ofs_y = 4},
    {.bitmap_index = 3410, .adv_w = 53, .box_w = 4, .box_h = 4, .ofs_x = 0, .ofs_y = -3},
    {.bitmap_index = 3419, .adv_w = 90, .box_w = 4, .box_h = 8, .ofs_x = 0, .ofs_y = 7},
    {.bitmap_index = 3430, .adv_w = 110, .box_w = 7, .box_h = 7, .ofs_x = 0, .ofs_y = 5},
    {.bitmap_index = 3455, .adv_w = 130, .box_w = 8, .box_h = 6, .ofs_x = 0, .ofs_y = 2},
    {.bitmap_index = 3479, .adv_w = 232, .box_w = 14, .box_h = 12, .ofs_x = 0, .ofs_y = -1},
    {.bitmap_index = 3546, .adv_w = 238, .box_w = 14, .box_h = 11, .ofs_x = 0, .ofs_y = 0},
    {.bitmap_index = 3609, .adv_w = 244, .box_w = 13, .box_h = 12, .ofs_x = 1, .ofs_y = -1},
    {.bitmap_index = 3682, .adv_w = 115, .box_w = 6, .box_h = 12, .ofs_x = 1, .ofs_y = -4},
    {.bitmap_index = 3714, .adv_w = 165, .box_w = 11, .box_h = 15, .ofs_x = 0, .ofs_y = 0},
    {.bitmap_index = 3776, .adv_w = 165, .box_w = 11, .box_h = 15, .ofs_x = 0, .ofs_y = 0},
    {.bitmap_index = 3839, .adv_w = 165, .box_w = 11, .box_h = 15, .ofs_x = 0, .ofs_y = 0},
    {.bitmap_index = 3903, .adv_w = 165, .box_w = 11, .box_h = 14, .ofs_x = 0, .ofs_y = 0},
    {.bitmap_index = 3966, .adv_w = 165, .box_w = 11, .box_h = 14, .ofs_x = 0, .ofs_y = 0},
    {.bitmap_index = 4029, .adv_w = 165, .box_w = 11, .box_h = 13, .ofs_x = 0, .ofs_y = 0},
    {.bitmap_index = 4087, .adv_w = 220, .box_w = 14, .box_h = 11, .ofs_x = 0, .ofs_y = 0},
    {.bitmap_index = 4146, .adv_w = 159, .box_w = 10, .box_h = 15, .ofs_x = 0, .ofs_y = -4},
    {.bitmap_index = 4206, .adv_w = 130, .box_w = 7, .box_h = 15, .ofs_x = 1, .ofs_y = 0},
    {.bitmap_index = 4245, .adv_w = 130, .box_w = 7, .box_h = 15, .ofs_x = 1, .ofs_y = 0},
    {.bitmap_index = 4283, .adv_w = 130, .box_w = 7, .box_h = 15, .ofs_x = 1, .ofs_y = 0},
    {.bitmap_index = 4323, .adv_w = 130, .box_w = 7, .box_h = 14, .ofs_x = 1, .ofs_y = 0},
    {.bitmap_index = 4361, .adv_w = 68, .box_w = 4, .box_h = 15, .ofs_x = 0, .ofs_y = 0},
    {.bitmap_index = 4374, .adv_w = 68, .box_w = 4, .box_h = 15, .ofs_x = 0, .ofs_y = 0},
    {.bitmap_index = 4387, .adv_w = 68, .box_w = 6, .box_h = 15, .ofs_x = -1, .ofs_y = 0},
    {.bitmap_index = 4405, .adv_w = 68, .box_w = 6, .box_h = 14, .ofs_x = -1, .ofs_y = 0},
    {.bitmap_index = 4420, .adv_w = 180, .box_w = 11, .box_h = 11, .ofs_x = 0, .ofs_y = 0},
    {.bitmap_index = 4474, .adv_w = 192, .box_w = 10, .box_h = 14, .ofs_x = 1, .ofs_y = 0},
    {.bitmap_index = 4526, .adv_w = 193, .box_w = 12, .box_h = 15, .ofs_x = 0, .ofs_y = 0},
    {.bitmap_index = 4597, .adv_w = 193, .box_w = 12, .box_h = 15, .ofs_x = 0, .ofs_y = 0},
    {.bitmap_index = 4669, .adv_w = 193, .box_w = 12, .box_h = 15, .ofs_x = 0, .ofs_y = 0},
    {.bitmap_index = 4743, .adv_w = 193, .box_w = 12, .box_h = 14, .ofs_x = 0, .ofs_y = 0},
    {.bitmap_index = 4815, .adv_w = 193, .box_w = 12, .box_h = 14, .ofs_x = 0, .ofs_y = 0},
    {.bitmap_index = 4887, .adv_w = 175, .box_w = 7, .box_h = 7, .ofs_x = 2, .ofs_y = 1},
    {.bitmap_index = 4912, .adv_w = 193, .box_w = 12, .box_h = 13, .ofs_x = 0, .ofs_y = -1},
    {.bitmap_index = 4987, .adv_w = 176, .box_w = 9, .box_h = 15, .ofs_x = 1, .ofs_y = 0},
    {.bitmap_index = 5024, .adv_w = 176, .box_w = 9, .box_h = 15, .ofs_x = 1, .ofs_y = 0},
    {.bitmap_index = 5061, .adv_w = 176, .box_w = 9, .box_h = 15, .ofs_x = 1, .ofs_y = 0},
    {.bitmap_index = 5100, .adv_w = 176, .box_w = 9, .box_h = 14, .ofs_x = 1, .ofs_y = 0},
    {.bitmap_index = 5137, .adv_w = 142, .box_w = 9, .box_h = 15, .ofs_x = 0, .ofs_y = 0},
    {.bitmap_index = 5184, .adv_w = 143, .box_w = 8, .box_h = 11, .ofs_x = 1, .ofs_y = 0},
    {.bitmap_index = 5220, .adv_w = 139, .box_w = 8, .box_h = 12, .ofs_x = 1, .ofs_y = 0},
    {.bitmap_index = 5264, .adv_w = 130, .box_w = 8, .box_h = 12, .ofs_x = 0, .ofs_y = 0},
    {.bitmap_index = 5308, .adv_w = 130, .box_w = 8, .box_h = 12, .ofs_x = 0, .ofs_y = 0},
    {.bitmap_index = 5352, .adv_w = 130, .box_w = 8, .box_h = 12, .ofs_x = 0, .ofs_y = 0},
    {.bitmap_index = 5399, .adv_w = 130, .box_w = 8, .box_h = 11, .ofs_x = 0, .ofs_y = 0},
    {.bitmap_index = 5444, .adv_w = 130, .box_w = 8, .box_h = 11, .ofs_x = 0, .ofs_y = 0},
    {.bitmap_index = 5489, .adv_w = 130, .box_w = 8, .box_h = 12, .ofs_x = 0, .ofs_y = 0},
    {.bitmap_index = 5536, .adv_w = 213, .box_w = 13, .box_h = 8, .ofs_x = 0, .ofs_y = 0},
    {.bitmap_index = 5588, .adv_w = 118, .box_w = 7, .box_h = 12, .ofs_x = 0, .ofs_y = -4},
    {.bitmap_index = 5625, .adv_w = 134, .box_w = 8, .box_h = 12, .ofs_x = 0, .ofs_y = 0},
    {.bitmap_index = 5668, .adv_w = 134, .box_w = 8, .box_h = 12, .ofs_x = 0, .ofs_y = 0},
    {.bitmap_index = 5710, .adv_w = 134, .box_w = 8, .box_h = 12, .ofs_x = 0, .ofs_y = 0},
    {.bitmap_index = 5755, .adv_w = 134, .box_w = 8, .box_h = 11, .ofs_x = 0, .ofs_y = 0},
    {.bitmap_index = 5797, .adv_w = 62, .box_w = 4, .box_h = 12, .ofs_x = -1, .ofs_y = 0},
    {.bitmap_index = 5811, .adv_w = 62, .box_w = 4, .box_h = 12, .ofs_x = 0, .ofs_y = 0},
    {.bitmap_index = 5824, .adv_w = 62, .box_w = 6, .box_h = 12, .ofs_x = -1, .ofs_y = 0},
    {.bitmap_index = 5841, .adv_w = 62, .box_w = 6, .box_h = 11, .ofs_x = -1, .ofs_y = 0},
    {.bitmap_index = 5855, .adv_w = 143, .box_w = 9, .box_h = 13, .ofs_x = 0, .ofs_y = 0},
    {.bitmap_index = 5909, .adv_w = 145, .box_w = 7, .box_h = 11, .ofs_x = 1, .ofs_y = 0},
    {.bitmap_index = 5939, .adv_w = 150, .box_w = 9, .box_h = 12, .ofs_x = 0, .ofs_y = 0},
    {.bitmap_index = 5985, .adv_w = 150, .box_w = 9, .box_h = 12, .ofs_x = 0, .ofs_y = 0},
    {.bitmap_index = 6031, .adv_w = 150, .box_w = 9, .box_h = 12, .ofs_x = 0, .ofs_y = 0},
    {.bitmap_index = 6079, .adv_w = 150, .box_w = 9, .box_h = 11, .ofs_x = 0, .ofs_y = 0},
    {.bitmap_index = 6125, .adv_w = 150, .box_w = 9, .box_h = 11, .ofs_x = 0, .ofs_y = 0},
    {.bitmap_index = 6171, .adv_w = 175, .box_w = 9, .box_h = 8, .ofs_x = 1, .ofs_y = 0},
    {.bitmap_index = 6196, .adv_w = 150, .box_w = 10, .box_h = 10, .ofs_x = 0, .ofs_y = -1},
    {.bitmap_index = 6245, .adv_w = 145, .box_w = 7, .box_h = 12, .ofs_x = 1, .ofs_y = 0},
    {.bitmap_index = 6276, .adv_w = 145, .box_w = 7, .box_h = 12, .ofs_x = 1, .ofs_y = 0},
    {.bitmap_index = 6307, .adv_w = 145, .box_w = 7, .box_h = 12, .ofs_x = 1, .ofs_y = 0},
    {.bitmap_index = 6340, .adv_w = 145, .box_w = 7, .box_h = 11, .ofs_x = 1, .ofs_y = 0},
    {.bitmap_index = 6371, .adv_w = 124, .box_w = 8, .box_h = 16, .ofs_x = 0, .ofs_y = -4},
    {.bitmap_index = 6427, .adv_w = 151, .box_w = 8, .box_h = 16, .ofs_x = 1, .ofs_y = -4},
    {.bitmap_index = 6467, .adv_w = 124, .box_w = 8, .box_h = 15, .ofs_x = 0, .ofs_y = -4},
    {.bitmap_index = 6523, .adv_w = 165, .box_w = 11, .box_h = 13, .ofs_x = 0, .ofs_y = 0},
    {.bitmap_index = 6581, .adv_w = 130, .box_w = 8, .box_h = 10, .ofs_x = 0, .ofs_y = 0},
    {.bitmap_index = 6621, .adv_w = 165, .box_w = 11, .box_h = 14, .ofs_x = 0, .ofs_y = 0},
    {.bitmap_index = 6683, .adv_w = 130, .box_w = 8, .box_h = 11, .ofs_x = 0, .ofs_y = 0},
    {.bitmap_index = 6728, .adv_w = 165, .box_w = 11, .box_h = 14, .ofs_x = 0, .ofs_y = -3},
    {.bitmap_index = 6789, .adv_w = 130, .box_w = 8, .box_h = 11, .ofs_x = 0, .ofs_y = -3},
    {.bitmap_index = 6832, .adv_w = 159, .box_w = 10, .box_h = 15, .ofs_x = 0, .ofs_y = 0},
    {.bitmap_index = 6888, .adv_w = 118, .box_w = 7, .box_h = 12, .ofs_x = 0, .ofs_y = 0},
    {.bitmap_index = 6924, .adv_w = 159, .box_w = 10, .box_h = 15, .ofs_x = 0, .ofs_y = 0},
    {.bitmap_index = 6982, .adv_w = 118, .box_w = 7, .box_h = 12, .ofs_x = 0, .ofs_y = 0},
    {.bitmap_index = 7020, .adv_w = 159, .box_w = 10, .box_h = 14, .ofs_x = 0, .ofs_y = 0},
    {.bitmap_index = 7072, .adv_w = 118, .box_w = 7, .box_h = 11, .ofs_x = 0, .ofs_y = 0},
    {.bitmap_index = 7105, .adv_w = 159, .box_w = 10, .box_h = 15, .ofs_x = 0, .ofs_y = 0},
    {.bitmap_index = 7163, .adv_w = 118, .box_w = 7, .box_h = 12, .ofs_x = 0, .ofs_y = 0},
    {.bitmap_index = 7201, .adv_w = 180, .box_w = 10, .box_h = 15, .ofs_x = 1, .ofs_y = 0},
    {.bitmap_index = 7261, .adv_w = 173, .box_w = 12, .box_h = 12, .ofs_x = 0, .ofs_y = 0},
    {.bitmap_index = 7313, .adv_w = 180, .box_w = 11, .box_h = 11, .ofs_x = 0, .ofs_y = 0},
    {.bitmap_index = 7367, .adv_w = 151, .box_w = 10, .box_h = 12, .ofs_x = 0, .ofs_y = 0},
    {.bitmap_index = 7417, .adv_w = 130, .box_w = 7, .box_h = 13, .ofs_x = 1, .ofs_y = 0},
    {.bitmap_index = 7451, .adv_w = 134, .box_w = 8, .box_h = 10, .ofs_x = 0, .ofs_y = 0},
    {.bitmap_index = 7489, .adv_w = 130, .box_w = 7, .box_h = 14, .ofs_x = 1, .ofs_y = 0},
    {.bitmap_index = 7527, .adv_w = 134, .box_w = 8, .box_h = 11, .ofs_x = 0, .ofs_y = 0},
    {.bitmap_index = 7569, .adv_w = 130, .box_w = 7, .box_h = 14, .ofs_x = 1, .ofs_y = 0},
    {.bitmap_index = 7604, .adv_w = 134, .box_w = 8, .box_h = 11, .ofs_x = 0, .ofs_y = 0},
    {.bitmap_index = 7643, .adv_w = 130, .box_w = 7, .box_h = 14, .ofs_x = 1, .ofs_y = -3},
    {.bitmap_index = 7680, .adv_w = 134, .box_w = 8, .box_h = 11, .ofs_x = 0, .ofs_y = -3},
    {.bitmap_index = 7722, .adv_w = 130, .box_w = 7, .box_h = 15, .ofs_x = 1, .ofs_y = 0},
    {.bitmap_index = 7763, .adv_w = 134, .box_w = 8, .box_h = 12, .ofs_x = 0, .ofs_y = 0},
    {.bitmap_index = 7808, .adv_w = 176, .box_w = 10, .box_h = 15, .ofs_x = 0, .ofs_y = 0},
    {.bitmap_index = 7873, .adv_w = 151, .box_w = 9, .box_h = 16, .ofs_x = 0, .ofs_y = -4},
    {.bitmap_index = 7941, .adv_w = 176, .box_w = 10, .box_h = 14, .ofs_x = 0, .ofs_y = 0},
    {.bitmap_index = 8003, .adv_w = 151, .box_w = 9, .box_h = 15, .ofs_x = 0, .ofs_y = -4},
    {.bitmap_index = 8068, .adv_w = 176, .box_w = 10, .box_h = 14, .ofs_x = 0, .ofs_y = 0},
    {.bitmap_index = 8126, .adv_w = 151, .box_w = 9, .box_h = 15, .ofs_x = 0, .ofs_y = -4},
    {.bitmap_index = 8188, .adv_w = 176, .box_w = 10, .box_h = 14, .ofs_x = 0, .ofs_y = -3},
    {.bitmap_index = 8250, .adv_w = 151, .box_w = 9, .box_h = 16, .ofs_x = 0, .ofs_y = -4},
    {.bitmap_index = 8315, .adv_w = 182, .box_w = 9, .box_h = 15, .ofs_x = 1, .ofs_y = 0},
    {.bitmap_index = 8350, .adv_w = 145, .box_w = 7, .box_h = 15, .ofs_x = 1, .ofs_y = 0},
    {.bitmap_index = 8384, .adv_w = 182, .box_w = 12, .box_h = 11, .ofs_x = 0, .ofs_y = 0},
    {.bitmap_index = 8421, .adv_w = 145, .box_w = 8, .box_h = 12, .ofs_x = 0, .ofs_y = 0},
    {.bitmap_index = 8456, .adv_w = 68, .box_w = 6, .box_h = 14, .ofs_x = -1, .ofs_y = 0},
    {.bitmap_index = 8471, .adv_w = 62, .box_w = 6, .box_h = 11, .ofs_x = -1, .ofs_y = 0},
    {.bitmap_index = 8485, .adv_w = 68, .box_w = 5, .box_h = 13, .ofs_x = 0, .ofs_y = 0},
    {.bitmap_index = 8495, .adv_w = 62, .box_w = 5, .box_h = 10, .ofs_x = -1, .ofs_y = 0},
    {.bitmap_index = 8505, .adv_w = 68, .box_w = 6, .box_h = 14, .ofs_x = -1, .ofs_y = 0},
    {.bitmap_index = 8520, .adv_w = 62, .box_w = 5, .box_h = 11, .ofs_x = -1, .ofs_y = 0},
    {.bitmap_index = 8533, .adv_w = 68, .box_w = 3, .box_h = 14, .ofs_x = 0, .ofs_y = -3},
    {.bitmap_index = 8542, .adv_w = 62, .box_w = 3, .box_h = 15, .ofs_x = 0, .ofs_y = -3},
    {.bitmap_index = 8556, .adv_w = 68, .box_w = 2, .box_h = 14, .ofs_x = 1, .ofs_y = 0},
    {.bitmap_index = 8564, .adv_w = 62, .box_w = 2, .box_h = 8, .ofs_x = 1, .ofs_y = 0},
    {.bitmap_index = 8569, .adv_w = 160, .box_w = 8, .box_h = 11, .ofs_x = 1, .ofs_y = 0},
    {.bitmap_index = 8587, .adv_w = 127, .box_w = 6, .box_h = 16, .ofs_x = 1, .ofs_y = -4},
    {.bitmap_index = 8617, .adv_w = 91, .box_w = 6, .box_h = 15, .ofs_x = 0, .ofs_y = 0},
    {.bitmap_index = 8645, .adv_w = 62, .box_w = 7, .box_h = 16, .ofs_x = -2, .ofs_y = -4},
    {.bitmap_index = 8675, .adv_w = 149, .box_w = 9, .box_h = 14, .ofs_x = 1, .ofs_y = -3},
    {.bitmap_index = 8724, .adv_w = 127, .box_w = 7, .box_h = 15, .ofs_x = 1, .ofs_y = -3},
    {.bitmap_index = 8762, .adv_w = 127, .box_w = 7, .box_h = 8, .ofs_x = 1, .ofs_y = 0},
    {.bitmap_index = 8789, .adv_w = 121, .box_w = 7, .box_h = 15, .ofs_x = 1, .ofs_y = 0},
    {.bitmap_index = 8811, .adv_w = 62, .box_w = 4, .box_h = 15, .ofs_x = 1, .ofs_y = 0},
    {.bitmap_index = 8822, .adv_w = 121, .box_w = 7, .box_h = 14, .ofs_x = 1, .ofs_y = -3},
    {.bitmap_index = 8842, .adv_w = 62, .box_w = 3, .box_h = 15, .ofs_x = 0, .ofs_y = -3},
    {.bitmap_index = 8851, .adv_w = 121, .box_w = 7, .box_h = 11, .ofs_x = 1, .ofs_y = 0},
    {.bitmap_index = 8868, .adv_w = 79, .box_w = 5, .box_h = 12, .ofs_x = 1, .ofs_y = 0},
    {.bitmap_index = 8881, .adv_w = 121, .box_w = 7, .box_h = 11, .ofs_x = 1, .ofs_y = 0},
    {.bitmap_index = 8900, .adv_w = 81, .box_w = 5, .box_h = 12, .ofs_x = 1, .ofs_y = 0},
    {.bitmap_index = 8913, .adv_w = 121, .box_w = 8, .box_h = 11, .ofs_x = 0, .ofs_y = 0},
    {.bitmap_index = 8941, .adv_w = 70, .box_w = 5, .box_h = 12, .ofs_x = 0, .ofs_y = 0},
    {.bitmap_index = 8961, .adv_w = 192, .box_w = 10, .box_h = 15, .ofs_x = 1, .ofs_y = 0},
    {.bitmap_index = 9012, .adv_w = 145, .box_w = 7, .box_h = 12, .ofs_x = 1, .ofs_y = 0},
    {.bitmap_index = 9043, .adv_w = 192, .box_w = 10, .box_h = 14, .ofs_x = 1, .ofs_y = -3},
    {.bitmap_index = 9092, .adv_w = 145, .box_w = 7, .box_h = 11, .ofs_x = 1, .ofs_y = -3},
    {.bitmap_index = 9121, .adv_w = 192, .box_w = 10, .box_h = 15, .ofs_x = 1, .ofs_y = 0},
    {.bitmap_index = 9174, .adv_w = 145, .box_w = 7, .box_h = 12, .ofs_x = 1, .ofs_y = 0},
    {.bitmap_index = 9206, .adv_w = 155, .box_w = 10, .box_h = 11, .ofs_x = -1, .ofs_y = 0},
    {.bitmap_index = 9236, .adv_w = 192, .box_w = 10, .box_h = 15, .ofs_x = 1, .ofs_y = -4},
    {.bitmap_index = 9289, .adv_w = 145, .box_w = 7, .box_h = 12, .ofs_x = 1, .ofs_y = -4},
    {.bitmap_index = 9320, .adv_w = 193, .box_w = 12, .box_h = 13, .ofs_x = 0, .ofs_y = 0},
    {.bitmap_index = 9386, .adv_w = 150, .box_w = 9, .box_h = 10, .ofs_x = 0, .ofs_y = 0},
    {.bitmap_index = 9427, .adv_w = 193, .box_w = 12, .box_h = 14, .ofs_x = 0, .ofs_y = 0},
    {.bitmap_index = 9498, .adv_w = 150, .box_w = 9, .box_h = 11, .ofs_x = 0, .ofs_y = 0},
    {.bitmap_index = 9543, .adv_w = 193, .box_w = 12, .box_h = 15, .ofs_x = 0, .ofs_y = 0},
    {.bitmap_index = 9617, .adv_w = 150, .box_w = 9, .box_h = 12, .ofs_x = 0, .ofs_y = 0},
    {.bitmap_index = 9665, .adv_w = 238, .box_w = 15, .box_h = 11, .ofs_x = 0, .ofs_y = 0},
    {.bitmap_index = 9730, .adv_w = 238, .box_w = 15, .box_h = 8, .ofs_x = 0, .ofs_y = 0},
    {.bitmap_index = 9786, .adv_w = 153, .box_w = 9, .box_h = 15, .ofs_x = 1, .ofs_y = 0},
    {.bitmap_index = 9840, .adv_w = 89, .box_w = 5, .box_h = 12, .ofs_x = 1, .ofs_y = 0},
    {.bitmap_index = 9863, .adv_w = 153, .box_w = 9, .box_h = 14, .ofs_x = 1, .ofs_y = -3},
    {.bitmap_index = 9915, .adv_w = 89, .box_w = 5, .box_h = 12, .ofs_x = 1, .ofs_y = -3},
    {.bitmap_index = 9936, .adv_w = 153, .box_w = 9, .box_h = 15, .ofs_x = 1, .ofs_y = 0},
    {.bitmap_index = 9992, .adv_w = 89, .box_w = 5, .box_h = 12, .ofs_x = 1, .ofs_y = 0},
    {.bitmap_index = 10015, .adv_w = 136, .box_w = 8, .box_h = 15, .ofs_x = 0, .ofs_y = 0},
    {.bitmap_index = 10067, .adv_w = 109, .box_w = 7, .box_h = 12, .ofs_x = 0, .ofs_y = 0},
    {.bitmap_index = 10107, .adv_w = 136, .box_w = 8, .box_h = 15, .ofs_x = 0, .ofs_y = 0},
    {.bitmap_index = 10161, .adv_w = 109, .box_w = 7, .box_h = 12, .ofs_x = 0, .ofs_y = 0},
    {.bitmap_index = 10203, .adv_w = 136, .box_w = 8, .box_h = 15, .ofs_x = 0, .ofs_y = -4},
    {.bitmap_index = 10258, .adv_w = 109, .box_w = 7, .box_h = 12, .ofs_x = 0, .ofs_y = -4},
    {.bitmap_index = 10299, .adv_w = 136, .box_w = 8, .box_h = 15, .ofs_x = 0, .ofs_y = 0},
    {.bitmap_index = 10354, .adv_w = 109, .box_w = 7, .box_h = 12, .ofs_x = 0, .ofs_y = 0},
    {.bitmap_index = 10395, .adv_w = 134, .box_w = 9, .box_h = 15, .ofs_x = 0, .ofs_y = -4},
    {.bitmap_index = 10422, .adv_w = 87, .box_w = 6, .box_h = 15, .ofs_x = 0, .ofs_y = -4},
    {.bitmap_index = 10458, .adv_w = 134, .box_w = 9, .box_h = 15, .ofs_x = 0, .ofs_y = 0},
    {.bitmap_index = 10488, .adv_w = 113, .box_w = 8, .box_h = 11, .ofs_x = 0, .ofs_y = 0},
    {.bitmap_index = 10519, .adv_w = 134, .box_w = 9, .box_h = 11, .ofs_x = 0, .ofs_y = 0},
    {.bitmap_index = 10548, .adv_w = 87, .box_w = 6, .box_h = 11, .ofs_x = 0, .ofs_y = 0},
    {.bitmap_index = 10580, .adv_w = 176, .box_w = 9, .box_h = 14, .ofs_x = 1, .ofs_y = 0},
    {.bitmap_index = 10617, .adv_w = 145, .box_w = 7, .box_h = 11, .ofs_x = 1, .ofs_y = 0},
    {.bitmap_index = 10647, .adv_w = 176, .box_w = 9, .box_h = 13, .ofs_x = 1, .ofs_y = 0},
    {.bitmap_index = 10679, .adv_w = 145, .box_w = 7, .box_h = 10, .ofs_x = 1, .ofs_y = 0},
    {.bitmap_index = 10705, .adv_w = 176, .box_w = 9, .box_h = 14, .ofs_x = 1, .ofs_y = 0},
    {.bitmap_index = 10741, .adv_w = 145, .box_w = 7, .box_h = 11, .ofs_x = 1, .ofs_y = 0},
    {.bitmap_index = 10771, .adv_w = 176, .box_w = 9, .box_h = 15, .ofs_x = 1, .ofs_y = 0},
    {.bitmap_index = 10809, .adv_w = 145, .box_w = 7, .box_h = 12, .ofs_x = 1, .ofs_y = 0},
    {.bitmap_index = 10842, .adv_w = 176, .box_w = 9, .box_h = 15, .ofs_x = 1, .ofs_y = 0},
    {.bitmap_index = 10881, .adv_w = 145, .box_w = 7, .box_h = 12, .ofs_x = 1, .ofs_y = 0},
    {.bitmap_index = 10914, .adv_w = 176, .box_w = 9, .box_h = 14, .ofs_x = 1, .ofs_y = -3},
    {.bitmap_index = 10949, .adv_w = 145, .box_w = 7, .box_h = 11, .ofs_x = 1, .ofs_y = -3},
    {.bitmap_index = 10978, .adv_w = 239, .box_w = 15, .box_h = 15, .ofs_x = 0, .ofs_y = 0},
    {.bitmap_index = 11074, .adv_w = 185, .box_w = 12, .box_h = 12, .ofs_x = 0, .ofs_y = 0},
    {.bitmap_index = 11138, .adv_w = 142, .box_w = 9, .box_h = 15, .ofs_x = 0, .ofs_y = 0},
    {.bitmap_index = 11187, .adv_w = 124, .box_w = 8, .box_h = 16, .ofs_x = 0, .ofs_y = -4},
    {.bitmap_index = 11246, .adv_w = 142, .box_w = 9, .box_h = 14, .ofs_x = 0, .ofs_y = 0},
    {.bitmap_index = 11293, .adv_w = 146, .box_w = 9, .box_h = 15, .ofs_x = 0, .ofs_y = 0},
    {.bitmap_index = 11343, .adv_w = 116, .box_w = 7, .box_h = 12, .ofs_x = 0, .ofs_y = 0},
    {.bitmap_index = 11381, .adv_w = 146, .box_w = 9, .box_h = 14, .ofs_x = 0, .ofs_y = 0},
    {.bitmap_index = 11428, .adv_w = 116, .box_w = 7, .box_h = 11, .ofs_x = 0, .ofs_y = 0},
    {.bitmap_index = 11462, .adv_w = 146, .box_w = 9, .box_h = 15, .ofs_x = 0, .ofs_y = 0},
    {.bitmap_index = 11515, .adv_w = 116, .box_w = 7, .box_h = 12, .ofs_x = 0, .ofs_y = 0},
    {.bitmap_index = 11554, .adv_w = 62, .box_w = 4, .box_h = 12, .ofs_x = 1, .ofs_y = 0},
    {.bitmap_index = 11564, .adv_w = 195, .box_w = 13, .box_h = 13, .ofs_x = 0, .ofs_y = 0},
    {.bitmap_index = 11635, .adv_w = 153, .box_w = 10, .box_h = 10, .ofs_x = 0, .ofs_y = 0},
    {.bitmap_index = 11678, .adv_w = 248, .box_w = 15, .box_h = 11, .ofs_x = 0, .ofs_y = 0},
    {.bitmap_index = 11732, .adv_w = 202, .box_w = 12, .box_h = 8, .ofs_x = 0, .ofs_y = 0},
    {.bitmap_index = 11767, .adv_w = 154, .box_w = 10, .box_h = 11, .ofs_x = -1, .ofs_y = 0},
    {.bitmap_index = 11808, .adv_w = 151, .box_w = 8, .box_h = 16, .ofs_x = 1, .ofs_y = -4},
    {.bitmap_index = 11857, .adv_w = 148, .box_w = 8, .box_h = 12, .ofs_x = 1, .ofs_y = -1},
    {.bitmap_index = 11899, .adv_w = 136, .box_w = 8, .box_h = 11, .ofs_x = 0, .ofs_y = 0},
    {.bitmap_index = 11941, .adv_w = 109, .box_w = 6, .box_h = 8, .ofs_x = 0, .ofs_y = 0},
    {.bitmap_index = 11966, .adv_w = 132, .box_w = 8, .box_h = 11, .ofs_x = 0, .ofs_y = 0},
    {.bitmap_index = 12003, .adv_w = 76, .box_w = 7, .box_h = 16, .ofs_x = -1, .ofs_y = -4},
    {.bitmap_index = 12027, .adv_w = 87, .box_w = 6, .box_h = 14, .ofs_x = 0, .ofs_y = -3},
    {.bitmap_index = 12059, .adv_w = 134, .box_w = 10, .box_h = 11, .ofs_x = -1, .ofs_y = 0},
    {.bitmap_index = 12080, .adv_w = 87, .box_w = 6, .box_h = 12, .ofs_x = 0, .ofs_y = 0},
    {.bitmap_index = 12109, .adv_w = 134, .box_w = 9, .box_h = 15, .ofs_x = 0, .ofs_y = -4},
    {.bitmap_index = 12137, .adv_w = 181, .box_w = 11, .box_h = 13, .ofs_x = 1, .ofs_y = 0},
    {.bitmap_index = 12175, .adv_w = 151, .box_w = 9, .box_h = 10, .ofs_x = 1, .ofs_y = 0},
    {.bitmap_index = 12206, .adv_w = 165, .box_w = 11, .box_h = 14, .ofs_x = 0, .ofs_y = -3},
    {.bitmap_index = 12267, .adv_w = 130, .box_w = 8, .box_h = 11, .ofs_x = 0, .ofs_y = -3},
    {.bitmap_index = 12309, .adv_w = 165, .box_w = 11, .box_h = 15, .ofs_x = 0, .ofs_y = 0},
    {.bitmap_index = 12372, .adv_w = 130, .box_w = 8, .box_h = 12, .ofs_x = 0, .ofs_y = 0},
    {.bitmap_index = 12417, .adv_w = 165, .box_w = 11, .box_h = 15, .ofs_x = 0, .ofs_y = 0},
    {.bitmap_index = 12483, .adv_w = 130, .box_w = 9, .box_h = 13, .ofs_x = 0, .ofs_y = 0},
    {.bitmap_index = 12535, .adv_w = 165, .box_w = 11, .box_h = 15, .ofs_x = 0, .ofs_y = 0},
    {.bitmap_index = 12601, .adv_w = 130, .box_w = 9, .box_h = 13, .ofs_x = -1, .ofs_y = 0},
    {.bitmap_index = 12653, .adv_w = 165, .box_w = 11, .box_h = 16, .ofs_x = 0, .ofs_y = 0},
    {.bitmap_index = 12723, .adv_w = 130, .box_w = 8, .box_h = 13, .ofs_x = 0, .ofs_y = 0},
    {.bitmap_index = 12772, .adv_w = 165, .box_w = 11, .box_h = 16, .ofs_x = 0, .ofs_y = 0},
    {.bitmap_index = 12844, .adv_w = 130, .box_w = 8, .box_h = 13, .ofs_x = 0, .ofs_y = 0},
    {.bitmap_index = 12895, .adv_w = 165, .box_w = 11, .box_h = 18, .ofs_x = 0, .ofs_y = -3},
    {.bitmap_index = 12970, .adv_w = 130, .box_w = 8, .box_h = 15, .ofs_x = 0, .ofs_y = -3},
    {.bitmap_index = 13027, .adv_w = 165, .box_w = 11, .box_h = 16, .ofs_x = 0, .ofs_y = 0},
    {.bitmap_index = 13095, .adv_w = 130, .box_w = 8, .box_h = 13, .ofs_x = 0, .ofs_y = 0},
    {.bitmap_index = 13145, .adv_w = 165, .box_w = 11, .box_h = 16, .ofs_x = 0, .ofs_y = 0},
    {.bitmap_index = 13213, .adv_w = 130, .box_w = 8, .box_h = 13, .ofs_x = 0, .ofs_y = 0},
    {.bitmap_index = 13263, .adv_w = 165, .box_w = 11, .box_h = 17, .ofs_x = 0, .ofs_y = 0},
    {.bitmap_index = 13336, .adv_w = 130, .box_w = 8, .box_h = 14, .ofs_x = 0, .ofs_y = 0},
    {.bitmap_index = 13390, .adv_w = 165, .box_w = 11, .box_h = 16, .ofs_x = 0, .ofs_y = 0},
    {.bitmap_index = 13461, .adv_w = 130, .box_w = 8, .box_h = 13, .ofs_x = 0, .ofs_y = 0},
    {.bitmap_index = 13513, .adv_w = 165, .box_w = 11, .box_h = 17, .ofs_x = 0, .ofs_y = -3},
    {.bitmap_index = 13586, .adv_w = 130, .box_w = 8, .box_h = 14, .ofs_x = 0, .ofs_y = -3},
    {.bitmap_index = 13640, .adv_w = 130, .box_w = 7, .box_h = 14, .ofs_x = 1, .ofs_y = -3},
    {.bitmap_index = 13676, .adv_w = 134, .box_w = 8, .box_h = 11, .ofs_x = 0, .ofs_y = -3},
    {.bitmap_index = 13718, .adv_w = 130, .box_w = 7, .box_h = 15, .ofs_x = 1, .ofs_y = 0},
    {.bitmap_index = 13758, .adv_w = 134, .box_w = 8, .box_h = 12, .ofs_x = 0, .ofs_y = 0},
    {.bitmap_index = 13801, .adv_w = 130, .box_w = 7, .box_h = 14, .ofs_x = 1, .ofs_y = 0},
    {.bitmap_index = 13839, .adv_w = 134, .box_w = 8, .box_h = 11, .ofs_x = 0, .ofs_y = 0},
    {.bitmap_index = 13882, .adv_w = 130, .box_w = 8, .box_h = 15, .ofs_x = 1, .ofs_y = 0},
    {.bitmap_index = 13927, .adv_w = 134, .box_w = 9, .box_h = 13, .ofs_x = 0, .ofs_y = 0},
    {.bitmap_index = 13980, .adv_w = 130, .box_w = 8, .box_h = 15, .ofs_x = 0, .ofs_y = 0},
    {.bitmap_index = 14024, .adv_w = 134, .box_w = 8, .box_h = 13, .ofs_x = 0, .ofs_y = 0},
    {.bitmap_index = 14072, .adv_w = 130, .box_w = 8, .box_h = 16, .ofs_x = 1, .ofs_y = 0},
    {.bitmap_index = 14121, .adv_w = 134, .box_w = 9, .box_h = 13, .ofs_x = 0, .ofs_y = 0},
    {.bitmap_index = 14174, .adv_w = 130, .box_w = 7, .box_h = 16, .ofs_x = 1, .ofs_y = 0},
    {.bitmap_index = 14220, .adv_w = 134, .box_w = 8, .box_h = 14, .ofs_x = 0, .ofs_y = 0},
    {.bitmap_index = 14274, .adv_w = 130, .box_w = 7, .box_h = 18, .ofs_x = 1, .ofs_y = -3},
    {.bitmap_index = 14324, .adv_w = 134, .box_w = 8, .box_h = 15, .ofs_x = 0, .ofs_y = -3},
    {.bitmap_index = 14380, .adv_w = 68, .box_w = 3, .box_h = 15, .ofs_x = 1, .ofs_y = 0},
    {.bitmap_index = 14391, .adv_w = 62, .box_w = 3, .box_h = 12, .ofs_x = 1, .ofs_y = 0},
    {.bitmap_index = 14402, .adv_w = 68, .box_w = 2, .box_h = 14, .ofs_x = 1, .ofs_y = -3},
    {.bitmap_index = 14410, .adv_w = 62, .box_w = 2, .box_h = 15, .ofs_x = 1, .ofs_y = -3},
    {.bitmap_index = 14422, .adv_w = 193, .box_w = 12, .box_h = 14, .ofs_x = 0, .ofs_y = -3},
    {.bitmap_index = 14491, .adv_w = 150, .box_w = 9, .box_h = 11, .ofs_x = 0, .ofs_y = -3},
    {.bitmap_index = 14535, .adv_w = 193, .box_w = 12, .box_h = 15, .ofs_x = 0, .ofs_y = 0},
    {.bitmap_index = 14607, .adv_w = 150, .box_w = 9, .box_h = 12, .ofs_x = 0, .ofs_y = 0},
    {.bitmap_index = 14653, .adv_w = 193, .box_w = 12, .box_h = 15, .ofs_x = 0, .ofs_y = 0},
    {.bitmap_index = 14728, .adv_w = 150, .box_w = 10, .box_h = 13, .ofs_x = 0, .ofs_y = 0},
    {.bitmap_index = 14784, .adv_w = 193, .box_w = 12, .box_h = 15, .ofs_x = 0, .ofs_y = 0},
    {.bitmap_index = 14858, .adv_w = 150, .box_w = 9, .box_h = 13, .ofs_x = 0, .ofs_y = 0},
    {.bitmap_index = 14909, .adv_w = 193, .box_w = 12, .box_h = 16, .ofs_x = 0, .ofs_y = 0},
    {.bitmap_index = 14987, .adv_w = 150, .box_w = 9, .box_h = 13, .ofs_x = 0, .ofs_y = 0},
    {.bitmap_index = 15039, .adv_w = 193, .box_w = 12, .box_h = 16, .ofs_x = 0, .ofs_y = 0},
    {.bitmap_index = 15119, .adv_w = 150, .box_w = 9, .box_h = 14, .ofs_x = 0, .ofs_y = 0},
    {.bitmap_index = 15176, .adv_w = 193, .box_w = 12, .box_h = 18, .ofs_x = 0, .ofs_y = -3},
    {.bitmap_index = 15261, .adv_w = 150, .box_w = 9, .box_h = 15, .ofs_x = 0, .ofs_y = -3},
    {.bitmap_index = 15320, .adv_w = 195, .box_w = 13, .box_h = 15, .ofs_x = 0, .ofs_y = 0},
    {.bitmap_index = 15402, .adv_w = 153, .box_w = 10, .box_h = 12, .ofs_x = 0, .ofs_y = 0},
    {.bitmap_index = 15454, .adv_w = 195, .box_w = 13, .box_h = 15, .ofs_x = 0, .ofs_y = 0},
    {.bitmap_index = 15536, .adv_w = 153, .box_w = 10, .box_h = 12, .ofs_x = 0, .ofs_y = 0},
    {.bitmap_index = 15589, .adv_w = 195, .box_w = 13, .box_h = 15, .ofs_x = 0, .ofs_y = 0},
    {.bitmap_index = 15672, .adv_w = 153, .box_w = 10, .box_h = 12, .ofs_x = 0, .ofs_y = 0},
    {.bitmap_index = 15724, .adv_w = 195, .box_w = 13, .box_h = 14, .ofs_x = 0, .ofs_y = 0},
    {.bitmap_index = 15807, .adv_w = 153, .box_w = 10, .box_h = 11, .ofs_x = 0, .ofs_y = 0},
    {.bitmap_index = 15859, .adv_w = 195, .box_w = 13, .box_h = 16, .ofs_x = 0, .ofs_y = -3},
    {.bitmap_index = 15942, .adv_w = 153, .box_w = 10, .box_h = 13, .ofs_x = 0, .ofs_y = -3},
    {.bitmap_index = 15995, .adv_w = 176, .box_w = 9, .box_h = 14, .ofs_x = 1, .ofs_y = -3},
    {.bitmap_index = 16030, .adv_w = 145, .box_w = 7, .box_h = 11, .ofs_x = 1, .ofs_y = -3},
    {.bitmap_index = 16059, .adv_w = 176, .box_w = 9, .box_h = 15, .ofs_x = 1, .ofs_y = 0},
    {.bitmap_index = 16096, .adv_w = 145, .box_w = 7, .box_h = 12, .ofs_x = 1, .ofs_y = 0},
    {.bitmap_index = 16128, .adv_w = 181, .box_w = 11, .box_h = 15, .ofs_x = 1, .ofs_y = 0},
    {.bitmap_index = 16176, .adv_w = 151, .box_w = 9, .box_h = 12, .ofs_x = 1, .ofs_y = 0},
    {.bitmap_index = 16217, .adv_w = 181, .box_w = 11, .box_h = 15, .ofs_x = 1, .ofs_y = 0},
    {.bitmap_index = 16265, .adv_w = 151, .box_w = 9, .box_h = 12, .ofs_x = 1, .ofs_y = 0},
    {.bitmap_index = 16305, .adv_w = 181, .box_w = 11, .box_h = 15, .ofs_x = 1, .ofs_y = 0},
    {.bitmap_index = 16354, .adv_w = 151, .box_w = 9, .box_h = 12, .ofs_x = 1, .ofs_y = 0},
    {.bitmap_index = 16395, .adv_w = 181, .box_w = 11, .box_h = 14, .ofs_x = 1, .ofs_y = 0},
    {.bitmap_index = 16443, .adv_w = 151, .box_w = 9, .box_h = 11, .ofs_x = 1, .ofs_y = 0},
    {.bitmap_index = 16482, .adv_w = 181, .box_w = 11, .box_h = 16, .ofs_x = 1, .ofs_y = -3},
    {.bitmap_index = 16532, .adv_w = 151, .box_w = 9, .box_h = 13, .ofs_x = 1, .ofs_y = -3},
    {.bitmap_index = 16574, .adv_w = 142, .box_w = 9, .box_h = 15, .ofs_x = 0, .ofs_y = 0},
    {.bitmap_index = 16621, .adv_w = 124, .box_w = 8, .box_h = 16, .ofs_x = 0, .ofs_y = -4},
    {.bitmap_index = 16677, .adv_w = 142, .box_w = 9, .box_h = 14, .ofs_x = 0, .ofs_y = -3},
    {.bitmap_index = 16720, .adv_w = 124, .box_w = 8, .box_h = 12, .ofs_x = 0, .ofs_y = -4},
    {.bitmap_index = 16766, .adv_w = 142, .box_w = 9, .box_h = 15, .ofs_x = 0, .ofs_y = 0},
    {.bitmap_index = 16814, .adv_w = 124, .box_w = 8, .box_h = 16, .ofs_x = 0, .ofs_y = -4},
    {.bitmap_index = 16871, .adv_w = 142, .box_w = 9, .box_h = 14, .ofs_x = 0, .ofs_y = 0},
    {.bitmap_index = 16918, .adv_w = 124, .box_w = 8, .box_h = 15, .ofs_x = 0, .ofs_y = -4},
    {.bitmap_index = 16975, .adv_w = 102, .box_w = 5, .box_h = 1, .ofs_x = 1, .ofs_y = 4},
    {.bitmap_index = 16978, .adv_w = 102, .box_w = 5, .box_h = 1, .ofs_x = 1, .ofs_y = 4},
    {.bitmap_index = 16981, .adv_w = 138, .box_w = 8, .box_h = 1, .ofs_x = 0, .ofs_y = 4},
    {.bitmap_index = 16984, .adv_w = 128, .box_w = 8, .box_h = 1, .ofs_x = 0, .ofs_y = 4},
    {.bitmap_index = 16986, .adv_w = 256, .box_w = 16, .box_h = 1, .ofs_x = 0, .ofs_y = 4},
    {.bitmap_index = 16990, .adv_w = 256, .box_w = 16, .box_h = 1, .ofs_x = 0, .ofs_y = 4},
    {.bitmap_index = 16994, .adv_w = 118, .box_w = 5, .box_h = 16, .ofs_x = 1, .ofs_y = -4},
    {.bitmap_index = 17003, .adv_w = 106, .box_w = 7, .box_h = 3, .ofs_x = 0, .ofs_y = -4},
    {.bitmap_index = 17010, .adv_w = 59, .box_w = 3, .box_h = 4, .ofs_x = 0, .ofs_y = 7},
    {.bitmap_index = 17016, .adv_w = 59, .box_w = 3, .box_h = 4, .ofs_x = 0, .ofs_y = 7},
    {.bitmap_index = 17022, .adv_w = 59, .box_w = 3, .box_h = 4, .ofs_x = 0, .ofs_y = -2},
    {.bitmap_index = 17029, .adv_w = 59, .box_w = 3, .box_h = 4, .ofs_x = 0, .ofs_y = 7},
    {.bitmap_index = 17035, .adv_w = 97, .box_w = 6, .box_h = 4, .ofs_x = 0, .ofs_y = 7},
    {.bitmap_index = 17048, .adv_w = 97, .box_w = 6, .box_h = 4, .ofs_x = 0, .ofs_y = 7},
    {.bitmap_index = 17061, .adv_w = 97, .box_w = 6, .box_h = 4, .ofs_x = 0, .ofs_y = -2},
    {.bitmap_index = 17074, .adv_w = 97, .box_w = 6, .box_h = 4, .ofs_x = 0, .ofs_y = 7},
    {.bitmap_index = 17087, .adv_w = 96, .box_w = 6, .box_h = 10, .ofs_x = 0, .ofs_y = 1},
    {.bitmap_index = 17114, .adv_w = 96, .box_w = 6, .box_h = 9, .ofs_x = 0, .ofs_y = 2},
    {.bitmap_index = 17142, .adv_w = 104, .box_w = 5, .box_h = 4, .ofs_x = 1, .ofs_y = 3},
    {.bitmap_index = 17152, .adv_w = 188, .box_w = 10, .box_h = 2, .ofs_x = 1, .ofs_y = 0},
    {.bitmap_index = 17163, .adv_w = 151, .box_w = 10, .box_h = 14, .ofs_x = 0, .ofs_y = -2}
};

/*---------------------
 *  CHARACTER MAPPING
 *--------------------*/

static const uint16_t unicode_list_5[] = {
    0x0, 0x85
};

/*Collect the unicode lists and glyph_id offsets*/
static const lv_font_fmt_txt_cmap_t cmaps[] =
{
    {
        .range_start = 32, .range_length = 95, .glyph_id_start = 1,
        .unicode_list = NULL, .glyph_id_ofs_list = NULL, .list_length = 0, .type = LV_FONT_FMT_TXT_CMAP_FORMAT0_TINY
    },
    {
        .range_start = 160, .range_length = 224, .glyph_id_start = 96,
        .unicode_list = NULL, .glyph_id_ofs_list = NULL, .list_length = 0, .type = LV_FONT_FMT_TXT_CMAP_FORMAT0_TINY
    },
    {
        .range_start = 416, .range_length = 17, .glyph_id_start = 320,
        .unicode_list = NULL, .glyph_id_ofs_list = NULL, .list_length = 0, .type = LV_FONT_FMT_TXT_CMAP_FORMAT0_TINY
    },
    {
        .range_start = 7840, .range_length = 90, .glyph_id_start = 337,
        .unicode_list = NULL, .glyph_id_ofs_list = NULL, .list_length = 0, .type = LV_FONT_FMT_TXT_CMAP_FORMAT0_TINY
    },
    {
        .range_start = 8208, .range_length = 19, .glyph_id_start = 427,
        .unicode_list = NULL, .glyph_id_ofs_list = NULL, .list_length = 0, .type = LV_FONT_FMT_TXT_CMAP_FORMAT0_TINY
    },
    {
        .range_start = 8230, .range_length = 134, .glyph_id_start = 446,
        .unicode_list = unicode_list_5, .glyph_id_ofs_list = NULL, .list_length = 2, .type = LV_FONT_FMT_TXT_CMAP_SPARSE_TINY
    }
};



/*--------------------
 *  ALL CUSTOM DATA
 *--------------------*/

#if LVGL_VERSION_MAJOR == 8
/*Store all the custom data of the font*/
static  lv_font_fmt_txt_glyph_cache_t cache;
#endif

#if LVGL_VERSION_MAJOR >= 8
static const lv_font_fmt_txt_dsc_t font_dsc = {
#else
static lv_font_fmt_txt_dsc_t font_dsc = {
#endif
    .glyph_bitmap = glyph_bitmap,
    .glyph_dsc = glyph_dsc,
    .cmaps = cmaps,
    .kern_dsc = NULL,
    .kern_scale = 0,
    .cmap_num = 6,
    .bpp = 4,
    .kern_classes = 0,
    .bitmap_format = 1,
#if LVGL_VERSION_MAJOR == 8
    .cache = &cache
#endif
};

extern const lv_font_t lv_font_montserrat_16;


/*-----------------
 *  PUBLIC FONT
 *----------------*/

/*Initialize a public general font descriptor*/
#if LVGL_VERSION_MAJOR >= 8
const lv_font_t ui_font_16 = {
#else
lv_font_t ui_font_16 = {
#endif
    .get_glyph_dsc = lv_font_get_glyph_dsc_fmt_txt,    /*Function pointer to get glyph's data*/
    .get_glyph_bitmap = lv_font_get_bitmap_fmt_txt,    /*Function pointer to get glyph's bitmap*/
    .line_height = 21,          /*The maximum line height required by the font*/
    .base_line = 4,             /*Baseline measured from the bottom of the line*/
#if !(LVGL_VERSION_MAJOR == 6 && LVGL_VERSION_MINOR == 0)
    .subpx = LV_FONT_SUBPX_NONE,
#endif
#if LV_VERSION_CHECK(7, 4, 0) || LVGL_VERSION_MAJOR >= 8
    .underline_position = -1,
    .underline_thickness = 1,
#endif
    .dsc = &font_dsc,          /*The custom font data. Will be accessed by `get_glyph_bitmap/dsc` */
#if LV_VERSION_CHECK(8, 2, 0) || LVGL_VERSION_MAJOR >= 9
    .fallback = &lv_font_montserrat_16,
#endif
    .user_data = NULL,
};



#endif /*#if ENABLE_UI_FONT_16*/

