/*******************************************************************************
 * Size: 12 px
 * Bpp: 4
 * Opts: --font C:\Windows\Fonts\segoeui.ttf -r 0x20-0x7F,0xA0-0xFF,0x100-0x17F,0x1A0-0x1B0,0x1EA0-0x1EF9,0x2010-0x2026,0xB0-0xB7,0x20AB --size 12 --bpp 4 --format lvgl --lv-include lvgl.h --lv-fallback lv_font_montserrat_12 -o src/ui/fonts/ui_font_12.c
 ******************************************************************************/

#ifdef LV_LVGL_H_INCLUDE_SIMPLE
#include "lvgl.h"
#else
#include "lvgl.h"
#endif

#ifndef ENABLE_UI_FONT_12
#define ENABLE_UI_FONT_12 1
#endif

#if ENABLE_UI_FONT_12

/*-----------------
 *    BITMAPS
 *----------------*/

/*Store the image of the glyphs*/
static LV_ATTRIBUTE_LARGE_CONST const uint8_t glyph_bitmap[] = {
    /* U+0020 " " */

    /* U+0021 "!" */
    0xc3, 0x1, 0x0, 0x38, 0x0, 0xc4, 0x20, 0x78,
    0xc0,

    /* U+0022 "\"" */
    0xd, 0x1c, 0x0, 0xea, 0x1a,

    /* U+0023 "#" */
    0x0, 0x23, 0x8d, 0x0, 0x58, 0x88, 0xc0, 0x39,
    0x6a, 0x8c, 0x73, 0x95, 0x96, 0xa7, 0x75, 0x3c,
    0xb4, 0x9b, 0xe4, 0xd2, 0xc9, 0x86, 0x22, 0x30,
    0x2, 0xb1, 0x74, 0x0, 0x0,

    /* U+0024 "$" */
    0x0, 0x90, 0x3, 0xb4, 0x2, 0x3d, 0x7d, 0x20,
    0xdf, 0x7d, 0x20, 0x13, 0x0, 0xd3, 0x86, 0x1,
    0x37, 0xa6, 0x8, 0x0, 0x9e, 0xe0, 0x8, 0x3,
    0xa7, 0x5f, 0x60, 0x2f, 0x5e, 0x84,

    /* U+0025 "%" */
    0x1a, 0xa8, 0x0, 0x74, 0x0, 0x6f, 0xad, 0x50,
    0x8b, 0x0, 0x9, 0x87, 0x34, 0x70, 0x80, 0x1b,
    0xeb, 0x80, 0x94, 0x3, 0x4d, 0x3c, 0x5c, 0x54,
    0x0, 0x68, 0xf7, 0xea, 0x4, 0x0, 0x18, 0xa0,
    0x98, 0x78, 0x5, 0x12, 0xd, 0xf3, 0xc8,

    /* U+0026 "&" */
    0x0, 0x4e, 0x61, 0x40, 0x39, 0xb, 0x36, 0x0,
    0x44, 0x0, 0x66, 0xb, 0xa0, 0x3b, 0x0, 0x9,
    0xbe, 0xa4, 0x38, 0x80, 0x19, 0xfd, 0x58, 0x2a,
    0x80, 0x6e, 0x80, 0xd5, 0x8a, 0x20, 0x2a, 0x20,
    0x11, 0xf8, 0x0, 0xaf, 0x37, 0x5d, 0xf9, 0xc8,

    /* U+0027 "'" */
    0xd, 0x0, 0xa8,

    /* U+0028 "(" */
    0x0, 0x10, 0x80, 0x38, 0x41, 0xe8, 0x1, 0x6c,
    0x1, 0xc4, 0xe0, 0x1e, 0x26, 0x0, 0x84, 0x40,
    0x9, 0x90, 0x1, 0x48, 0x80,

    /* U+0029 ")" */
    0x30, 0x3, 0x48, 0x2a, 0x88, 0x29, 0x41, 0x30,
    0xd, 0xc0, 0x31, 0x30, 0x26, 0x5, 0xb4, 0x48,
    0x0,

    /* U+002A "*" */
    0x0, 0x58, 0x1, 0x20, 0x21, 0x53, 0x1b, 0x54,
    0x3b, 0x3c, 0x1, 0x43, 0x40,

    /* U+002B "+" */
    0x0, 0x24, 0x0, 0x7e, 0x7c, 0x96, 0xca, 0x7c,
    0x96, 0xca, 0x0, 0xfc, 0xb6, 0x0,

    /* U+002C "," */
    0x3b, 0x5d, 0xc7,

    /* U+002D "-" */
    0x1c, 0xc8, 0x0,

    /* U+002E "." */
    0x2, 0x3e,

    /* U+002F "/" */
    0x0, 0xcb, 0x0, 0x1a, 0x68, 0x2, 0x37, 0x20,
    0xa, 0x7c, 0x2, 0x17, 0x40, 0x9, 0xac, 0x3,
    0x53, 0x0, 0x4a, 0x80, 0x1b, 0xac, 0x3, 0x69,
    0x0, 0x40,

    /* U+0030 "0" */
    0x4, 0xdd, 0x50, 0x2, 0xbf, 0x4e, 0x15, 0x8,
    0x2d, 0x4c, 0x80, 0x4, 0x62, 0x1, 0xc4, 0x40,
    0x1, 0x11, 0x10, 0x21, 0x74, 0x35, 0x9a, 0xc,

    /* U+0031 "1" */
    0x2, 0xb4, 0x89, 0x60, 0x8b, 0x60, 0xf, 0xfe,
    0x48,

    /* U+0032 "2" */
    0x8, 0xcd, 0x90, 0x6, 0xe6, 0x92, 0x82, 0x80,
    0xc, 0x80, 0x21, 0x55, 0x0, 0xb, 0x64, 0x81,
    0x67, 0x50, 0xa, 0x6c, 0x40, 0xe, 0x7b, 0xb5,
    0x80,

    /* U+0033 "3" */
    0xa, 0xcd, 0x90, 0x5, 0xe6, 0xa1, 0x80, 0x80,
    0x81, 0x2, 0xef, 0xc0, 0x82, 0xef, 0xca, 0x0,
    0x43, 0x78, 0x22, 0x0, 0x66, 0xf, 0x32, 0xd4,

    /* U+0034 "4" */
    0x0, 0x97, 0xc0, 0x30, 0xc8, 0x7, 0x5c, 0x0,
    0x67, 0x24, 0x0, 0x97, 0x60, 0x3, 0x43, 0xee,
    0x83, 0x43, 0x77, 0x6, 0x80, 0x7e,

    /* U+0035 "5" */
    0xa, 0xed, 0xd2, 0x0, 0xe6, 0xe9, 0x1, 0xcc,
    0x3, 0xb3, 0xe, 0x0, 0xcd, 0xd6, 0x30, 0x4,
    0x3d, 0xe0, 0x20, 0xe, 0xf0, 0xcd, 0xd1, 0xb0,

    /* U+0036 "6" */
    0x0, 0x46, 0xe9, 0x82, 0x7, 0x74, 0xc0, 0xb2,
    0x1, 0x1b, 0x4e, 0x59, 0x32, 0xde, 0x6c, 0xb1,
    0x10, 0x19, 0x4c, 0x48, 0x15, 0x41, 0xdc, 0xce,
    0xa0,

    /* U+0037 "7" */
    0x5d, 0xdb, 0xb5, 0x77, 0x67, 0x80, 0x8, 0x95,
    0x40, 0x14, 0x48, 0x4, 0x2e, 0xa0, 0x13, 0x28,
    0x6, 0xbb, 0x0, 0x63, 0x30, 0x0,

    /* U+0038 "8" */
    0x5, 0xcc, 0x58, 0x85, 0xee, 0x1c, 0x81, 0x98,
    0x7, 0x82, 0x77, 0x4a, 0xc5, 0x3d, 0xb7, 0x28,
    0x81, 0x6, 0x75, 0x41, 0x7, 0x23, 0xbc, 0xdd,
    0x70,

    /* U+0039 "9" */
    0x6, 0xcc, 0x48, 0x1d, 0xe6, 0x5, 0xd5, 0x0,
    0x17, 0x65, 0x41, 0xb, 0x13, 0xbd, 0xc0, 0x10,
    0x6c, 0xc6, 0xa8, 0x4, 0x31, 0x61, 0x9b, 0xae,
    0x20,

    /* U+003A ":" */
    0x3c, 0x3e, 0x2, 0x0, 0x88, 0xf8,

    /* U+003B ";" */
    0x3c, 0x3e, 0x2, 0x0, 0x95, 0x5b, 0x95, 0x64,

    /* U+003C "<" */
    0x0, 0xe1, 0x0, 0x8a, 0x98, 0x6, 0x65, 0xe,
    0x7f, 0x96, 0x40, 0x7b, 0xd2, 0x40, 0x3, 0xba,
    0x97, 0x0, 0x8e, 0xd8,

    /* U+003D "=" */
    0x7c, 0xcd, 0x4f, 0x99, 0xa9, 0xf3, 0x35, 0x0,

    /* U+003E ">" */
    0x10, 0xe, 0x5b, 0x40, 0x9, 0x2b, 0x68, 0x80,
    0x3, 0x31, 0x8c, 0x0, 0x79, 0xb6, 0x4c, 0x2b,
    0x50, 0x5c, 0x50, 0x8,

    /* U+003F "?" */
    0x1b, 0xcd, 0x30, 0xac, 0x98, 0x11, 0x1, 0x98,
    0x0, 0xdb, 0x0, 0x37, 0x40, 0x12, 0x80, 0x43,
    0x40, 0x1b, 0x0, 0x0,

    /* U+0040 "@" */
    0x0, 0x3d, 0x52, 0xec, 0xa0, 0x15, 0x95, 0x52,
    0xed, 0xb0, 0xf, 0xab, 0x15, 0x37, 0x4, 0x76,
    0xca, 0x15, 0x41, 0xc, 0x40, 0x6, 0x58, 0x39,
    0x0, 0x4, 0x0, 0x2c, 0x1a, 0x21, 0xae, 0x8b,
    0x3f, 0x54, 0x3a, 0xf1, 0x8e, 0x6a, 0xa1, 0xd5,
    0xa0, 0x2, 0xc6, 0xea, 0x92, 0x60, 0x0,

    /* U+0041 "A" */
    0x0, 0xb6, 0x40, 0x39, 0x19, 0xc0, 0x3b, 0xb8,
    0x8c, 0x1, 0xa, 0x2f, 0x50, 0x4, 0xce, 0x8,
    0x46, 0x0, 0xa7, 0xee, 0xd, 0x2, 0x7, 0x75,
    0xac, 0x1d, 0x60, 0x11, 0x23, 0x0,

    /* U+0042 "B" */
    0xed, 0xd9, 0x0, 0x19, 0xb1, 0x0, 0xc, 0x4a,
    0x0, 0xce, 0xab, 0x0, 0x67, 0x73, 0x4, 0x2,
    0x32, 0x20, 0x4, 0x64, 0x40, 0xfe, 0xe5, 0x8,

    /* U+0043 "C" */
    0x0, 0x2e, 0x77, 0x28, 0x23, 0xbb, 0x41, 0x35,
    0x10, 0x0, 0x91, 0x2, 0x1, 0xff, 0x2a, 0x0,
    0x71, 0xad, 0x8, 0x0, 0xc2, 0xcb, 0xfb, 0x6c,

    /* U+0044 "D" */
    0xed, 0xd7, 0x51, 0x80, 0x33, 0x7b, 0xf4, 0xc0,
    0x32, 0xcc, 0x80, 0x39, 0x1c, 0x3, 0x9c, 0x40,
    0x3b, 0x50, 0x3, 0x3a, 0x48, 0x7f, 0x6f, 0x60,
    0x80,

    /* U+0045 "E" */
    0xed, 0xd9, 0x43, 0x37, 0x4a, 0x1, 0xec, 0xdd,
    0x8, 0x66, 0xe8, 0x40, 0x3f, 0xef, 0xee, 0x38,

    /* U+0046 "F" */
    0xed, 0xd9, 0x43, 0x37, 0x4a, 0x1, 0xec, 0xdd,
    0x8, 0x66, 0xe8, 0x40, 0x3f, 0xf8, 0x60,

    /* U+0047 "G" */
    0x0, 0x2e, 0x77, 0x30, 0x82, 0x27, 0xbb, 0x19,
    0x36, 0x90, 0x0, 0x85, 0x10, 0x20, 0x1f, 0xcd,
    0xdc, 0x55, 0x20, 0x1, 0xb9, 0xcc, 0xcb, 0x42,
    0x0, 0x30, 0x5, 0x96, 0x76, 0x82, 0x0,

    /* U+0048 "H" */
    0xe1, 0x0, 0xa5, 0x80, 0x3f, 0xf8, 0x79, 0xbb,
    0x38, 0x3, 0x37, 0x67, 0x0, 0xff, 0xe5, 0x0,

    /* U+0049 "I" */
    0xe1, 0x0, 0xff, 0xe1, 0x0,

    /* U+004A "J" */
    0x0, 0x5a, 0x0, 0x7f, 0xf1, 0x9d, 0xc0, 0x24,
    0x79, 0x8a, 0x0,

    /* U+004B "K" */
    0xe1, 0x1, 0xd4, 0x0, 0xb6, 0x50, 0x1, 0x72,
    0x80, 0xa, 0xc5, 0x0, 0x8b, 0x0, 0x34, 0xc,
    0x80, 0x6a, 0x28, 0x0, 0xd6, 0xae,

    /* U+004C "L" */
    0xe1, 0x0, 0xff, 0xeb, 0x7f, 0x71, 0x80,

    /* U+004D "M" */
    0xea, 0x0, 0xec, 0xa0, 0x71, 0x0, 0x90, 0x80,
    0x15, 0x20, 0x17, 0xb0, 0x1, 0x98, 0x20, 0x61,
    0xa0, 0x1, 0x66, 0x4, 0x78, 0x6, 0x9a, 0x37,
    0x40, 0xc, 0x29, 0xd2, 0x1, 0xe8, 0x5, 0x0,
    0x80,

    /* U+004E "N" */
    0xeb, 0x0, 0x87, 0x81, 0xd8, 0x3, 0xbe, 0x4,
    0x3, 0x14, 0x50, 0x7, 0x30, 0x30, 0x7, 0x55,
    0x90, 0x6, 0x18, 0xf0, 0xe, 0x56, 0x0,

    /* U+004F "O" */
    0x0, 0x3e, 0xf7, 0x24, 0x2, 0xac, 0xc7, 0x70,
    0x30, 0x9, 0x2c, 0x40, 0x12, 0x28, 0x90, 0x7,
    0x21, 0x80, 0x7f, 0x2a, 0x0, 0x72, 0x20, 0xd2,
    0x84, 0x6, 0x58, 0xc2, 0x8b, 0xfb, 0xc6, 0xc0,

    /* U+0050 "P" */
    0xed, 0xd9, 0x0, 0x19, 0xbd, 0x42, 0x1, 0x19,
    0xc0, 0x12, 0x81, 0x6, 0x6f, 0xf8, 0x1, 0x9b,
    0x44, 0x1, 0xff, 0xc1,

    /* U+0051 "Q" */
    0x0, 0x3e, 0xf7, 0x24, 0x3, 0x56, 0x63, 0xb8,
    0x18, 0x0, 0x24, 0xb1, 0x0, 0x48, 0xa0, 0x22,
    0x0, 0x39, 0xc, 0x3, 0xfe, 0x54, 0x0, 0xe4,
    0x40, 0x1a, 0x50, 0x80, 0xcb, 0x98, 0x2, 0x8b,
    0xfb, 0x1b, 0x80, 0x34, 0x77, 0x36, 0xea, 0x0,

    /* U+0052 "R" */
    0xed, 0xd9, 0x0, 0x2c, 0xde, 0xb0, 0xe, 0x31,
    0x10, 0x6, 0x52, 0x10, 0x6, 0x74, 0xe8, 0x5,
    0x9e, 0x8, 0x1, 0x87, 0xac, 0x40, 0x31, 0x46,
    0x80,

    /* U+0053 "S" */
    0x5, 0xcd, 0xe5, 0x2b, 0xdd, 0x72, 0x0, 0x4,
    0x0, 0x25, 0x3a, 0xc0, 0x13, 0xe7, 0xe9, 0x0,
    0x6, 0x6e, 0x8, 0x80, 0x1, 0x0, 0x7f, 0x6e,
    0xac,

    /* U+0054 "T" */
    0xad, 0xef, 0xdd, 0xd, 0x6d, 0xae, 0xe8, 0x40,
    0x3f, 0xfb, 0xc0,

    /* U+0055 "U" */
    0xf0, 0xd, 0x68, 0x1, 0xff, 0xcf, 0x71, 0x10,
    0x4, 0xc2, 0x90, 0x0, 0x50, 0x2b, 0x3e, 0xde,
    0xf0,

    /* U+0056 "V" */
    0xb6, 0x0, 0xdc, 0x5d, 0x40, 0x12, 0x11, 0x14,
    0x88, 0x0, 0xe9, 0x0, 0x32, 0x80, 0x11, 0x40,
    0x15, 0x40, 0x67, 0x0, 0x88, 0x4e, 0xa8, 0x1,
    0xaa, 0x4, 0xc0, 0x33, 0xa5, 0x80, 0x40,

    /* U+0057 "W" */
    0xb6, 0x0, 0xb9, 0x40, 0x5, 0xc1, 0xb8, 0x0,
    0x30, 0xc0, 0x2, 0x38, 0x3a, 0x0, 0x2e, 0x5c,
    0x1, 0xb8, 0x2, 0x48, 0xa, 0xc4, 0x40, 0x55,
    0x0, 0x2f, 0x8, 0x44, 0x8a, 0x8a, 0x1, 0x2a,
    0x92, 0xc2, 0xed, 0x9a, 0x1, 0x10, 0x52, 0x1,
    0x92, 0xa0, 0x6, 0x52, 0x30, 0x3, 0x81, 0x0,
    0x0,

    /* U+0058 "X" */
    0x4d, 0x0, 0xa6, 0x11, 0xdc, 0x6, 0x90, 0x17,
    0x25, 0xdc, 0x0, 0xd, 0xe2, 0x98, 0x4, 0x60,
    0x20, 0x11, 0x5f, 0xa1, 0x80, 0x3a, 0x6, 0x78,
    0x1d, 0x94, 0x11, 0x12,

    /* U+0059 "Y" */
    0xa7, 0x0, 0xb1, 0x2e, 0x44, 0x11, 0xd0, 0x5a,
    0x42, 0x60, 0x1, 0x2c, 0xee, 0x30, 0x0, 0xcc,
    0x58, 0x6, 0x43, 0x10, 0xf, 0xfe, 0x20,

    /* U+005A "Z" */
    0x5d, 0xdd, 0xec, 0xbb, 0xb5, 0xab, 0x0, 0x45,
    0x76, 0x0, 0xdd, 0x22, 0x1, 0x42, 0x20, 0x2,
    0x34, 0x80, 0xd, 0xdc, 0x0, 0xd2, 0x59, 0xdd,
    0x30,

    /* U+005B "[" */
    0xda, 0x30, 0xa3, 0x0, 0xff, 0xe4, 0xbd, 0x18,

    /* U+005C "\\" */
    0xd, 0x0, 0xe5, 0x50, 0x6, 0xa9, 0x0, 0xc4,
    0xe6, 0x1, 0xbe, 0x80, 0x32, 0x20, 0x3, 0xa9,
    0x80, 0x33, 0x50, 0x6, 0x15, 0x40, 0xd, 0x60,

    /* U+005D "]" */
    0x7c, 0x77, 0x50, 0x7, 0xff, 0x29, 0xf4, 0x40,

    /* U+005E "^" */
    0x0, 0x33, 0x80, 0x6a, 0xb1, 0x0, 0x35, 0x44,
    0x80, 0x29, 0x90, 0xc5, 0xac, 0x1, 0xf0,

    /* U+005F "_" */
    0xbb, 0xd4,

    /* U+0060 "`" */
    0x2b, 0x2, 0xe7,

    /* U+0061 "a" */
    0x9, 0xdd, 0x40, 0x2, 0xb7, 0x4a, 0x40, 0x2f,
    0x26, 0xc7, 0xe5, 0x6a, 0xa, 0x8a, 0x4a, 0xe,
    0xb5, 0x2a, 0x0,

    /* U+0062 "b" */
    0xf, 0x0, 0xff, 0xe4, 0xb6, 0x6b, 0x80, 0x6c,
    0xc5, 0x18, 0x1, 0x80, 0x55, 0x0, 0x3c, 0x20,
    0x3, 0x0, 0x2a, 0x0, 0x2e, 0xae, 0x8,

    /* U+0063 "c" */
    0x3, 0xbc, 0xd0, 0x1d, 0x8c, 0xd0, 0x44, 0x18,
    0x6, 0x30, 0xc, 0x8e, 0x40, 0x20, 0x35, 0xd9,
    0xa0,

    /* U+0064 "d" */
    0x0, 0xed, 0x10, 0xf, 0xfe, 0x1a, 0x66, 0x24,
    0x0, 0x35, 0xd9, 0xa4, 0x8, 0x82, 0x4, 0x10,
    0x33, 0x0, 0x72, 0x20, 0x0, 0x62, 0x5, 0x79,
    0x28, 0x40,

    /* U+0065 "e" */
    0x4, 0xcc, 0x58, 0x8a, 0x33, 0x1b, 0x8, 0x59,
    0x8a, 0x20, 0x4c, 0xca, 0xdd, 0x8, 0x4, 0x89,
    0x7f, 0x9a, 0x20,

    /* U+0066 "f" */
    0x2, 0xcc, 0x5, 0xd6, 0x1, 0x90, 0x42, 0x4c,
    0x41, 0x26, 0x0, 0x3f, 0xf8, 0x80,

    /* U+0067 "g" */
    0x4, 0xcc, 0x4e, 0x88, 0xab, 0xb2, 0x88, 0x11,
    0x4, 0x6, 0x20, 0x66, 0x0, 0xe4, 0x71, 0x5,
    0x10, 0x28, 0xcc, 0x11, 0x0, 0xd, 0xb8, 0xe6,
    0x20, 0x60, 0x7, 0x40, 0x7, 0xee, 0xd6, 0x0,

    /* U+0068 "h" */
    0xf, 0x0, 0xff, 0xe3, 0x3e, 0x6a, 0x0, 0xb,
    0x26, 0x40, 0x5, 0x4, 0x20, 0xf, 0xfe, 0x30,

    /* U+0069 "i" */
    0xe, 0x0, 0x60, 0x0, 0x80, 0x1e, 0x1, 0xff,
    0xc4,

    /* U+006A "j" */
    0x0, 0xb8, 0x3, 0x60, 0x6, 0x20, 0xd, 0xe0,
    0x1f, 0xfc, 0xc1, 0x0, 0x84, 0xc0, 0x24, 0x70,
    0x2c, 0x9b, 0x0,

    /* U+006B "k" */
    0xf, 0x0, 0xff, 0xe3, 0x8e, 0xa0, 0x0, 0x76,
    0x50, 0x1, 0xb2, 0x80, 0x13, 0x68, 0x6, 0xa3,
    0x80, 0xd, 0x68, 0xe0,

    /* U+006C "l" */
    0xf, 0x0, 0xff, 0xe2, 0x0,

    /* U+006D "m" */
    0xf, 0x7a, 0xd4, 0xab, 0xb0, 0x4, 0x95, 0x75,
    0x76, 0x15, 0x0, 0x18, 0x12, 0x88, 0x69, 0x0,
    0x7f, 0x78, 0x7, 0xff, 0x20,

    /* U+006E "n" */
    0xf, 0x79, 0xc4, 0x0, 0x1c, 0xfc, 0x0, 0x10,
    0xc, 0xc0, 0x1f, 0xfc, 0x60,

    /* U+006F "o" */
    0x3, 0xcc, 0x94, 0x7, 0x7b, 0x36, 0xc9, 0x1c,
    0x80, 0x5d, 0x0, 0x3e, 0x47, 0x20, 0x14, 0x71,
    0xae, 0xcd, 0x91,

    /* U+0070 "p" */
    0xf, 0x7a, 0xc7, 0x0, 0x8e, 0xb2, 0xcc, 0x0,
    0x80, 0x4, 0x40, 0x7, 0x8, 0x80, 0xa, 0x2,
    0xe8, 0x0, 0xdc, 0xc5, 0x90, 0x2, 0x33, 0x54,
    0x3, 0xff, 0x86,

    /* U+0071 "q" */
    0x4, 0xcc, 0x4e, 0x88, 0xab, 0xb2, 0x88, 0x11,
    0x4, 0x6, 0x20, 0x66, 0x0, 0xe4, 0x71, 0x5,
    0x10, 0x28, 0xcc, 0x69, 0x0, 0x1b, 0x72, 0x0,
    0x3f, 0xf8, 0x80,

    /* U+0072 "r" */
    0x0, 0xf7, 0xbe, 0x8, 0x0, 0xf0, 0x40, 0x8,
    0x1, 0xff, 0xc5,

    /* U+0073 "s" */
    0x9, 0xcd, 0x34, 0x2c, 0xd3, 0x66, 0x38, 0x81,
    0x68, 0xe2, 0x8, 0x35, 0x62, 0xee, 0x62, 0x40,

    /* U+0074 "t" */
    0x6, 0x20, 0x6, 0xb0, 0x4a, 0x4c, 0xc9, 0x32,
    0x0, 0xfe, 0x11, 0x0, 0x3a, 0x24,

    /* U+0075 "u" */
    0x2c, 0x0, 0x16, 0x80, 0x7f, 0xf0, 0x44, 0x3,
    0x11, 0x80, 0x10, 0x1, 0x19, 0x3c, 0x0,

    /* U+0076 "v" */
    0xb5, 0x0, 0x43, 0xf7, 0x80, 0x15, 0x95, 0x0,
    0xd8, 0x41, 0xd6, 0xbc, 0x1, 0x5c, 0xa8, 0x0,
    0x36, 0xb0, 0x0,

    /* U+0077 "w" */
    0xb4, 0x2, 0xf0, 0x4, 0x36, 0xe8, 0x14, 0x90,
    0x15, 0xdc, 0x81, 0x91, 0xa2, 0x3c, 0x60, 0xaa,
    0x4b, 0x0, 0x24, 0x68, 0x3f, 0x28, 0x2, 0xd1,
    0xc3, 0x54, 0x80,

    /* U+0078 "x" */
    0x7a, 0x1, 0xd1, 0x76, 0x38, 0x80, 0x87, 0x70,
    0x94, 0x3, 0x8, 0x5, 0xdc, 0x15, 0x7, 0x53,
    0x9b, 0x10,

    /* U+0079 "y" */
    0xb5, 0x0, 0x34, 0x77, 0x80, 0x2a, 0x8a, 0x80,
    0x40, 0x40, 0xeb, 0x54, 0x0, 0x57, 0xa3, 0x0,
    0xd, 0x94, 0x3, 0x3d, 0x0, 0x46, 0xe6, 0x0,
    0x9e, 0xe0, 0x4,

    /* U+007A "z" */
    0x5c, 0xc6, 0xf0, 0x2e, 0x61, 0xa8, 0x2, 0x73,
    0x40, 0x1, 0xdc, 0x0, 0x7, 0xb8, 0x1, 0x59,
    0xf6, 0x60, 0x40,

    /* U+007B "{" */
    0x1, 0xc2, 0x6, 0xa2, 0xf, 0x30, 0xf, 0x13,
    0x3, 0x30, 0xc1, 0x98, 0x80, 0x2, 0x10, 0x8,
    0xc0, 0x15, 0xa4,

    /* U+007C "|" */
    0x6b, 0x0, 0xff, 0x0,

    /* U+007D "}" */
    0x79, 0x0, 0x3a, 0x88, 0x1, 0x88, 0x3, 0xc6,
    0xc0, 0xb, 0xb0, 0x85, 0xd8, 0x40, 0xd8, 0x0,
    0xc2, 0xe, 0xa4, 0x0,

    /* U+007E "~" */
    0x3c, 0xb4, 0xb, 0xae, 0x9d, 0xce,

    /* U+00A0 " " */

    /* U+00A1 "¡" */
    0xc3, 0xe3, 0xb1, 0x23, 0x0, 0xce, 0x20, 0x0,

    /* U+00A2 "¢" */
    0x0, 0x3a, 0x0, 0x1a, 0x69, 0x9f, 0x1a, 0x9e,
    0xa3, 0xc0, 0x40, 0xc0, 0x24, 0x80, 0x0, 0xc8,
    0x4c, 0x9c, 0x26, 0x66,

    /* U+00A3 "£" */
    0x0, 0x2e, 0xe2, 0x80, 0x2f, 0x30, 0xa0, 0x26,
    0x20, 0x3, 0xd2, 0xc7, 0x3, 0xd2, 0xc7, 0x0,
    0x18, 0x80, 0x65, 0xa0, 0x9, 0x62, 0xb3, 0x16,

    /* U+00A4 "¤" */
    0x0, 0xf8, 0xb2, 0xb2, 0x6c, 0x8, 0x23, 0x3b,
    0x0, 0x22, 0x6, 0xc0, 0x8, 0xc1, 0xb0, 0x8,
    0x27, 0x3b, 0x0, 0xb2, 0xb2, 0x6c, 0x0,

    /* U+00A5 "¥" */
    0x4c, 0x0, 0x26, 0x2, 0x2b, 0x4, 0x70, 0x2,
    0x6e, 0x28, 0x80, 0xf0, 0x1e, 0xa0, 0xf, 0x39,
    0x32, 0x0, 0xf3, 0x93, 0x20, 0xf, 0x39, 0x32,
    0x0, 0x3f, 0x0,

    /* U+00A6 "¦" */
    0xc1, 0x0, 0xb4, 0x30, 0x40, 0x20,

    /* U+00A7 "§" */
    0x6, 0xdc, 0x30, 0x8c, 0xc1, 0x82, 0xc0, 0x80,
    0x1c, 0x3d, 0x8, 0x66, 0xf8, 0x9a, 0xbf, 0x2,
    0xf1, 0x50, 0x0, 0xc8, 0xe3, 0xba, 0x15,

    /* U+00A8 "¨" */
    0x2b, 0xc, 0x2, 0xb0, 0xc0,

    /* U+00A9 "©" */
    0x0, 0x96, 0x22, 0x30, 0xd, 0x2d, 0x11, 0x2b,
    0x0, 0x1e, 0xc6, 0xae, 0x98, 0xc, 0x3c, 0xba,
    0x6e, 0x81, 0xac, 0x3c, 0x5c, 0xc0, 0x3d, 0xe2,
    0xc4, 0x2, 0x1, 0xbc, 0xbe, 0x2e, 0x1, 0xac,
    0x1e, 0xc6, 0xae, 0x58, 0xc, 0x1, 0x2d, 0x11,
    0x2b, 0x0,

    /* U+00AA "ª" */
    0xa, 0xa4, 0x80, 0x3b, 0x5c, 0x18, 0xdc, 0xc1,
    0x39, 0xd0, 0x0,

    /* U+00AB "«" */
    0x2, 0xa1, 0xa2, 0x19, 0xbb, 0x71, 0x18, 0x0,
    0x5c, 0xa, 0x2a, 0x90, 0x40,

    /* U+00AC "¬" */
    0x7c, 0xce, 0x7c, 0xcc, 0x1, 0xff, 0xc0, 0x80,

    /* U+00AD "­" */
    0x1c, 0xc8, 0x0,

    /* U+00AE "®" */
    0x0, 0x1c, 0x41, 0xc4, 0x0, 0xc8, 0x62, 0x28,
    0x20, 0xf7, 0x19, 0xa9, 0xb2, 0xf0, 0x7c, 0xf0,
    0x1, 0x78, 0x3c, 0x58, 0x5, 0xef, 0xe9, 0xf3,
    0x60, 0xc9, 0xb1, 0xf0, 0x40,

    /* U+00AF "¯" */
    0xaa, 0xe0,

    /* U+00B0 "°" */
    0x9, 0xb4, 0x47, 0x5f, 0xa7, 0x5f, 0x80,

    /* U+00B1 "±" */
    0x0, 0x24, 0x0, 0x7e, 0x7c, 0x96, 0xca, 0x7c,
    0x96, 0xca, 0x0, 0xfc, 0xb6, 0x0, 0x7c, 0xdf,
    0xca,

    /* U+00B2 "²" */
    0xa, 0xb4, 0xb, 0x9f, 0x1, 0xbe, 0xb, 0xc5,
    0x5b, 0xa8,

    /* U+00B3 "³" */
    0xa, 0xb3, 0xa, 0x8b, 0x7, 0xec, 0x7, 0xd8,
    0x2b, 0xb4, 0x80,

    /* U+00B4 "´" */
    0x3, 0xa0, 0x4, 0x50, 0x0,

    /* U+00B5 "µ" */
    0xe, 0x0, 0xbc, 0x3, 0xff, 0x96, 0x24, 0xa,
    0x1, 0xa6, 0x88, 0x40, 0x3, 0x74, 0xfc, 0x1,
    0xfd, 0xe0, 0x1c,

    /* U+00B6 "¶" */
    0x2d, 0xd6, 0x4a, 0x92, 0x5d, 0x94, 0x80, 0x22,
    0xd0, 0xf, 0xfe, 0x58,

    /* U+00B7 "·" */
    0x0, 0x1e, 0x9e, 0x0,

    /* U+00B8 "¸" */
    0x20, 0x3, 0xc8, 0x80, 0x80,

    /* U+00B9 "¹" */
    0x7, 0x95, 0x23, 0x57, 0x0, 0xf8,

    /* U+00BA "º" */
    0xa, 0xa5, 0x93, 0xfd, 0x45, 0x80, 0x73, 0x7d,
    0x45, 0x80,

    /* U+00BB "»" */
    0x1b, 0x1a, 0x30, 0x18, 0xab, 0xf2, 0x1, 0x0,
    0x38, 0x8b, 0xaa, 0xfc, 0xc0,

    /* U+00BC "¼" */
    0x8, 0x90, 0x8, 0x6c, 0x0, 0xba, 0x60, 0x14,
    0x40, 0x0, 0xae, 0x1, 0x20, 0x18, 0x7, 0xdf,
    0x20, 0xc6, 0x6, 0x0, 0x8e, 0x4, 0xb6, 0x1,
    0xa2, 0x22, 0x96, 0xd8, 0x6, 0x9b, 0xa, 0x3a,
    0x90, 0x3, 0x60, 0x84, 0x55, 0x24,

    /* U+00BD "½" */
    0x18, 0x90, 0x8, 0x6c, 0x2, 0x5c, 0x30, 0xa,
    0x20, 0x1, 0x23, 0x0, 0x48, 0x26, 0x1, 0xfb,
    0xe1, 0xee, 0x40, 0x6, 0x0, 0x8f, 0x5, 0xb5,
    0x10, 0x1a, 0x32, 0x40, 0x25, 0x61, 0x0, 0xa2,
    0xc0, 0x11, 0xb4, 0x1, 0x2f, 0x8, 0x1, 0x4e,
    0xc8,

    /* U+00BE "¾" */
    0xa, 0xb3, 0x0, 0x9d, 0x0, 0x2a, 0x8b, 0x0,
    0x16, 0xa0, 0x5, 0x1d, 0x80, 0x9, 0xb0, 0xd,
    0x19, 0x0, 0xda, 0x26, 0xe0, 0x57, 0x50, 0x3a,
    0xc1, 0x38, 0x5, 0x76, 0x4b, 0x90, 0x98, 0x0,
    0xe5, 0xd2, 0x32, 0x85, 0x30, 0x0, 0xf3, 0x81,
    0xdd, 0x29, 0x80,

    /* U+00BF "¿" */
    0x0, 0x35, 0x0, 0x4d, 0x60, 0x10, 0xb8, 0x4,
    0x7a, 0x1, 0x46, 0x80, 0x20, 0xd8, 0x0, 0xd2,
    0x0, 0x10, 0x9, 0x6, 0x77, 0x30,

    /* U+00C0 "À" */
    0x0, 0x3b, 0x80, 0x3c, 0xfa, 0x40, 0x1e, 0xa2,
    0x0, 0xf6, 0xc8, 0x7, 0x23, 0x38, 0x7, 0x77,
    0x11, 0x80, 0x21, 0x45, 0xea, 0x0, 0x99, 0xc1,
    0x8, 0xc0, 0x14, 0xfd, 0xc1, 0xa0, 0x40, 0xee,
    0xb5, 0x83, 0xac, 0x2, 0x24, 0x60,

    /* U+00C1 "Á" */
    0x0, 0x8e, 0x80, 0x3d, 0x16, 0x1, 0xeb, 0x10,
    0xf, 0x6c, 0x80, 0x72, 0x33, 0x80, 0x77, 0x71,
    0x18, 0x2, 0x14, 0x5e, 0xa0, 0x9, 0x9c, 0x10,
    0x8c, 0x1, 0x4f, 0xdc, 0x1a, 0x4, 0xe, 0xeb,
    0x58, 0x3a, 0xc0, 0x22, 0x46,

    /* U+00C2 "Â" */
    0x0, 0xb1, 0xc0, 0x3a, 0x3b, 0x84, 0x1, 0xa0,
    0xa4, 0x80, 0x3b, 0x64, 0x3, 0x91, 0x9c, 0x3,
    0xbb, 0x88, 0xc0, 0x10, 0xa2, 0xf5, 0x0, 0x4c,
    0xe0, 0x84, 0x60, 0xa, 0x7e, 0xe0, 0xd0, 0x20,
    0x77, 0x5a, 0xc1, 0xd6, 0x1, 0x12, 0x30,

    /* U+00C3 "Ã" */
    0x0, 0x45, 0x51, 0x40, 0x34, 0x55, 0x14, 0x3,
    0xb6, 0x40, 0x39, 0x19, 0xc0, 0x3b, 0xb8, 0x8c,
    0x1, 0xa, 0x2f, 0x50, 0x4, 0xce, 0x8, 0x46,
    0x0, 0xa7, 0xee, 0xd, 0x2, 0x7, 0x75, 0xac,
    0x1d, 0x60, 0x11, 0x23, 0x0,

    /* U+00C4 "Ä" */
    0x0, 0x59, 0x42, 0x80, 0x6b, 0x28, 0x50, 0xe,
    0xd9, 0x0, 0xe4, 0x67, 0x0, 0xee, 0xe2, 0x30,
    0x4, 0x28, 0xbd, 0x40, 0x13, 0x38, 0x21, 0x18,
    0x2, 0x9f, 0xb8, 0x34, 0x8, 0x1d, 0xd6, 0xb0,
    0x75, 0x80, 0x44, 0x8c,

    /* U+00C5 "Å" */
    0x0, 0xc, 0x38, 0x7, 0x2e, 0x70, 0x7, 0x25,
    0x18, 0x7, 0x1a, 0xa0, 0x7, 0x4f, 0x23, 0x0,
    0x42, 0x8b, 0xd4, 0x1, 0x33, 0x82, 0x11, 0x80,
    0x29, 0xfb, 0x83, 0x40, 0x81, 0xdd, 0x6b, 0x7,
    0x58, 0x4, 0x48, 0xc0,

    /* U+00C6 "Æ" */
    0x0, 0x87, 0xfd, 0xdb, 0xa7, 0x0, 0xa2, 0xb,
    0x5b, 0xa7, 0x0, 0x13, 0xb8, 0x3, 0xe8, 0x90,
    0x5, 0x6e, 0x90, 0x9, 0x18, 0x1, 0x5b, 0xa4,
    0x8, 0x1f, 0xe5, 0x0, 0xc4, 0x9d, 0xd2, 0x80,
    0x68, 0x91, 0x0, 0xab, 0xb9, 0x40,

    /* U+00C7 "Ç" */
    0x0, 0x2e, 0x77, 0x28, 0x23, 0xbb, 0x41, 0x35,
    0x10, 0x0, 0x91, 0x2, 0x1, 0xff, 0x2a, 0x0,
    0x71, 0xad, 0x8, 0x0, 0xc2, 0xcb, 0xfd, 0xb6,
    0x0, 0x8c, 0x7d, 0x80, 0x8, 0xc9, 0x0, 0x31,
    0x98, 0x80,

    /* U+00C8 "È" */
    0xb, 0x20, 0xa, 0xa4, 0x2, 0x1b, 0x0, 0x76,
    0xec, 0xa1, 0x9b, 0xa5, 0x0, 0xf6, 0x6e, 0x84,
    0x33, 0x74, 0x20, 0x1f, 0xf7, 0xf7, 0x1c,

    /* U+00C9 "É" */
    0x0, 0x4a, 0x80, 0x10, 0x54, 0x0, 0x90, 0x0,
    0xed, 0xd9, 0x43, 0x37, 0x4a, 0x1, 0xec, 0xdd,
    0x8, 0x66, 0xe8, 0x40, 0x3f, 0xef, 0xee, 0x38,

    /* U+00CA "Ê" */
    0x8, 0xc0, 0x1, 0x7, 0xc0, 0x14, 0x1c, 0x7,
    0x6e, 0xca, 0x19, 0xba, 0x50, 0xf, 0x66, 0xe8,
    0x43, 0x37, 0x42, 0x1, 0xff, 0x7f, 0x71, 0xc0,

    /* U+00CB "Ë" */
    0x58, 0x1c, 0x5, 0x81, 0xd0, 0xed, 0xd6, 0x28,
    0x66, 0xe9, 0x40, 0x3d, 0x9b, 0xa1, 0xc, 0xdd,
    0x8, 0x7, 0xfd, 0xfd, 0xc7,

    /* U+00CC "Ì" */
    0x77, 0x3, 0xe9, 0x5, 0x10, 0x70, 0x80, 0x7f,
    0xf2, 0x40,

    /* U+00CD "Í" */
    0x5, 0x91, 0xe9, 0x1b, 0x0, 0x70, 0x80, 0x7f,
    0xf2, 0x40,

    /* U+00CE "Î" */
    0x2, 0xd5, 0x0, 0x5e, 0x78, 0x2, 0x46, 0x80,
    0x2e, 0x10, 0xf, 0xfe, 0xc0,

    /* U+00CF "Ï" */
    0xd, 0xa, 0x30, 0xc0, 0xa3, 0x1, 0xe1, 0x0,
    0xff, 0xec, 0x0,

    /* U+00D0 "Ð" */
    0xe, 0xdd, 0x75, 0x18, 0x5, 0x9b, 0xdf, 0xa6,
    0x1, 0xcb, 0x32, 0xb1, 0xfe, 0x0, 0x23, 0xd8,
    0xff, 0x0, 0x1c, 0x40, 0x3d, 0xa8, 0x1, 0xce,
    0x92, 0x0, 0xfe, 0xeb, 0x4,

    /* U+00D1 "Ñ" */
    0x1, 0x9b, 0xa3, 0x0, 0xc, 0xdd, 0x18, 0x75,
    0x80, 0x43, 0xc0, 0xec, 0x1, 0xdf, 0x2, 0x1,
    0x8a, 0x28, 0x3, 0x98, 0x18, 0x3, 0xaa, 0xc8,
    0x3, 0xc, 0x78, 0x7, 0x2b, 0x0,

    /* U+00D2 "Ò" */
    0x0, 0xac, 0xc0, 0x3e, 0xa8, 0x0, 0xf8, 0x6c,
    0x3, 0xcf, 0xbd, 0xc9, 0x0, 0xab, 0x31, 0xdc,
    0xc, 0x2, 0x4b, 0x10, 0x4, 0x8a, 0x24, 0x1,
    0xc8, 0x60, 0x1f, 0xca, 0x80, 0x1c, 0x88, 0x34,
    0xa1, 0x1, 0x96, 0x30, 0xa2, 0xfe, 0xf1, 0xb0,

    /* U+00D3 "Ó" */
    0x0, 0xc9, 0x40, 0x1f, 0x7d, 0x0, 0x7d, 0x60,
    0x1e, 0x7d, 0xee, 0x48, 0x5, 0x59, 0x8e, 0xe0,
    0x60, 0x12, 0x58, 0x80, 0x24, 0x51, 0x20, 0xe,
    0x43, 0x0, 0xfe, 0x54, 0x0, 0xe4, 0x41, 0xa5,
    0x8, 0xc, 0xb1, 0x85, 0x17, 0xf7, 0x8d, 0x80,

    /* U+00D4 "Ô" */
    0x0, 0x8b, 0x50, 0x3, 0xd1, 0x9c, 0x1, 0xea,
    0x1a, 0x0, 0xe7, 0xde, 0xe4, 0x80, 0x55, 0x98,
    0xee, 0x6, 0x1, 0x25, 0x88, 0x2, 0x45, 0x12,
    0x0, 0xe4, 0x30, 0xf, 0xe5, 0x40, 0xe, 0x44,
    0x1a, 0x50, 0x80, 0xcb, 0x18, 0x51, 0x7f, 0x78,
    0xd8, 0x0,

    /* U+00D5 "Õ" */
    0x0, 0xc, 0xdd, 0x18, 0x6, 0x19, 0xba, 0x30,
    0xc, 0xfb, 0xdc, 0x90, 0xa, 0xb3, 0x1d, 0xc0,
    0xc0, 0x24, 0xb1, 0x0, 0x48, 0xa2, 0x40, 0x1c,
    0x86, 0x1, 0xfc, 0xa8, 0x1, 0xc8, 0x83, 0x4a,
    0x10, 0x19, 0x63, 0xa, 0x2f, 0xef, 0x1b, 0x0,

    /* U+00D6 "Ö" */
    0x0, 0xe, 0x5, 0x90, 0x6, 0x1d, 0xa, 0x20,
    0xc, 0xf9, 0xdf, 0x20, 0x15, 0x66, 0x3b, 0x81,
    0x80, 0x49, 0x62, 0x0, 0x91, 0x44, 0x80, 0x39,
    0xc, 0x3, 0xf9, 0x50, 0x3, 0x91, 0x6, 0x94,
    0x20, 0x32, 0xc6, 0x14, 0x5f, 0xde, 0x36, 0x0,

    /* U+00D7 "×" */
    0x28, 0x0, 0x2a, 0x88, 0x21, 0x79, 0x42, 0xe,
    0xec, 0x0, 0x61, 0x69, 0x2, 0xca, 0x8e, 0x62,
    0xa0, 0x3, 0xb0,

    /* U+00D8 "Ø" */
    0x0, 0xff, 0x9f, 0x7b, 0x62, 0x80, 0x15, 0x98,
    0xed, 0x21, 0x3, 0x4b, 0x10, 0x6a, 0x4, 0x54,
    0x0, 0x3b, 0x80, 0x8c, 0x2, 0x64, 0x10, 0x30,
    0x44, 0x31, 0x18, 0x1, 0xd0, 0x96, 0x94, 0x6,
    0x98, 0xc8, 0xef, 0x3b, 0xca, 0xc0, 0xa1, 0xf7,
    0xb9, 0x0, 0x0,

    /* U+00D9 "Ù" */
    0x1, 0xc0, 0xe, 0x18, 0x80, 0x7, 0x24, 0x0,
    0x5e, 0x1, 0xad, 0x0, 0x3f, 0xf9, 0xee, 0x22,
    0x0, 0x98, 0x52, 0x0, 0xa, 0x5, 0x67, 0xdb,
    0xde, 0x0,

    /* U+00DA "Ú" */
    0x0, 0xa9, 0x0, 0x32, 0xea, 0x0, 0x65, 0x70,
    0xb, 0xc0, 0x35, 0xa0, 0x7, 0xff, 0x3d, 0xc4,
    0x40, 0x13, 0xa, 0x40, 0x1, 0x40, 0xac, 0xfb,
    0x7b, 0xc0,

    /* U+00DB "Û" */
    0x0, 0x4d, 0x80, 0x63, 0xef, 0x70, 0x8, 0xdd,
    0x1c, 0x1, 0xe0, 0x1a, 0xd0, 0x3, 0xff, 0x9e,
    0xe2, 0x20, 0x9, 0x85, 0x20, 0x0, 0xa0, 0x56,
    0x7d, 0xbd, 0xe0,

    /* U+00DC "Ü" */
    0x7, 0x63, 0xa0, 0x9, 0xd8, 0xe8, 0x1, 0xe0,
    0x1a, 0xd0, 0x3, 0xff, 0x9e, 0xe2, 0x20, 0x9,
    0x85, 0x20, 0x0, 0xa0, 0x56, 0x7d, 0xbd, 0xe0,

    /* U+00DD "Ý" */
    0x0, 0x9d, 0xc0, 0x18, 0xb5, 0xc0, 0x31, 0x50,
    0x5, 0x4e, 0x1, 0x62, 0x5c, 0x88, 0x23, 0xa0,
    0xb4, 0x84, 0xc0, 0x2, 0x59, 0xdc, 0x60, 0x1,
    0x98, 0xb0, 0xc, 0x86, 0x20, 0x1f, 0xfc, 0x40,

    /* U+00DE "Þ" */
    0xe1, 0x0, 0xef, 0xec, 0x40, 0x7, 0xf4, 0x50,
    0x80, 0x48, 0x66, 0x0, 0x90, 0x8, 0x33, 0x7b,
    0xc0, 0x19, 0xb4, 0x40, 0x1f, 0x0,

    /* U+00DF "ß" */
    0x3, 0xcd, 0xa0, 0xb, 0xbf, 0x41, 0x80, 0x4,
    0x60, 0x60, 0x1c, 0xaa, 0x60, 0xd, 0x2a, 0x20,
    0x1b, 0x3f, 0x0, 0x39, 0x8c, 0x40, 0x30, 0x80,
    0x80, 0x12, 0xea, 0x80,

    /* U+00E0 "à" */
    0x1, 0xc1, 0x0, 0x87, 0xe0, 0x3, 0x1c, 0x80,
    0x53, 0xba, 0x80, 0x5, 0x6e, 0x94, 0x80, 0x5e,
    0x4d, 0x8f, 0xca, 0xd4, 0x15, 0x14, 0x94, 0x1d,
    0x6a, 0x54, 0x0,

    /* U+00E1 "á" */
    0x0, 0xb0, 0x40, 0x28, 0x80, 0x80, 0x50, 0x80,
    0x14, 0xee, 0xa0, 0x1, 0x5b, 0xa5, 0x20, 0x17,
    0x93, 0x63, 0xf2, 0xb5, 0x5, 0x45, 0x25, 0x7,
    0x5a, 0x95, 0x0,

    /* U+00E2 "â" */
    0x0, 0x4d, 0x80, 0x49, 0xfc, 0xc0, 0x4, 0x65,
    0x60, 0x4, 0xee, 0xa0, 0x1, 0x5b, 0xa5, 0x20,
    0x17, 0x93, 0x63, 0xf2, 0xb5, 0x5, 0x45, 0x25,
    0x7, 0x5a, 0x95, 0x0,

    /* U+00E3 "ã" */
    0x7, 0xbb, 0x40, 0x1, 0xee, 0xd0, 0x0, 0x9d,
    0xd4, 0x0, 0x2b, 0x74, 0xa4, 0x2, 0xf2, 0x6c,
    0x7e, 0x56, 0xa0, 0xa8, 0xa4, 0xa0, 0xeb, 0x52,
    0xa0,

    /* U+00E4 "ä" */
    0x8, 0x54, 0x90, 0x4, 0x2a, 0x48, 0x2, 0x77,
    0x50, 0x0, 0xad, 0xd2, 0x90, 0xb, 0xc9, 0xb1,
    0xf9, 0x5a, 0x82, 0xa2, 0x92, 0x83, 0xad, 0x4a,
    0x80,

    /* U+00E5 "å" */
    0x0, 0x3c, 0x0, 0x42, 0x1c, 0x60, 0x1, 0x1,
    0x30, 0x4, 0xd5, 0x20, 0x1, 0x5b, 0xa5, 0x20,
    0x17, 0x93, 0x63, 0xf2, 0xb5, 0x5, 0x45, 0x25,
    0x7, 0x5a, 0x95, 0x0,

    /* U+00E6 "æ" */
    0x9, 0xcd, 0x77, 0x6e, 0x40, 0x2, 0x33, 0x6b,
    0xb7, 0xd, 0x2, 0x6e, 0xc6, 0xb7, 0x67, 0x25,
    0x2b, 0xb2, 0xcd, 0xdb, 0x18, 0xc0, 0x4, 0xd2,
    0x0, 0x30, 0x61, 0xd9, 0xc4, 0xdc, 0x80,

    /* U+00E7 "ç" */
    0x3, 0xbc, 0xd0, 0x1d, 0x8c, 0xd0, 0x44, 0x18,
    0x6, 0x30, 0xc, 0x8e, 0x40, 0x20, 0x35, 0xfb,
    0xa0, 0x2, 0x75, 0x60, 0x4, 0x3c, 0x60, 0x10,
    0x83, 0x0,

    /* U+00E8 "è" */
    0x0, 0x52, 0x0, 0x6a, 0xf0, 0xe, 0xb0, 0x9,
    0x33, 0x16, 0x22, 0x8c, 0xc6, 0xc2, 0x16, 0x62,
    0x88, 0x13, 0x32, 0xb7, 0x42, 0x1, 0x22, 0x5f,
    0xe6, 0x88,

    /* U+00E9 "é" */
    0x0, 0xa9, 0x0, 0x24, 0xd4, 0x0, 0x91, 0xc0,
    0x24, 0xcc, 0x58, 0x8a, 0x33, 0x1b, 0x8, 0x59,
    0x8a, 0x20, 0x4c, 0xca, 0xdd, 0x8, 0x4, 0x89,
    0x7f, 0x9a, 0x20,

    /* U+00EA "ê" */
    0x0, 0x3e, 0x8, 0x0, 0x7b, 0x90, 0x0, 0x19,
    0x29, 0x0, 0x26, 0x62, 0xc4, 0x51, 0x98, 0xd8,
    0x42, 0xcc, 0x51, 0x2, 0x66, 0x56, 0xe8, 0x40,
    0x24, 0x4b, 0xfc, 0xd1,

    /* U+00EB "ë" */
    0x5, 0x81, 0xc0, 0x2, 0xc0, 0xe0, 0x1, 0x33,
    0x16, 0x22, 0x8c, 0xc6, 0xc2, 0x16, 0x62, 0x88,
    0x13, 0x32, 0xb7, 0x42, 0x1, 0x22, 0x5f, 0xe6,
    0x88,

    /* U+00EC "ì" */
    0xb, 0x30, 0x5, 0xc8, 0x5, 0x40, 0x17, 0x80,
    0x7f, 0xf2, 0x40,

    /* U+00ED "í" */
    0x8, 0x62, 0x6, 0x28, 0x0, 0x78, 0x7, 0xff,
    0x10,

    /* U+00EE "î" */
    0x5, 0xd2, 0x0, 0x66, 0x2c, 0x1, 0x23, 0x20,
    0x17, 0x80, 0x7f, 0xf3, 0xc0,

    /* U+00EF "ï" */
    0x3b, 0xd, 0x3, 0xb0, 0xd0, 0xb, 0xc0, 0x3f,
    0xf9, 0xe0,

    /* U+00F0 "ð" */
    0x0, 0xfc, 0x38, 0xd0, 0xe0, 0x1, 0xb8, 0x7,
    0x0, 0x21, 0x7a, 0x90, 0x5, 0x3a, 0x10, 0x3,
    0x5b, 0x92, 0xa0, 0x8e, 0x20, 0x82, 0x20, 0xf,
    0xb, 0xb8, 0x41, 0x54, 0x5, 0x7b, 0x9d, 0x40,

    /* U+00F1 "ñ" */
    0x3, 0xab, 0xa2, 0x3, 0xab, 0xa2, 0xf, 0x79,
    0xc4, 0x0, 0x1c, 0xfc, 0x0, 0x10, 0xc, 0xc0,
    0x1f, 0xfc, 0x60,

    /* U+00F2 "ò" */
    0x0, 0x43, 0x0, 0x74, 0x60, 0x80, 0x75, 0x8,
    0x4, 0x79, 0x92, 0x80, 0xef, 0x66, 0xd9, 0x23,
    0x90, 0xb, 0xa0, 0x7, 0xc8, 0xe4, 0x2, 0x8e,
    0x35, 0xd9, 0xb2, 0x20,

    /* U+00F3 "ó" */
    0x0, 0x96, 0x40, 0x30, 0xf4, 0x80, 0x61, 0xb0,
    0xc, 0x79, 0x92, 0x80, 0xef, 0x66, 0xd9, 0x23,
    0x90, 0xb, 0xa0, 0x7, 0xc8, 0xe4, 0x2, 0x8e,
    0x35, 0xd9, 0xb2, 0x20,

    /* U+00F4 "ô" */
    0x0, 0x1e, 0x98, 0x6, 0x9c, 0x90, 0xd, 0x43,
    0x40, 0x11, 0xe6, 0x4a, 0x3, 0xbd, 0x9b, 0x64,
    0x8e, 0x40, 0x2e, 0x80, 0x1f, 0x23, 0x90, 0xa,
    0x38, 0xd7, 0x66, 0xc8, 0x80,

    /* U+00F5 "õ" */
    0x1, 0xab, 0xa3, 0x0, 0xd, 0x5d, 0x18, 0x0,
    0xf3, 0x25, 0x1, 0xde, 0xcd, 0xb2, 0x47, 0x20,
    0x17, 0x40, 0xf, 0x91, 0xc8, 0x5, 0x1c, 0x6b,
    0xb3, 0x64, 0x40,

    /* U+00F6 "ö" */
    0x1, 0xc0, 0xc1, 0x0, 0xe, 0x6, 0x8, 0x0,
    0xf3, 0x25, 0x1, 0xde, 0xcd, 0xb2, 0x47, 0x20,
    0x17, 0x40, 0xf, 0x91, 0xc8, 0x5, 0x1c, 0x6b,
    0xb3, 0x64, 0x40,

    /* U+00F7 "÷" */
    0x0, 0x2c, 0x80, 0x65, 0x80, 0x3, 0xe6, 0x37,
    0x29, 0xf3, 0x35, 0x0, 0x16, 0x40, 0x32, 0xc0,
    0x0,

    /* U+00F8 "ø" */
    0x0, 0xf1, 0x81, 0xe6, 0x54, 0xa3, 0xbd, 0x88,
    0x99, 0xc9, 0xf9, 0x90, 0xc1, 0x81, 0x84, 0x1d,
    0xde, 0xe2, 0x8e, 0x88, 0x5c, 0xd9, 0x14, 0xac,
    0xc9, 0x0,

    /* U+00F9 "ù" */
    0x0, 0x59, 0x80, 0x6a, 0x90, 0xc, 0x34, 0x0,
    0x2c, 0x0, 0x16, 0x80, 0x7f, 0xf0, 0x44, 0x3,
    0x11, 0x80, 0x10, 0x1, 0x19, 0x3c, 0x0,

    /* U+00FA "ú" */
    0x0, 0x9a, 0x0, 0x21, 0xf8, 0x0, 0x86, 0x40,
    0x5, 0x80, 0x2, 0xd0, 0xf, 0xfe, 0x8, 0x80,
    0x62, 0x30, 0x2, 0x0, 0x23, 0x27, 0x80,

    /* U+00FB "û" */
    0x0, 0x36, 0x88, 0x0, 0x7b, 0x20, 0x0, 0x30,
    0x32, 0x5, 0x80, 0x2, 0xd0, 0xf, 0xfe, 0x8,
    0x80, 0x62, 0x30, 0x2, 0x0, 0x23, 0x27, 0x80,

    /* U+00FC "ü" */
    0x3, 0xb0, 0xd0, 0x1, 0xd8, 0x68, 0x16, 0x0,
    0xb, 0x40, 0x3f, 0xf8, 0x22, 0x1, 0x88, 0xc0,
    0x8, 0x0, 0x8c, 0x9e, 0x0,

    /* U+00FD "ý" */
    0x0, 0xac, 0x80, 0x27, 0xf2, 0x0, 0x9d, 0x0,
    0x16, 0xa0, 0x6, 0x8e, 0xf0, 0x5, 0x51, 0x50,
    0x8, 0x8, 0x1d, 0x6a, 0x80, 0xa, 0xf4, 0x60,
    0x1, 0xb2, 0x80, 0x67, 0xa0, 0x8, 0xdc, 0xc0,
    0x13, 0xdc, 0x0, 0x80,

    /* U+00FE "þ" */
    0xf, 0x0, 0xff, 0xe4, 0xb6, 0x6b, 0x80, 0x6c,
    0xc5, 0x18, 0x1, 0x80, 0x55, 0x0, 0x38, 0x44,
    0x0, 0x50, 0x17, 0x40, 0x6, 0xe6, 0x2c, 0x80,
    0x11, 0x9a, 0xa0, 0x1f, 0xfc, 0x30,

    /* U+00FF "ÿ" */
    0xa, 0x36, 0x70, 0x5, 0x1b, 0x38, 0x5a, 0x80,
    0x1a, 0x3b, 0xc0, 0x15, 0x45, 0x40, 0x20, 0x20,
    0x75, 0xaa, 0x0, 0x2b, 0xd1, 0x80, 0x6, 0xca,
    0x1, 0x9e, 0x80, 0x23, 0x73, 0x0, 0x4f, 0x70,
    0x2,

    /* U+0100 "Ā" */
    0x0, 0x35, 0x50, 0xc0, 0x33, 0x55, 0xc, 0x3,
    0xb6, 0x40, 0x39, 0x19, 0xc0, 0x3b, 0xb8, 0x8c,
    0x1, 0xa, 0x2f, 0x50, 0x4, 0xce, 0x8, 0x46,
    0x0, 0xa7, 0xee, 0xd, 0x2, 0x7, 0x75, 0xac,
    0x1d, 0x60, 0x11, 0x23, 0x0,

    /* U+0101 "ā" */
    0x2, 0xaa, 0x30, 0x0, 0xaa, 0x8c, 0x0, 0x9d,
    0xd4, 0x0, 0x2b, 0x74, 0xa4, 0x2, 0xf2, 0x6c,
    0x7e, 0x56, 0xa0, 0xa8, 0xa4, 0xa0, 0xeb, 0x52,
    0xa0,

    /* U+0102 "Ă" */
    0x0, 0x28, 0x11, 0x80, 0x66, 0x9b, 0x30, 0xc,
    0x73, 0x20, 0xf, 0x6c, 0x80, 0x72, 0x33, 0x80,
    0x77, 0x71, 0x18, 0x2, 0x14, 0x5e, 0xa0, 0x9,
    0x9c, 0x10, 0x8c, 0x1, 0x4f, 0xdc, 0x1a, 0x4,
    0xe, 0xeb, 0x58, 0x3a, 0xc0, 0x22, 0x46,

    /* U+0103 "ă" */
    0x3, 0x88, 0x20, 0x0, 0xe2, 0x8, 0x0, 0x9d,
    0xd4, 0x0, 0x2b, 0x74, 0xa4, 0x2, 0xf2, 0x6c,
    0x7e, 0x56, 0xa0, 0xa8, 0xa4, 0xa0, 0xeb, 0x52,
    0xa0,

    /* U+0104 "Ą" */
    0x0, 0xb6, 0x40, 0x39, 0x19, 0xc0, 0x3b, 0xb8,
    0x8c, 0x1, 0xa, 0x2f, 0x50, 0x4, 0xce, 0x8,
    0x46, 0x0, 0xa7, 0xee, 0xd, 0x2, 0x7, 0x75,
    0xac, 0x1d, 0x60, 0x11, 0x23, 0x53, 0x0, 0x44,
    0x6c, 0x1, 0xc2, 0x40,

    /* U+0105 "ą" */
    0x9, 0xdd, 0x40, 0x2, 0xb7, 0x4a, 0x40, 0x2f,
    0x26, 0xc7, 0xe5, 0x6a, 0xa, 0x8a, 0x4a, 0xe,
    0xb5, 0x2a, 0x3, 0x95, 0xba, 0x40, 0x8, 0x78,
    0x0,

    /* U+0106 "Ć" */
    0x0, 0xce, 0xc0, 0x18, 0xb5, 0x80, 0x31, 0x50,
    0x6, 0x5c, 0xee, 0x50, 0x47, 0x76, 0x82, 0x6a,
    0x20, 0x1, 0x22, 0x4, 0x3, 0xfe, 0x54, 0x0,
    0xe3, 0x5a, 0x10, 0x1, 0x85, 0x97, 0xf6, 0xd8,

    /* U+0107 "ć" */
    0x0, 0xa1, 0x80, 0x23, 0x16, 0x0, 0x8e, 0x40,
    0x23, 0xbc, 0xd0, 0x1d, 0x8c, 0xd0, 0x44, 0x18,
    0x6, 0x30, 0xc, 0x8e, 0x40, 0x20, 0x35, 0xd9,
    0xa0,

    /* U+0108 "Ĉ" */
    0x0, 0x8f, 0x8c, 0x3, 0x4f, 0xc8, 0x6, 0xa1,
    0xa0, 0x9, 0x73, 0xb9, 0x41, 0x1d, 0xda, 0x9,
    0xa8, 0x80, 0x4, 0x88, 0x10, 0xf, 0xf9, 0x50,
    0x3, 0x8d, 0x68, 0x40, 0x6, 0x16, 0x5f, 0xdb,
    0x60,

    /* U+0109 "ĉ" */
    0x0, 0x3e, 0x8, 0x0, 0x7b, 0x90, 0x0, 0x19,
    0x29, 0x0, 0x1d, 0xe6, 0x80, 0xec, 0x66, 0x82,
    0x20, 0xc0, 0x31, 0x80, 0x64, 0x72, 0x1, 0x1,
    0xae, 0xcd, 0x0,

    /* U+010A "Ċ" */
    0x0, 0xda, 0x1, 0xec, 0x0, 0xcb, 0x9f, 0xd4,
    0x11, 0xdd, 0xa0, 0x9a, 0x88, 0x0, 0x48, 0x81,
    0x0, 0xff, 0x95, 0x0, 0x38, 0xd6, 0x84, 0x0,
    0x61, 0x65, 0xfd, 0xb6,

    /* U+010B "ċ" */
    0x0, 0xb4, 0x3, 0xb4, 0x2, 0x3b, 0xcd, 0x1,
    0xd8, 0xcd, 0x4, 0x41, 0x80, 0x63, 0x0, 0xc8,
    0xe4, 0x2, 0x3, 0x5d, 0x9a, 0x0,

    /* U+010C "Č" */
    0x0, 0xa8, 0x68, 0x3, 0x46, 0x48, 0x6, 0x2d,
    0x30, 0x9, 0x73, 0xb9, 0x41, 0x1d, 0xda, 0x9,
    0xa8, 0x80, 0x4, 0x88, 0x10, 0xf, 0xf9, 0x50,
    0x3, 0x8d, 0x68, 0x40, 0x6, 0x16, 0x5f, 0xdb,
    0x60,

    /* U+010D "č" */
    0x0, 0x50, 0xd0, 0x5, 0xd9, 0x0, 0x12, 0x69,
    0x0, 0xe, 0xf3, 0x40, 0x76, 0x33, 0x41, 0x10,
    0x60, 0x18, 0xc0, 0x32, 0x39, 0x0, 0x80, 0xd7,
    0x66, 0x80,

    /* U+010E "Ď" */
    0x5, 0x53, 0x28, 0x4, 0xbf, 0x8a, 0x1, 0xaa,
    0x80, 0x17, 0x6e, 0xba, 0x8c, 0x1, 0x9b, 0xdf,
    0xa6, 0x1, 0x96, 0x64, 0x1, 0xc8, 0xe0, 0x1c,
    0xe2, 0x1, 0xda, 0x80, 0x19, 0xd2, 0x43, 0xfb,
    0x7b, 0x4,

    /* U+010F "ď" */
    0x0, 0xed, 0x1a, 0x40, 0xf, 0xb5, 0x0, 0x3e,
    0x70, 0x2, 0x66, 0x24, 0x3, 0xd, 0x76, 0x69,
    0x0, 0x48, 0x82, 0x4, 0x10, 0x8, 0xcc, 0x1,
    0xf2, 0x20, 0x0, 0x62, 0x1, 0x15, 0xe4, 0xa1,
    0x0, 0x40,

    /* U+0110 "Đ" */
    0xe, 0xdd, 0x75, 0x18, 0x5, 0x9b, 0xdf, 0xa6,
    0x1, 0xcb, 0x32, 0xb1, 0xfe, 0x0, 0x23, 0xd8,
    0xff, 0x0, 0x1c, 0x40, 0x3d, 0xa8, 0x1, 0xce,
    0x92, 0x0, 0xfe, 0xeb, 0x4,

    /* U+0111 "đ" */
    0x0, 0xed, 0x10, 0xa, 0xb0, 0xa8, 0x2, 0xac,
    0x2a, 0x4, 0xcc, 0x48, 0x0, 0x6b, 0xb3, 0x48,
    0x11, 0x4, 0x8, 0x20, 0x66, 0x0, 0xe4, 0x40,
    0x0, 0xc4, 0xa, 0xf2, 0x50, 0x80,

    /* U+0112 "Ē" */
    0x1a, 0xa4, 0x0, 0xd5, 0x20, 0x3b, 0x76, 0x50,
    0xcd, 0xd2, 0x80, 0x7b, 0x37, 0x42, 0x19, 0xba,
    0x10, 0xf, 0xfb, 0xfb, 0x8e,

    /* U+0113 "ē" */
    0x1, 0xaa, 0x40, 0x0, 0x6a, 0x90, 0x0, 0x4c,
    0xc5, 0x88, 0xa3, 0x31, 0xb0, 0x85, 0x98, 0xa2,
    0x4, 0xcc, 0xad, 0xd0, 0x80, 0x48, 0x97, 0xf9,
    0xa2,

    /* U+0114 "Ĕ" */
    0x22, 0x2, 0x81, 0x54, 0xb0, 0x2, 0x24, 0xc3,
    0xb7, 0x65, 0xc, 0xdd, 0x28, 0x7, 0xb3, 0x74,
    0x21, 0x9b, 0xa1, 0x0, 0xff, 0xbf, 0xb8, 0xe0,

    /* U+0115 "ĕ" */
    0x1, 0x88, 0x30, 0x0, 0x62, 0xc, 0x0, 0x4c,
    0xc5, 0x88, 0xa3, 0x31, 0xb0, 0x85, 0x98, 0xa2,
    0x4, 0xcc, 0xad, 0xd0, 0x80, 0x48, 0x97, 0xf9,
    0xa2,

    /* U+0116 "Ė" */
    0x3, 0xa0, 0x8, 0xe8, 0x1, 0xdb, 0xb2, 0x86,
    0x6e, 0x94, 0x3, 0xd9, 0xba, 0x10, 0xcd, 0xd0,
    0x80, 0x7f, 0xdf, 0xdc, 0x70,

    /* U+0117 "ė" */
    0x0, 0xe, 0x0, 0x61, 0xc0, 0x9, 0x33, 0x16,
    0x22, 0x8c, 0xc6, 0xc2, 0x16, 0x62, 0x88, 0x13,
    0x32, 0xb7, 0x42, 0x1, 0x22, 0x5f, 0xe6, 0x88,

    /* U+0118 "Ę" */
    0xed, 0xd9, 0x43, 0x37, 0x4a, 0x1, 0xec, 0xdd,
    0x8, 0x66, 0xe8, 0x40, 0x3f, 0xef, 0xee, 0x3f,
    0x73, 0x65, 0xc0, 0xf, 0xc0,

    /* U+0119 "ę" */
    0x4, 0xcc, 0x58, 0x8a, 0x33, 0x1b, 0x8, 0x59,
    0x8a, 0x20, 0x4c, 0xca, 0xdd, 0x8, 0x4, 0x89,
    0x7f, 0xb8, 0x20, 0xba, 0x9a, 0x60, 0x1, 0x32,
    0x0,

    /* U+011A "Ě" */
    0x19, 0x29, 0x1, 0xfe, 0x80, 0x3, 0x60, 0x87,
    0x6e, 0xca, 0x19, 0xba, 0x50, 0xf, 0x66, 0xe8,
    0x43, 0x37, 0x42, 0x1, 0xff, 0x7f, 0x71, 0xc0,

    /* U+011B "ě" */
    0x1, 0x92, 0x90, 0x0, 0xff, 0x40, 0x4, 0xd8,
    0x20, 0x4, 0xcc, 0x58, 0x8a, 0x33, 0x1b, 0x8,
    0x59, 0x8a, 0x20, 0x4c, 0xca, 0xdd, 0x8, 0x4,
    0x89, 0x7f, 0x9a, 0x20,

    /* U+011C "Ĝ" */
    0x0, 0x8b, 0x50, 0x3, 0xa3, 0x38, 0x3, 0xa8,
    0x68, 0x3, 0x2e, 0x77, 0x30, 0x82, 0x27, 0xbb,
    0x19, 0x36, 0x90, 0x0, 0x85, 0x10, 0x20, 0x1f,
    0xcd, 0xdc, 0x55, 0x20, 0x1, 0xb9, 0xcc, 0xcb,
    0x42, 0x0, 0x30, 0x5, 0x96, 0x76, 0x82, 0x0,

    /* U+011D "ĝ" */
    0x0, 0x26, 0x90, 0x6, 0xec, 0x80, 0xd, 0x43,
    0x40, 0x12, 0x66, 0x27, 0x44, 0x55, 0xd9, 0x44,
    0x8, 0x82, 0x3, 0x10, 0x33, 0x0, 0x72, 0x38,
    0x82, 0x88, 0x14, 0x66, 0x8, 0x80, 0x6, 0xdc,
    0x73, 0x10, 0x30, 0x3, 0xa0, 0x3, 0xf7, 0x6b,
    0x0,

    /* U+011E "Ğ" */
    0x0, 0x94, 0x10, 0x40, 0x3a, 0x70, 0x40, 0x32,
    0xcc, 0x0, 0x65, 0xce, 0xe6, 0x10, 0x44, 0xf7,
    0x63, 0x26, 0xd2, 0x0, 0x10, 0xa2, 0x4, 0x3,
    0xf9, 0xbb, 0x8a, 0xa4, 0x0, 0x37, 0x39, 0x99,
    0x68, 0x40, 0x6, 0x0, 0xb2, 0xce, 0xd0, 0x40,

    /* U+011F "ğ" */
    0x0, 0x44, 0x1c, 0x3, 0x44, 0x1c, 0x2, 0x4c,
    0xc4, 0xe8, 0x8a, 0xbb, 0x28, 0x81, 0x10, 0x40,
    0x62, 0x6, 0x60, 0xe, 0x47, 0x10, 0x51, 0x2,
    0x8c, 0xc1, 0x10, 0x0, 0xdb, 0x8e, 0x62, 0x6,
    0x0, 0x74, 0x0, 0x7e, 0xed, 0x60,

    /* U+0120 "Ġ" */
    0x0, 0xd6, 0x40, 0x1e, 0xa2, 0x0, 0xcb, 0x9f,
    0xd8, 0x41, 0x13, 0xdd, 0x8c, 0x9b, 0x48, 0x0,
    0x42, 0x88, 0x10, 0xf, 0xe6, 0xee, 0x2a, 0x90,
    0x0, 0xdc, 0xe6, 0x65, 0xa1, 0x0, 0x18, 0x2,
    0xcb, 0x3b, 0x41, 0x0,

    /* U+0121 "ġ" */
    0x0, 0xe, 0x0, 0x70, 0xe0, 0x6, 0x4c, 0xc4,
    0xe8, 0x8a, 0xbb, 0x28, 0x81, 0x10, 0x40, 0x62,
    0x6, 0x60, 0xe, 0x47, 0x10, 0x51, 0x2, 0x8c,
    0xc1, 0x10, 0x0, 0xdb, 0x8e, 0x62, 0x6, 0x0,
    0x74, 0x0, 0x7e, 0xed, 0x60,

    /* U+0122 "Ģ" */
    0x0, 0x2e, 0x77, 0x30, 0x82, 0x27, 0xbb, 0x19,
    0x36, 0x90, 0x0, 0x85, 0x10, 0x20, 0x1f, 0xcd,
    0xdc, 0x55, 0x20, 0x1, 0xb9, 0xcc, 0xcb, 0x42,
    0x0, 0x30, 0x5, 0x96, 0x76, 0x82, 0x0, 0x23,
    0x63, 0x68, 0x80, 0x24, 0xe0, 0x8,

    /* U+0123 "ģ" */
    0x0, 0xa1, 0x0, 0x38, 0xd0, 0x3, 0xac, 0x3,
    0x26, 0x62, 0x74, 0x45, 0x5d, 0x94, 0x40, 0x88,
    0x20, 0x31, 0x3, 0x30, 0x7, 0x23, 0x88, 0x28,
    0x81, 0x46, 0x60, 0x88, 0x0, 0x6d, 0xc7, 0x31,
    0x3, 0x0, 0x3a, 0x0, 0x3f, 0x76, 0xb0,

    /* U+0124 "Ĥ" */
    0x0, 0x3e, 0x0, 0x62, 0xff, 0x40, 0x4, 0x50,
    0x70, 0x0, 0xe1, 0x0, 0xa5, 0x80, 0x3f, 0xf8,
    0x79, 0xbb, 0x38, 0x3, 0x37, 0x67, 0x0, 0xff,
    0xe5, 0x0,

    /* U+0125 "ĥ" */
    0x0, 0x98, 0x40, 0x25, 0xeb, 0x0, 0xd1, 0xc2,
    0x1e, 0xa0, 0x82, 0x1, 0xff, 0xc2, 0x7c, 0xd4,
    0x0, 0x16, 0x4c, 0x80, 0xa, 0x8, 0x40, 0x1f,
    0xfc, 0x60,

    /* U+0126 "Ħ" */
    0xe, 0x10, 0xa, 0x58, 0x2c, 0x73, 0x76, 0x78,
    0x4b, 0x1c, 0xdd, 0x9e, 0x10, 0x1, 0x9b, 0xb3,
    0x80, 0x6c, 0xdd, 0x9c, 0x3, 0xff, 0xa2,

    /* U+0127 "ħ" */
    0xf, 0x0, 0xd4, 0x19, 0x40, 0xa, 0xc, 0xa0,
    0xc, 0xf9, 0xa8, 0x0, 0x2c, 0x98, 0x0, 0x28,
    0x21, 0x80, 0x7f, 0xf1, 0x80,

    /* U+0128 "Ĩ" */
    0x19, 0xba, 0x31, 0x9b, 0xa3, 0x0, 0x70, 0x80,
    0x7f, 0xf6, 0x0,

    /* U+0129 "ĩ" */
    0x3a, 0xba, 0x13, 0xab, 0xa1, 0x0, 0x78, 0x7,
    0xff, 0x3c,

    /* U+012A "Ī" */
    0x8a, 0xa0, 0x45, 0x50, 0x1, 0xc2, 0x1, 0xff,
    0xd1,

    /* U+012B "ī" */
    0xa, 0xa4, 0x5, 0x52, 0x0, 0x1e, 0x1, 0xff,
    0xc9,

    /* U+012C "Ĭ" */
    0x5, 0x4, 0x0, 0xa4, 0xc0, 0xb, 0x2e, 0x1,
    0x70, 0x80, 0x7f, 0xf6, 0x0,

    /* U+012D "ĭ" */
    0x8, 0x83, 0x84, 0x41, 0xc0, 0x1e, 0x1, 0xff,
    0xc9,

    /* U+012E "Į" */
    0xe, 0x10, 0xf, 0xfe, 0x49, 0xc8, 0xbf, 0x0,

    /* U+012F "į" */
    0xe, 0x0, 0x60, 0x0, 0x80, 0x1e, 0x1, 0xff,
    0xc4, 0x4a, 0x2, 0xd0,

    /* U+0130 "İ" */
    0xc1, 0xd1, 0xf1, 0x0, 0xff, 0xe1, 0x0,

    /* U+0131 "ı" */
    0xf, 0x0, 0xff, 0x0,

    /* U+0132 "Ĳ" */
    0xe1, 0x0, 0x43, 0x80, 0x7f, 0xf4, 0x4, 0x40,
    0x19, 0x50, 0x1, 0x39, 0x64,

    /* U+0133 "ĳ" */
    0xe, 0x0, 0x70, 0x3, 0x0, 0x18, 0x0, 0x20,
    0x1, 0x0, 0x3c, 0x1, 0xe0, 0x1f, 0xfd, 0x4f,
    0x0, 0x8, 0x6, 0x44, 0x0, 0x7, 0x62, 0x0,

    /* U+0134 "Ĵ" */
    0x0, 0x63, 0x80, 0x23, 0xb8, 0x41, 0x5, 0x24,
    0x0, 0xb4, 0x0, 0xff, 0xe5, 0xbb, 0x80, 0x2,
    0x46, 0x19, 0x8a, 0x0, 0x0,

    /* U+0135 "ĵ" */
    0x0, 0x26, 0x90, 0x5, 0xba, 0xb0, 0xa, 0x42,
    0x40, 0x37, 0x80, 0x7f, 0xf4, 0x44, 0x3, 0x9,
    0x80, 0x64, 0x70, 0x1, 0x64, 0xd8, 0x0,

    /* U+0136 "Ķ" */
    0xe1, 0x1, 0xd4, 0x0, 0xb6, 0x50, 0x1, 0x72,
    0x80, 0xa, 0xc5, 0x0, 0x8b, 0x0, 0x34, 0xc,
    0x80, 0x6a, 0x28, 0x0, 0xd6, 0xaf, 0xc2, 0x83,
    0xae, 0x3, 0xe2, 0x0,

    /* U+0137 "ķ" */
    0xf, 0x0, 0xff, 0xe3, 0x8e, 0xa0, 0x0, 0x76,
    0x50, 0x1, 0xb2, 0x80, 0x13, 0x68, 0x6, 0xa3,
    0x80, 0xd, 0x68, 0xe1, 0xe2, 0x78, 0xe0, 0xb,
    0x10, 0x0,

    /* U+0138 "ĸ" */
    0xf, 0x1, 0xd4, 0x0, 0xe, 0xca, 0x0, 0x36,
    0x50, 0x2, 0x6d, 0x0, 0xd4, 0x70, 0x1, 0xad,
    0x1c,

    /* U+0139 "Ĺ" */
    0x0, 0x25, 0x0, 0x5f, 0x40, 0x15, 0x80, 0x38,
    0x40, 0x3f, 0xfa, 0xdf, 0xdc, 0x60,

    /* U+013A "ĺ" */
    0x0, 0x30, 0x2, 0xc, 0x1, 0xaa, 0x0, 0xa0,
    0xf, 0xfe, 0xb0,

    /* U+013B "Ļ" */
    0xe1, 0x0, 0xff, 0xeb, 0x7f, 0x71, 0xbb, 0xeb,
    0x98, 0x20, 0x2,

    /* U+013C "ļ" */
    0xf, 0x0, 0xff, 0xe2, 0xdc, 0x0,

    /* U+013D "Ľ" */
    0xe1, 0xc, 0x10, 0x1, 0x78, 0x80, 0x8, 0xc0,
    0x3f, 0xf9, 0x5f, 0xdc, 0x60,

    /* U+013E "ľ" */
    0xf, 0x1c, 0x0, 0x8b, 0xc0, 0x23, 0x30, 0x7,
    0xff, 0x4c,

    /* U+013F "Ŀ" */
    0xe1, 0x0, 0xff, 0xe1, 0x95, 0x80, 0x45, 0x60,
    0x1f, 0xfc, 0xf, 0xee, 0x30,

    /* U+0140 "ŀ" */
    0xf, 0x0, 0xff, 0xe2, 0x1c, 0x80, 0xe, 0x40,
    0x3f, 0xf8, 0x0,

    /* U+0141 "Ł" */
    0xe, 0x10, 0xf, 0xfe, 0x2, 0x80, 0x6d, 0xd0,
    0x1, 0xc7, 0xe0, 0x0, 0xa2, 0x40, 0x11, 0x0,
    0x7d, 0xfd, 0xc6,

    /* U+0142 "ł" */
    0xe, 0x10, 0xf, 0xf9, 0xc4, 0x1, 0x83, 0x63,
    0x61, 0x62, 0x1, 0xfe,

    /* U+0143 "Ń" */
    0x0, 0x9a, 0x0, 0x30, 0xe4, 0x0, 0x61, 0xa0,
    0xb, 0xac, 0x2, 0x1e, 0x7, 0x60, 0xe, 0xf8,
    0x10, 0xc, 0x51, 0x40, 0x1c, 0xc0, 0xc0, 0x1d,
    0x56, 0x40, 0x18, 0x63, 0xc0, 0x39, 0x58, 0x0,

    /* U+0144 "ń" */
    0x0, 0x99, 0xc0, 0x21, 0xf7, 0x0, 0x86, 0x40,
    0x2f, 0x79, 0xc4, 0x0, 0x1c, 0xfc, 0x0, 0x10,
    0xc, 0xc0, 0x1f, 0xfc, 0x60,

    /* U+0145 "Ņ" */
    0xeb, 0x0, 0x87, 0x81, 0xd8, 0x3, 0xbe, 0x4,
    0x3, 0x14, 0x50, 0x7, 0x30, 0x30, 0x7, 0x55,
    0x90, 0x6, 0x18, 0xf0, 0xe, 0x56, 0xe, 0x10,
    0x50, 0xae, 0x0, 0x29, 0x0, 0x40,

    /* U+0146 "ņ" */
    0xf, 0x79, 0xc4, 0x0, 0x1c, 0xfc, 0x0, 0x10,
    0xc, 0xc0, 0x1f, 0xfc, 0x7f, 0x5, 0xf, 0x0,
    0x31, 0x0, 0x0,

    /* U+0147 "Ň" */
    0x0, 0x50, 0xd0, 0x6, 0x9c, 0x90, 0xc, 0x7a,
    0x60, 0xe, 0xb0, 0x8, 0x78, 0x1d, 0x80, 0x3b,
    0xe0, 0x40, 0x31, 0x45, 0x0, 0x73, 0x3, 0x0,
    0x75, 0x59, 0x0, 0x61, 0x8f, 0x0, 0xe5, 0x60,

    /* U+0148 "ň" */
    0x0, 0x50, 0xd0, 0x5, 0x1b, 0x20, 0x11, 0x61,
    0x80, 0x3d, 0xe7, 0x10, 0x0, 0x73, 0xf0, 0x0,
    0x40, 0x33, 0x0, 0x7f, 0xf1, 0x80,

    /* U+0149 "ŉ" */
    0xb, 0x10, 0xe, 0x11, 0x80, 0x38, 0x6a, 0x26,
    0x57, 0x40, 0x18, 0xa6, 0xc5, 0x0, 0x2c, 0x0,
    0x19, 0x0, 0x42, 0x1, 0x8, 0x7, 0xff, 0x10,

    /* U+014A "Ŋ" */
    0xeb, 0x0, 0x87, 0x81, 0xd8, 0x3, 0xbe, 0x8,
    0x3, 0x15, 0xf8, 0x7, 0x2a, 0x48, 0x7, 0x4a,
    0x38, 0x7, 0x74, 0x0, 0x71, 0xc8, 0x70, 0x80,
    0x4a, 0x60, 0x1c, 0x8e, 0x1, 0xba, 0xa0,

    /* U+014B "ŋ" */
    0xf, 0x79, 0xc4, 0x0, 0x1c, 0xfc, 0x0, 0x10,
    0xc, 0x80, 0x38, 0x40, 0x3f, 0xf8, 0x3e, 0x1,
    0x8, 0x6, 0x32, 0x0, 0xb7, 0xbc,

    /* U+014C "Ō" */
    0x0, 0xa6, 0xa8, 0x1, 0xe9, 0xaa, 0x0, 0x73,
    0xef, 0x72, 0x40, 0x2a, 0xcc, 0x77, 0x3, 0x0,
    0x92, 0xc4, 0x1, 0x22, 0x89, 0x0, 0x72, 0x18,
    0x7, 0xf2, 0xa0, 0x7, 0x22, 0xd, 0x28, 0x40,
    0x65, 0x8c, 0x28, 0xbf, 0xbc, 0x6c, 0x0,

    /* U+014D "ō" */
    0x0, 0x4d, 0x50, 0x3, 0x4d, 0x50, 0x2, 0x3c,
    0xc9, 0x40, 0x77, 0xb3, 0x6c, 0x91, 0xc8, 0x5,
    0xd0, 0x3, 0xe4, 0x72, 0x1, 0x47, 0x1a, 0xec,
    0xd9, 0x10,

    /* U+014E "Ŏ" */
    0x0, 0x94, 0x10, 0x3, 0xc7, 0x26, 0x1, 0xe6,
    0x97, 0x0, 0xe7, 0xde, 0xe4, 0x80, 0x55, 0x98,
    0xee, 0x6, 0x1, 0x25, 0x88, 0x2, 0x45, 0x12,
    0x0, 0xe4, 0x30, 0xf, 0xe5, 0x40, 0xe, 0x44,
    0x1a, 0x50, 0x80, 0xcb, 0x18, 0x51, 0x7f, 0x78,
    0xd8, 0x0,

    /* U+014F "ŏ" */
    0x0, 0x3c, 0x40, 0x3, 0x3c, 0x40, 0x2, 0x3c,
    0xc9, 0x40, 0x77, 0xb3, 0x6c, 0x91, 0xc8, 0x5,
    0xd0, 0x3, 0xe4, 0x72, 0x1, 0x47, 0x1a, 0xec,
    0xd9, 0x10,

    /* U+0150 "Ő" */
    0x0, 0xd5, 0x6, 0x1, 0xcd, 0x3c, 0x60, 0x1c,
    0xc6, 0xc0, 0x1c, 0xfb, 0xdc, 0x90, 0xa, 0xb3,
    0x1d, 0xc0, 0xc0, 0x24, 0xb1, 0x0, 0x48, 0xa2,
    0x40, 0x1c, 0x86, 0x1, 0xfc, 0xa8, 0x1, 0xc8,
    0x83, 0x4a, 0x10, 0x19, 0x63, 0xa, 0x2f, 0xef,
    0x1b, 0x0,

    /* U+0151 "ő" */
    0x0, 0xa9, 0xd0, 0x2, 0x59, 0x14, 0x0, 0x94,
    0xd8, 0x2, 0x3c, 0xc9, 0x40, 0x77, 0xb3, 0x6c,
    0x91, 0xc8, 0x5, 0xd0, 0x3, 0xe4, 0x72, 0x1,
    0x47, 0x1a, 0xec, 0xd9, 0x10,

    /* U+0152 "Œ" */
    0x0, 0x3e, 0xff, 0xf9, 0x82, 0xaf, 0xbf, 0xc5,
    0xbf, 0xe6, 0x24, 0xd3, 0x0, 0xf9, 0x10, 0x20,
    0x1b, 0xf7, 0x44, 0x1, 0xf7, 0xee, 0x89, 0x50,
    0x3, 0xf8, 0xd6, 0x84, 0x3, 0xf5, 0x97, 0xf7,
    0xb, 0x3b, 0x90,

    /* U+0153 "œ" */
    0x3, 0xcc, 0x6a, 0xab, 0x31, 0x40, 0x3b, 0xd9,
    0x8b, 0xec, 0xc1, 0x3a, 0x20, 0x80, 0x5d, 0x73,
    0xb, 0xc0, 0x60, 0x19, 0xb3, 0x1b, 0x28, 0xe4,
    0x2, 0xaa, 0x10, 0x11, 0xab, 0xb3, 0x7e, 0x33,
    0x14, 0x60,

    /* U+0154 "Ŕ" */
    0x0, 0x1d, 0x80, 0x74, 0x50, 0x7, 0x58, 0x80,
    0x5d, 0xbb, 0x20, 0x5, 0x9b, 0xd6, 0x1, 0xc6,
    0x22, 0x0, 0xca, 0x42, 0x0, 0xce, 0x9d, 0x0,
    0xb3, 0xc1, 0x0, 0x30, 0xf5, 0x88, 0x6, 0x28,
    0xd0,

    /* U+0155 "ŕ" */
    0x0, 0x24, 0x80, 0x5d, 0x20, 0x15, 0x0, 0x5e,
    0xf8, 0x20, 0x3, 0xc1, 0x0, 0x20, 0x7, 0xff,
    0x14,

    /* U+0156 "Ŗ" */
    0xed, 0xd9, 0x0, 0x2c, 0xde, 0xb0, 0xe, 0x31,
    0x10, 0x6, 0x52, 0x10, 0x6, 0x74, 0xe8, 0x5,
    0x9e, 0x8, 0x1, 0x87, 0xac, 0x40, 0x31, 0x46,
    0x87, 0xa, 0xb, 0x60, 0x0, 0xb8, 0x40, 0x20,

    /* U+0157 "ŗ" */
    0x0, 0xf7, 0xbe, 0x8, 0x0, 0xf0, 0x40, 0x8,
    0x1, 0xff, 0xc6, 0xf5, 0x0, 0x97, 0x40, 0x0,

    /* U+0158 "Ř" */
    0xa, 0x1a, 0x0, 0xd1, 0x9c, 0x1, 0x8b, 0x50,
    0x2, 0xed, 0xd9, 0x0, 0x2c, 0xde, 0xb0, 0xe,
    0x31, 0x10, 0x6, 0x52, 0x10, 0x6, 0x74, 0xe8,
    0x5, 0x9e, 0x8, 0x1, 0x87, 0xac, 0x40, 0x31,
    0x46, 0x80,

    /* U+0159 "ř" */
    0xa, 0x1a, 0x0, 0x46, 0xc8, 0x0, 0xb0, 0xc0,
    0x1e, 0xf8, 0x20, 0x3, 0xc1, 0x0, 0x20, 0x7,
    0xff, 0x14,

    /* U+015A "Ś" */
    0x0, 0x9d, 0x80, 0x22, 0xd6, 0x0, 0x8a, 0x80,
    0x25, 0xcd, 0xe5, 0x2b, 0xdd, 0x72, 0x0, 0x4,
    0x0, 0x25, 0x3a, 0xc0, 0x13, 0xe7, 0xe9, 0x0,
    0x6, 0x6e, 0x8, 0x80, 0x1, 0x0, 0x7f, 0x6e,
    0xac,

    /* U+015B "ś" */
    0x0, 0x15, 0x80, 0x51, 0x40, 0x15, 0x8, 0x2,
    0x73, 0x4d, 0xb, 0x34, 0xd9, 0x8e, 0x20, 0x5a,
    0x38, 0x82, 0xd, 0x58, 0xbb, 0x98, 0x90,

    /* U+015C "Ŝ" */
    0x0, 0x3e, 0x0, 0x45, 0xfe, 0x80, 0x1, 0x41,
    0xc0, 0x1, 0x73, 0x79, 0x4a, 0xf7, 0x5c, 0x80,
    0x1, 0x0, 0x9, 0x4e, 0xb0, 0x4, 0xf9, 0xfa,
    0x40, 0x1, 0x9b, 0x82, 0x20, 0x0, 0x40, 0x1f,
    0xdb, 0xab,

    /* U+015D "ŝ" */
    0x3, 0xd3, 0x0, 0x4e, 0x48, 0x2, 0x86, 0x80,
    0x13, 0x9a, 0x68, 0x59, 0xa6, 0xcc, 0x71, 0x2,
    0xd1, 0xc4, 0x10, 0x6a, 0xc5, 0xdc, 0xc4, 0x80,

    /* U+015E "Ş" */
    0x5, 0xcd, 0xe5, 0x2b, 0xdd, 0x72, 0x0, 0x4,
    0x0, 0x25, 0x3a, 0xc0, 0x13, 0xe7, 0xe9, 0x0,
    0x6, 0x6e, 0x8, 0x80, 0x1, 0x0, 0x7f, 0x73,
    0x6c, 0xb6, 0xae, 0x84, 0x0, 0xf8, 0x40, 0x13,
    0x9b, 0x0,

    /* U+015F "ş" */
    0x9, 0xcd, 0x34, 0x2c, 0xd3, 0x66, 0x38, 0x81,
    0x68, 0xe2, 0x8, 0x35, 0x62, 0xef, 0x64, 0xa6,
    0xa5, 0x88, 0x0, 0xd8, 0x0, 0x22, 0xe0,

    /* U+0160 "Š" */
    0x2, 0x83, 0x80, 0x1, 0x7, 0xc0, 0x5, 0x18,
    0x1, 0x2e, 0x6f, 0x29, 0x5e, 0xeb, 0x90, 0x0,
    0x20, 0x1, 0x29, 0xd6, 0x0, 0x9f, 0x3f, 0x48,
    0x0, 0x33, 0x70, 0x44, 0x0, 0x8, 0x3, 0xfb,
    0x75, 0x60,

    /* U+0161 "š" */
    0x1a, 0x19, 0x1, 0xfc, 0x80, 0x2, 0xe8, 0x80,
    0x27, 0x34, 0xd0, 0xb3, 0x4d, 0x98, 0xe2, 0x5,
    0xa3, 0x88, 0x20, 0xd5, 0x8b, 0xb9, 0x89,

    /* U+0162 "Ţ" */
    0xad, 0xef, 0xdd, 0xd, 0x6d, 0xae, 0xe8, 0x40,
    0x3f, 0xfc, 0x9, 0x60, 0x1c, 0x50, 0x40, 0x19,
    0xcd, 0x80, 0x0,

    /* U+0163 "ţ" */
    0x6, 0x20, 0x6, 0xb0, 0x4a, 0x4c, 0xc9, 0x32,
    0x0, 0xfe, 0x11, 0x0, 0x3a, 0xa4, 0x11, 0x64,
    0x0, 0x4c, 0x1, 0x60,

    /* U+0164 "Ť" */
    0x2, 0x83, 0x70, 0x8, 0x83, 0xdc, 0x3, 0x46,
    0x0, 0x55, 0xbd, 0xfb, 0xa1, 0xad, 0xb5, 0xdd,
    0x8, 0x7, 0xff, 0x78,

    /* U+0165 "ť" */
    0x5, 0x20, 0x86, 0xe, 0x60, 0xc6, 0x94, 0x99,
    0x20, 0x4a, 0x4c, 0x80, 0x3f, 0xf8, 0x62, 0x20,
    0xd, 0xd1, 0x20, 0x0,

    /* U+0166 "Ŧ" */
    0xad, 0xef, 0xdd, 0xd, 0x6d, 0xae, 0xe8, 0x40,
    0x3f, 0x5d, 0x97, 0x84, 0x1, 0x76, 0x5e, 0x10,
    0xf, 0xfe, 0x50,

    /* U+0167 "ŧ" */
    0x6, 0x20, 0x6, 0xb0, 0x4a, 0x4c, 0xc9, 0x32,
    0x85, 0x98, 0x82, 0xcc, 0x0, 0x77, 0x4c, 0x80,

    /* U+0168 "Ũ" */
    0x4, 0xa2, 0x80, 0x8, 0xea, 0xc0, 0x33, 0x84,
    0xc0, 0x3, 0xc0, 0x35, 0xa0, 0x7, 0xff, 0x3d,
    0xc4, 0x40, 0x13, 0xa, 0x40, 0x1, 0x40, 0xac,
    0xfb, 0x7b, 0xc0,

    /* U+0169 "ũ" */
    0x4, 0xab, 0xa1, 0x4, 0xab, 0xa1, 0x2c, 0x0,
    0x16, 0x80, 0x7f, 0xf0, 0x44, 0x3, 0x11, 0x80,
    0x10, 0x1, 0x19, 0x3c, 0x0,

    /* U+016A "Ū" */
    0x3, 0xaa, 0x28, 0x4, 0x75, 0x45, 0x0, 0x78,
    0x6, 0xb4, 0x0, 0xff, 0xe7, 0xb8, 0x88, 0x2,
    0x61, 0x48, 0x0, 0x28, 0x15, 0x9f, 0x6f, 0x78,
    0x0,

    /* U+016B "ū" */
    0x1, 0xaa, 0x38, 0x0, 0x6a, 0x8e, 0x5, 0x80,
    0x2, 0xd0, 0xf, 0xfe, 0x8, 0x80, 0x62, 0x30,
    0x2, 0x0, 0x23, 0x27, 0x80,

    /* U+016C "Ŭ" */
    0x3, 0x10, 0x40, 0x8, 0xa2, 0x58, 0x2, 0x19,
    0x91, 0x0, 0x3c, 0x3, 0x5a, 0x0, 0x7f, 0xf3,
    0xdc, 0x44, 0x1, 0x30, 0xa4, 0x0, 0x14, 0xa,
    0xcf, 0xb7, 0xbc, 0x0,

    /* U+016D "ŭ" */
    0x1, 0x88, 0x30, 0x0, 0x62, 0xc, 0x5, 0x80,
    0x2, 0xd0, 0xf, 0xfe, 0x8, 0x80, 0x62, 0x30,
    0x2, 0x0, 0x23, 0x27, 0x80,

    /* U+016E "Ů" */
    0x0, 0x3b, 0x80, 0x31, 0x8, 0x8c, 0x2, 0x21,
    0x11, 0x80, 0x67, 0x70, 0x5, 0xe0, 0x1a, 0xd0,
    0x3, 0xff, 0x9e, 0xe2, 0x20, 0x9, 0x85, 0x20,
    0x0, 0xa0, 0x56, 0x7d, 0xbd, 0xe0,

    /* U+016F "ů" */
    0x0, 0x2c, 0x10, 0x5, 0x92, 0xa0, 0x16, 0x4b,
    0x1, 0x62, 0xc1, 0xe8, 0x7, 0xff, 0x4, 0x40,
    0x31, 0x18, 0x1, 0x0, 0x11, 0x93, 0xc0,

    /* U+0170 "Ű" */
    0x0, 0x33, 0x28, 0x3, 0x8, 0x58, 0x6, 0x76,
    0x10, 0x7, 0x80, 0x6b, 0x40, 0xf, 0xfe, 0x7b,
    0x88, 0x80, 0x26, 0x14, 0x80, 0x2, 0x81, 0x59,
    0xf6, 0xf7, 0x80,

    /* U+0171 "ű" */
    0x0, 0x1b, 0xd0, 0x80, 0x10, 0xa0, 0x40, 0xe,
    0xa4, 0x5, 0x80, 0x2, 0xd0, 0xf, 0xfe, 0x8,
    0x80, 0x62, 0x30, 0x2, 0x0, 0x23, 0x27, 0x80,

    /* U+0172 "Ų" */
    0xf0, 0xd, 0x68, 0x1, 0xff, 0xcf, 0x71, 0x10,
    0x4, 0xc2, 0x90, 0x0, 0x50, 0x2b, 0x3e, 0xfe,
    0xf0, 0x1a, 0xa4, 0xd9, 0x0, 0x6f, 0x0, 0x80,

    /* U+0173 "ų" */
    0x2c, 0x0, 0x16, 0x80, 0x7f, 0xf0, 0x44, 0x3,
    0x11, 0x80, 0x10, 0x1, 0x19, 0x3c, 0x0, 0x6c,
    0x9e, 0x90, 0xc, 0x24,

    /* U+0174 "Ŵ" */
    0x0, 0xc3, 0x8c, 0x1, 0xfd, 0x3d, 0x82, 0x1,
    0xfa, 0xa, 0x84, 0x3, 0x5b, 0x0, 0x5c, 0xa0,
    0x2, 0xe0, 0xdc, 0x0, 0x18, 0x60, 0x1, 0x1c,
    0x1d, 0x0, 0x17, 0x2e, 0x0, 0xdc, 0x1, 0x24,
    0x5, 0x62, 0x20, 0x2a, 0x80, 0x17, 0x84, 0x22,
    0x45, 0x45, 0x0, 0x95, 0x49, 0x61, 0x76, 0xcd,
    0x0, 0x88, 0x29, 0x0, 0xc9, 0x50, 0x3, 0x29,
    0x18, 0x1, 0xc0, 0x80, 0x0,

    /* U+0175 "ŵ" */
    0x0, 0x93, 0x48, 0x3, 0xdb, 0xab, 0x0, 0xf4,
    0x84, 0x80, 0x56, 0x80, 0x5e, 0x0, 0x86, 0xdd,
    0x2, 0x92, 0x2, 0xbb, 0x90, 0x32, 0x34, 0x47,
    0x8c, 0x15, 0x49, 0x60, 0x4, 0x8d, 0x7, 0xe5,
    0x0, 0x5a, 0x38, 0x6a, 0x90, 0x0,

    /* U+0176 "Ŷ" */
    0x0, 0x2e, 0x88, 0x4, 0x3f, 0x90, 0x1, 0xd,
    0xc, 0x80, 0x29, 0xc0, 0x2c, 0x4b, 0x91, 0x4,
    0x74, 0x16, 0x90, 0x98, 0x0, 0x4b, 0x3b, 0x8c,
    0x0, 0x33, 0x16, 0x1, 0x90, 0xc4, 0x3, 0xff,
    0x88,

    /* U+0177 "ŷ" */
    0x0, 0x55, 0x0, 0x24, 0xef, 0x50, 0x2, 0x21,
    0x54, 0x16, 0xa0, 0x6, 0x8e, 0xf0, 0x5, 0x51,
    0x50, 0x8, 0x8, 0x1d, 0x6a, 0x80, 0xa, 0xf4,
    0x60, 0x1, 0xb2, 0x80, 0x67, 0xa0, 0x8, 0xdc,
    0xc0, 0x13, 0xdc, 0x0, 0x80,

    /* U+0178 "Ÿ" */
    0x4, 0x90, 0xc0, 0x9, 0x24, 0x30, 0x1, 0x4e,
    0x1, 0x62, 0x5c, 0x88, 0x23, 0xa0, 0xb4, 0x84,
    0xc0, 0x2, 0x59, 0xdc, 0x60, 0x1, 0x98, 0xb0,
    0xc, 0x86, 0x20, 0x1f, 0xfc, 0x40,

    /* U+0179 "Ź" */
    0x0, 0x8e, 0xc0, 0x3a, 0x28, 0x3, 0xac, 0x40,
    0xb, 0xbb, 0xbd, 0x97, 0x76, 0xb5, 0x60, 0x8,
    0xae, 0xc0, 0x1b, 0xa4, 0x40, 0x28, 0x44, 0x0,
    0x46, 0x90, 0x1, 0xbb, 0x80, 0x1a, 0x4b, 0x3b,
    0xa6,

    /* U+017A "ź" */
    0x0, 0x15, 0x80, 0x6b, 0xa0, 0xd, 0x22, 0x0,
    0x5c, 0xc6, 0xf0, 0x2e, 0x61, 0xa8, 0x2, 0x73,
    0x40, 0x1, 0xdc, 0x0, 0x7, 0xb8, 0x1, 0x59,
    0xf6, 0x60, 0x40,

    /* U+017B "Ż" */
    0x0, 0xb4, 0x3, 0xda, 0x1, 0x2e, 0xee, 0xf6,
    0x5d, 0xda, 0xd5, 0x80, 0x22, 0xbb, 0x0, 0x6e,
    0x91, 0x0, 0xa1, 0x10, 0x1, 0x1a, 0x40, 0x6,
    0xee, 0x0, 0x69, 0x2c, 0xee, 0x98,

    /* U+017C "ż" */
    0x0, 0x4a, 0x0, 0x69, 0x40, 0x2, 0xe6, 0x37,
    0x81, 0x73, 0xd, 0x40, 0x13, 0x9a, 0x0, 0xe,
    0xe0, 0x0, 0x3d, 0xc0, 0xa, 0xcf, 0xb3, 0x2,

    /* U+017D "Ž" */
    0x0, 0x48, 0xd0, 0x6, 0x8c, 0xf0, 0xc, 0x3a,
    0xa0, 0x5, 0xdd, 0xde, 0xcb, 0xbb, 0x5a, 0xb0,
    0x4, 0x57, 0x60, 0xd, 0xd2, 0x20, 0x14, 0x22,
    0x0, 0x23, 0x48, 0x0, 0xdd, 0xc0, 0xd, 0x25,
    0x9d, 0xd3, 0x0,

    /* U+017E "ž" */
    0x5, 0x53, 0xa0, 0x1, 0x73, 0xd0, 0x2, 0x98,
    0x0, 0x2e, 0x63, 0x78, 0x17, 0x30, 0xd4, 0x1,
    0x39, 0xa0, 0x0, 0xee, 0x0, 0x3, 0xdc, 0x0,
    0xac, 0xfb, 0x30, 0x20,

    /* U+017F "ſ" */
    0x5, 0xd7, 0xb, 0xc7, 0x1, 0x10, 0x7, 0xff,
    0x34,

    /* U+01A0 "Ơ" */
    0x0, 0xfc, 0x84, 0x1, 0xfb, 0x18, 0x0, 0xfb,
    0xdf, 0xd8, 0x48, 0x15, 0x98, 0xef, 0x72, 0xa0,
    0x24, 0xb1, 0x0, 0x49, 0xa8, 0x22, 0x0, 0x39,
    0x8, 0x3, 0xf8, 0x41, 0x50, 0x3, 0x91, 0x0,
    0x69, 0x42, 0x3, 0x2e, 0x40, 0xa, 0x2f, 0xec,
    0x1a, 0x0, 0x0,

    /* U+01A1 "ơ" */
    0x0, 0xf3, 0x0, 0x7a, 0xc0, 0xf3, 0x1f, 0xeb,
    0x1d, 0xec, 0xe1, 0x44, 0x39, 0x0, 0xba, 0x0,
    0x7c, 0x8e, 0x40, 0x28, 0xe3, 0x5d, 0x9b, 0x22,

    /* U+01A2 "Ƣ" */
    0x0, 0x3e, 0xf6, 0xff, 0x6f, 0x40, 0x4e, 0x63,
    0xb5, 0x6f, 0x64, 0x9, 0xec, 0x40, 0x3e, 0x44,
    0x0, 0x7f, 0xf2, 0x15, 0xc0, 0x3f, 0x8d, 0xa4,
    0x3, 0xfa, 0xc7, 0x6e, 0xc0, 0xe0, 0x10,

    /* U+01A3 "ƣ" */
    0x3, 0xbc, 0xde, 0xce, 0x81, 0xd9, 0xce, 0x5c,
    0x90, 0x44, 0x10, 0x7, 0xc6, 0x1, 0xf2, 0x20,
    0x40, 0x3c, 0x33, 0x54, 0xf3, 0x0, 0x80,

    /* U+01A4 "Ƥ" */
    0x1b, 0xef, 0xdd, 0x48, 0x31, 0x43, 0x6e, 0x8e,
    0x16, 0x80, 0x37, 0x91, 0xc, 0x2, 0x1e, 0xc0,
    0x9, 0xf7, 0x66, 0x0, 0x9f, 0x71, 0x80, 0x3f,
    0xf8, 0xa0,

    /* U+01A5 "ƥ" */
    0x6, 0xd7, 0x0, 0xd1, 0xae, 0x1, 0x84, 0x3,
    0xe6, 0xcd, 0x70, 0xd, 0x98, 0xa3, 0x0, 0x30,
    0xa, 0xa0, 0x7, 0x8, 0x80, 0xa, 0x2, 0xe8,
    0x0, 0xdc, 0xc5, 0x90, 0x2, 0x33, 0x54, 0x3,
    0xff, 0x86,

    /* U+01A6 "Ʀ" */
    0xe1, 0x0, 0xef, 0xed, 0x50, 0x7, 0xf7, 0xd0,
    0x80, 0x42, 0x30, 0x7f, 0xa3, 0x40, 0x1f, 0x6a,
    0x60, 0x12, 0x21, 0xc0, 0x34, 0xc8, 0x38, 0x40,
    0xc9, 0x40,

    /* U+01A7 "Ƨ" */
    0xd, 0xed, 0x90, 0x6, 0x76, 0x9b, 0x80, 0x80,
    0xb, 0xc0, 0x7, 0x67, 0x21, 0x3f, 0xeb, 0x15,
    0x56, 0x20, 0x0, 0x40, 0x31, 0xa5, 0xef, 0x71,
    0x0,

    /* U+01A8 "ƨ" */
    0x2d, 0xca, 0x2, 0xdc, 0x36, 0x1, 0x77, 0x21,
    0xe0, 0x79, 0x2a, 0x38, 0x89, 0xcf, 0x35, 0x0,

    /* U+01A9 "Ʃ" */
    0x6f, 0xee, 0x9d, 0x92, 0x3b, 0x8e, 0x15, 0x4,
    0x1, 0xd, 0x78, 0x6, 0x37, 0x0, 0x8e, 0xac,
    0x0, 0x3d, 0xc1, 0x0, 0x41, 0x76, 0xeb, 0x0,

    /* U+01AA "ƪ" */
    0x5d, 0xb0, 0x7, 0x48, 0xa0, 0x7c, 0xa0, 0x82,
    0x6b, 0x80, 0x7f, 0xf5, 0xcc, 0x2, 0xa8, 0xa0,

    /* U+01AB "ƫ" */
    0x6, 0x20, 0x6, 0xb0, 0x4a, 0x4c, 0xc9, 0x32,
    0x0, 0xfe, 0x11, 0x0, 0x3a, 0xe8, 0x13, 0x44,
    0x1b, 0xe0,

    /* U+01AC "Ƭ" */
    0x9, 0xde, 0xfd, 0xd0, 0x9a, 0xed, 0xae, 0xe8,
    0x4a, 0x0, 0x3c, 0x28, 0x1, 0xff, 0xda,

    /* U+01AD "ƭ" */
    0x3, 0xd9, 0x9, 0x89, 0x1, 0x10, 0x4a, 0x4c,
    0xc9, 0x32, 0x0, 0xfe, 0x11, 0x0, 0x3a, 0x24,

    /* U+01AE "Ʈ" */
    0xad, 0xef, 0xdd, 0xd, 0x6d, 0xae, 0xe8, 0x40,
    0x3f, 0xfc, 0xc, 0xe0, 0x1c, 0x69, 0xa8, 0x0,

    /* U+01AF "Ư" */
    0x0, 0xf1, 0x50, 0x7, 0x98, 0xfc, 0x3, 0x5f,
    0x40, 0x7, 0xb8, 0x40, 0x3f, 0xf9, 0x4e, 0x2,
    0x20, 0x9, 0x84, 0x12, 0x0, 0xa, 0x4, 0x16,
    0x7d, 0xbd, 0xe0, 0x0,

    /* U+01B0 "ư" */
    0x0, 0xf2, 0x80, 0x7d, 0x22, 0x58, 0x0, 0x2f,
    0xa1, 0x0, 0xe2, 0x60, 0xf, 0xf0, 0x80, 0x78,
    0x8c, 0x0, 0x80, 0x1a, 0x32, 0x78, 0x2,

    /* U+1EA0 "Ạ" */
    0x0, 0xb6, 0x40, 0x39, 0x19, 0xc0, 0x3b, 0xb8,
    0x8c, 0x1, 0xa, 0x2f, 0x50, 0x4, 0xce, 0x8,
    0x46, 0x0, 0xa7, 0xee, 0xd, 0x2, 0x7, 0x75,
    0xac, 0x1d, 0x60, 0x11, 0x23, 0x53, 0x0, 0x6b,
    0x60, 0x9, 0x98, 0x1, 0xe6, 0x60, 0x4,

    /* U+1EA1 "ạ" */
    0x9, 0xdd, 0x40, 0x2, 0xb7, 0x4a, 0x40, 0x2f,
    0x26, 0xc7, 0xe5, 0x6a, 0xa, 0x8a, 0x4a, 0xe,
    0xb5, 0x2a, 0x3, 0x95, 0x36, 0x80, 0x4, 0x80,
    0xc, 0x90, 0x0,

    /* U+1EA2 "Ả" */
    0x0, 0x99, 0xc0, 0x3e, 0x20, 0xf, 0x32, 0x80,
    0x7b, 0x64, 0x3, 0x91, 0x9c, 0x3, 0xbb, 0x88,
    0xc0, 0x10, 0xa2, 0xf5, 0x0, 0x4c, 0xe0, 0x84,
    0x60, 0xa, 0x7e, 0xe0, 0xd0, 0x20, 0x77, 0x5a,
    0xc1, 0xd6, 0x1, 0x12, 0x30,

    /* U+1EA3 "ả" */
    0x0, 0x2c, 0x80, 0x66, 0xe0, 0xc, 0x6e, 0x1,
    0x4e, 0xea, 0x0, 0x15, 0xba, 0x52, 0x1, 0x79,
    0x36, 0x3f, 0x2b, 0x50, 0x54, 0x52, 0x50, 0x75,
    0xa9, 0x50,

    /* U+1EA4 "Ấ" */
    0x0, 0xf3, 0x0, 0x66, 0x38, 0x20, 0x9, 0x8e,
    0x69, 0x0, 0x26, 0x5a, 0x20, 0xe, 0xd9, 0x0,
    0xe4, 0x67, 0x0, 0xee, 0xe2, 0x30, 0x4, 0x28,
    0xbd, 0x40, 0x13, 0x38, 0x21, 0x18, 0x2, 0x9f,
    0xb8, 0x34, 0x8, 0x1d, 0xd6, 0xb0, 0x75, 0x80,
    0x44, 0x8c,

    /* U+1EA5 "ấ" */
    0x0, 0xe5, 0x20, 0xc, 0x32, 0x40, 0x9, 0xa7,
    0xe0, 0x0, 0xcd, 0x21, 0x0, 0x23, 0x75, 0x40,
    0x15, 0x6e, 0x94, 0x80, 0x2, 0xf2, 0x6c, 0x7,
    0xe5, 0x6a, 0x0, 0x54, 0x52, 0x50, 0x3, 0xad,
    0x4a, 0x80, 0x0,

    /* U+1EA6 "Ầ" */
    0x25, 0x0, 0xf1, 0x61, 0xb1, 0x80, 0x69, 0x50,
    0xa1, 0x0, 0xcc, 0xc9, 0x10, 0xe, 0xd9, 0x0,
    0xe4, 0x67, 0x0, 0xee, 0xe2, 0x30, 0x4, 0x28,
    0xbd, 0x40, 0x13, 0x38, 0x21, 0x18, 0x2, 0x9f,
    0xb8, 0x34, 0x8, 0x1d, 0xd6, 0xb0, 0x75, 0x80,
    0x44, 0x8c,

    /* U+1EA7 "ầ" */
    0x7, 0x0, 0xf9, 0x80, 0x39, 0xc2, 0x68, 0x80,
    0x27, 0x8a, 0x30, 0xa, 0x33, 0x64, 0x2, 0xad,
    0xd2, 0x90, 0x0, 0x5e, 0x4d, 0x80, 0xfc, 0xad,
    0x40, 0xa, 0x8a, 0x4a, 0x0, 0x75, 0xa9, 0x50,

    /* U+1EA8 "Ẩ" */
    0x0, 0xe9, 0x50, 0xd, 0x6e, 0x2c, 0x1, 0x2c,
    0x8d, 0x18, 0x4, 0xa4, 0xc4, 0x1, 0xdb, 0x20,
    0x1c, 0x8c, 0xe0, 0x1d, 0xdc, 0x46, 0x0, 0x85,
    0x17, 0xa8, 0x2, 0x67, 0x4, 0x23, 0x0, 0x53,
    0xf7, 0x6, 0x81, 0x3, 0xba, 0xd6, 0xe, 0xb0,
    0x8, 0x91, 0x80,

    /* U+1EA9 "ẩ" */
    0x0, 0xce, 0xe0, 0x5, 0xd8, 0x50, 0xe, 0x64,
    0xa6, 0x6, 0x44, 0x30, 0x4, 0xee, 0xa0, 0x1,
    0x5b, 0xa5, 0x20, 0x17, 0x93, 0x63, 0xf2, 0xb5,
    0x5, 0x45, 0x25, 0x7, 0x5a, 0x95, 0x0,

    /* U+1EAA "Ẫ" */
    0x0, 0x4d, 0x51, 0x40, 0x34, 0xef, 0x28, 0x6,
    0x60, 0xf1, 0x0, 0xce, 0xeb, 0x10, 0xc, 0x3b,
    0x20, 0x1c, 0x8c, 0xe0, 0x1d, 0xdc, 0x46, 0x0,
    0x85, 0x17, 0xa8, 0x2, 0x67, 0x4, 0x23, 0x0,
    0x53, 0xf7, 0x6, 0x81, 0x3, 0xba, 0xd6, 0xe,
    0xb0, 0x8, 0x91, 0x80,

    /* U+1EAB "ẫ" */
    0x5, 0xab, 0x80, 0x2, 0xd5, 0xc0, 0x5, 0x34,
    0x40, 0x1, 0x9a, 0x0, 0xa3, 0x75, 0x40, 0xa,
    0xdd, 0x29, 0x0, 0xbc, 0x9b, 0x1f, 0x95, 0xa8,
    0x2a, 0x29, 0x28, 0x3a, 0xd4, 0xa8, 0x0,

    /* U+1EAC "Ậ" */
    0x0, 0xb1, 0xc0, 0x3a, 0x3b, 0x84, 0x1, 0xa0,
    0xa4, 0x80, 0x3b, 0x64, 0x3, 0x91, 0x9c, 0x3,
    0xbb, 0x88, 0xc0, 0x10, 0xa2, 0xf5, 0x0, 0x4c,
    0xe0, 0x84, 0x60, 0xa, 0x7e, 0xe0, 0xd0, 0x20,
    0x77, 0x5a, 0xc1, 0xd6, 0x1, 0x12, 0x35, 0x30,
    0x6, 0xb6, 0x0, 0x99, 0x80, 0x1e, 0x66, 0x0,
    0x40,

    /* U+1EAD "ậ" */
    0x0, 0x4d, 0x80, 0x49, 0xfc, 0xc0, 0x4, 0x65,
    0x60, 0x4, 0xee, 0xa0, 0x1, 0x5b, 0xa5, 0x20,
    0x17, 0x93, 0x63, 0xf2, 0xb5, 0x5, 0x45, 0x25,
    0x7, 0x5a, 0x95, 0x1, 0xca, 0x9b, 0x40, 0x2,
    0x40, 0x6, 0x48, 0x0, 0x0,

    /* U+1EAE "Ắ" */
    0x0, 0xcc, 0x1, 0xca, 0x67, 0x0, 0x61, 0x8f,
    0x20, 0xc, 0x97, 0x42, 0x1, 0xdb, 0x20, 0x1c,
    0x8c, 0xe0, 0x1d, 0xdc, 0x46, 0x0, 0x85, 0x17,
    0xa8, 0x2, 0x67, 0x4, 0x23, 0x0, 0x53, 0xf7,
    0x6, 0x81, 0x3, 0xba, 0xd6, 0xe, 0xb0, 0x8,
    0x91, 0x80,

    /* U+1EAF "ắ" */
    0x0, 0x90, 0xc0, 0x21, 0xf3, 0x0, 0x15, 0x8a,
    0x80, 0xa, 0xa8, 0xa0, 0x9, 0xdd, 0x40, 0x2,
    0xb7, 0x4a, 0x40, 0x2f, 0x26, 0xc7, 0xe5, 0x6a,
    0xa, 0x8a, 0x4a, 0xe, 0xb5, 0x2a, 0x0,

    /* U+1EB0 "Ằ" */
    0x0, 0x12, 0x0, 0x79, 0xc4, 0xcc, 0x1, 0x9b,
    0xe4, 0x80, 0x31, 0xd5, 0x4, 0x3, 0xb6, 0x40,
    0x39, 0x19, 0xc0, 0x3b, 0xb8, 0x8c, 0x1, 0xa,
    0x2f, 0x50, 0x4, 0xce, 0x8, 0x46, 0x0, 0xa7,
    0xee, 0xd, 0x2, 0x7, 0x75, 0xac, 0x1d, 0x60,
    0x11, 0x23, 0x0,

    /* U+1EB1 "ằ" */
    0x0, 0x30, 0x7, 0x1b, 0x80, 0x43, 0x9a, 0xc0,
    0x1, 0x9a, 0x60, 0x4, 0xee, 0xa0, 0x1, 0x5b,
    0xa5, 0x20, 0x17, 0x93, 0x63, 0xf2, 0xb5, 0x5,
    0x45, 0x25, 0x7, 0x5a, 0x95, 0x0,

    /* U+1EB2 "Ẳ" */
    0x0, 0x99, 0xc0, 0x3c, 0xd6, 0x1, 0xc6, 0xb4,
    0x40, 0x19, 0xfb, 0x0, 0x39, 0x2e, 0x88, 0x3,
    0xb6, 0x40, 0x39, 0x19, 0xc0, 0x3b, 0xb8, 0x8c,
    0x1, 0xa, 0x2f, 0x50, 0x4, 0xce, 0x8, 0x46,
    0x0, 0xa7, 0xee, 0xd, 0x2, 0x7, 0x75, 0xac,
    0x1d, 0x60, 0x11, 0x23, 0x0,

    /* U+1EB3 "ẳ" */
    0x0, 0x24, 0x80, 0x64, 0x32, 0x0, 0x88, 0x8,
    0x0, 0x56, 0xa, 0x0, 0x29, 0xa5, 0x0, 0x4e,
    0xea, 0x0, 0x15, 0xba, 0x52, 0x1, 0x79, 0x36,
    0x3f, 0x2b, 0x50, 0x54, 0x52, 0x50, 0x75, 0xa9,
    0x50,

    /* U+1EB4 "Ẵ" */
    0x0, 0x45, 0x51, 0x40, 0x37, 0x54, 0x88, 0x6,
    0x5b, 0x94, 0x0, 0xc7, 0x74, 0x1, 0xed, 0x90,
    0xe, 0x46, 0x70, 0xe, 0xee, 0x23, 0x0, 0x42,
    0x8b, 0xd4, 0x1, 0x33, 0x82, 0x11, 0x80, 0x29,
    0xfb, 0x83, 0x40, 0x81, 0xdd, 0x6b, 0x7, 0x58,
    0x4, 0x48, 0xc0,

    /* U+1EB5 "ẵ" */
    0x5, 0xab, 0x80, 0x2, 0xd5, 0xc0, 0x0, 0xa6,
    0x94, 0x0, 0x53, 0x4a, 0x0, 0x9d, 0xd4, 0x0,
    0x2b, 0x74, 0xa4, 0x2, 0xf2, 0x6c, 0x7e, 0x56,
    0xa0, 0xa8, 0xa4, 0xa0, 0xeb, 0x52, 0xa0,

    /* U+1EB6 "Ặ" */
    0x0, 0x28, 0x11, 0x80, 0x66, 0x9a, 0x30, 0xc,
    0x73, 0x0, 0x1e, 0xd9, 0x0, 0xe4, 0x67, 0x0,
    0xee, 0xe2, 0x30, 0x4, 0x28, 0xbd, 0x40, 0x13,
    0x38, 0x21, 0x18, 0x2, 0x9f, 0xb8, 0x34, 0x8,
    0x1d, 0xd6, 0xb0, 0x75, 0x80, 0x44, 0x8d, 0x4c,
    0x1, 0xad, 0x80, 0x26, 0x60, 0x7, 0x99, 0x80,
    0x10,

    /* U+1EB7 "ặ" */
    0x3, 0x88, 0x20, 0x0, 0xe2, 0x8, 0x0, 0x9d,
    0xd4, 0x0, 0x2b, 0x74, 0xa4, 0x2, 0xf2, 0x6c,
    0x7e, 0x56, 0xa0, 0xa8, 0xa4, 0xa0, 0xeb, 0x52,
    0xa0, 0x39, 0x53, 0x68, 0x0, 0x48, 0x0, 0xc9,
    0x0, 0x0,

    /* U+1EB8 "Ẹ" */
    0xed, 0xd9, 0x43, 0x37, 0x4a, 0x1, 0xec, 0xdd,
    0x8, 0x66, 0xe8, 0x40, 0x3f, 0xef, 0xee, 0x3f,
    0x76, 0x70, 0x6, 0x0, 0x6c, 0x0, 0x0,

    /* U+1EB9 "ẹ" */
    0x4, 0xcc, 0x58, 0x8a, 0x33, 0x1b, 0x8, 0x59,
    0x8a, 0x20, 0x4c, 0xca, 0xdd, 0x8, 0x4, 0x89,
    0x7f, 0x9a, 0x20, 0xbb, 0x98, 0x30, 0xb, 0x0,
    0x3b, 0x0, 0x0,

    /* U+1EBA "Ẻ" */
    0x3, 0x91, 0x0, 0x10, 0x8, 0x0, 0x64, 0x1,
    0xdb, 0xb2, 0x86, 0x6e, 0x94, 0x3, 0xd9, 0xba,
    0x10, 0xcd, 0xd0, 0x80, 0x7f, 0xdf, 0xdc, 0x70,

    /* U+1EBB "ẻ" */
    0x0, 0x1d, 0x8, 0x4, 0x46, 0x20, 0x10, 0xc8,
    0x4, 0x99, 0x8b, 0x11, 0x46, 0x63, 0x61, 0xb,
    0x31, 0x44, 0x9, 0x99, 0x5b, 0xa1, 0x0, 0x91,
    0x2f, 0xf3, 0x44,

    /* U+1EBC "Ẽ" */
    0x3a, 0xb9, 0x13, 0xab, 0x91, 0xed, 0xd9, 0x43,
    0x37, 0x4a, 0x1, 0xec, 0xdd, 0x8, 0x66, 0xe8,
    0x40, 0x3f, 0xef, 0xee, 0x38,

    /* U+1EBD "ẽ" */
    0x5, 0xab, 0xa0, 0x2, 0xd5, 0xd0, 0x1, 0x33,
    0x16, 0x22, 0x8c, 0xc6, 0xc2, 0x16, 0x62, 0x88,
    0x13, 0x32, 0xb7, 0x42, 0x1, 0x22, 0x5f, 0xe6,
    0x88,

    /* U+1EBE "Ế" */
    0x2, 0x71, 0xa2, 0x8, 0x29, 0xa2, 0xa, 0x58,
    0x0, 0x76, 0xec, 0xa0, 0xc, 0xdd, 0x28, 0x7,
    0xec, 0xdd, 0x8, 0x3, 0x37, 0x42, 0x1, 0xff,
    0xc2, 0xfe, 0xe3, 0x80,

    /* U+1EBF "ế" */
    0x0, 0xe4, 0x20, 0xc, 0x30, 0x40, 0x9, 0xa7,
    0xe0, 0xa, 0x29, 0x8, 0x0, 0x9b, 0x92, 0x20,
    0x31, 0x98, 0xd8, 0x4, 0x2c, 0xc5, 0x10, 0x1,
    0x33, 0x2b, 0x7, 0x42, 0x1, 0x20, 0x2b, 0xfc,
    0xd1, 0x0,

    /* U+1EC0 "Ề" */
    0x51, 0x0, 0xcf, 0x62, 0xe0, 0x2, 0xab, 0x38,
    0x0, 0xa9, 0x20, 0x1, 0xdb, 0xb2, 0x80, 0x33,
    0x74, 0xa0, 0x1f, 0xb3, 0x74, 0x20, 0xc, 0xdd,
    0x8, 0x7, 0xff, 0xb, 0xfb, 0x8e,

    /* U+1EC1 "ề" */
    0x61, 0x0, 0xc5, 0x0, 0x19, 0x32, 0x29, 0x40,
    0xb, 0x34, 0xe0, 0x4, 0xdc, 0x91, 0x14, 0x66,
    0x36, 0x10, 0xb3, 0x14, 0x40, 0x99, 0x95, 0xba,
    0x10, 0x9, 0x12, 0xff, 0x34, 0x40,

    /* U+1EC2 "Ể" */
    0x0, 0x92, 0x44, 0x13, 0x0, 0x44, 0x7, 0xa7,
    0x0, 0x7, 0x17, 0x0, 0x76, 0xec, 0xa0, 0xc,
    0xdd, 0x28, 0x7, 0xec, 0xdd, 0x8, 0x3, 0x37,
    0x42, 0x1, 0xff, 0xc2, 0xfe, 0xe3, 0x80,

    /* U+1EC3 "ể" */
    0x0, 0xc7, 0x24, 0x0, 0x5d, 0x6e, 0x20, 0xb,
    0x4d, 0xc0, 0x25, 0x6, 0x0, 0x93, 0x31, 0x62,
    0x3, 0x19, 0x8d, 0x80, 0x42, 0xcc, 0x51, 0x0,
    0x13, 0x32, 0xb0, 0x74, 0x20, 0x12, 0x2, 0xbf,
    0xcd, 0x10,

    /* U+1EC4 "Ễ" */
    0x4a, 0xb9, 0x4, 0x83, 0x90, 0x4, 0x74, 0x0,
    0x29, 0xa0, 0x3b, 0x76, 0x50, 0xcd, 0xd2, 0x80,
    0x7b, 0x37, 0x42, 0x19, 0xba, 0x10, 0xf, 0xfb,
    0xfb, 0x8e,

    /* U+1EC5 "ễ" */
    0x4, 0xab, 0x90, 0x2, 0x55, 0xc8, 0x5, 0x14,
    0x80, 0x14, 0xd3, 0x0, 0x13, 0x72, 0x44, 0x51,
    0x98, 0xd8, 0x42, 0xcc, 0x51, 0x2, 0x66, 0x56,
    0xe8, 0x40, 0x24, 0x4b, 0xfc, 0xd1,

    /* U+1EC6 "Ệ" */
    0x6, 0xd1, 0x1, 0xff, 0x40, 0xc, 0x94, 0x87,
    0x6e, 0xca, 0x19, 0xba, 0x50, 0xf, 0x66, 0xe8,
    0x43, 0x37, 0x42, 0x1, 0xff, 0x7f, 0x71, 0xfb,
    0xb3, 0x80, 0xe0, 0x4, 0x38, 0x0,

    /* U+1EC7 "ệ" */
    0x0, 0x3e, 0x0, 0x45, 0xfd, 0x0, 0x2, 0x82,
    0x80, 0x2, 0x66, 0x2c, 0x45, 0x19, 0x8d, 0x84,
    0x2c, 0xc5, 0x10, 0x26, 0x65, 0x6e, 0x84, 0x2,
    0x44, 0xbf, 0xcd, 0x10, 0x5d, 0xcc, 0x18, 0x0,
    0x70, 0x3, 0xe, 0x0, 0x0,

    /* U+1EC8 "Ỉ" */
    0x9, 0x40, 0x3, 0x4, 0x90, 0x70, 0x80, 0x7f,
    0xf2, 0x40,

    /* U+1EC9 "ỉ" */
    0x19, 0x31, 0x2, 0x9, 0x10, 0xf0, 0xf, 0xfe,
    0x20,

    /* U+1ECA "Ị" */
    0xe1, 0x0, 0xff, 0xe1, 0x70, 0xe0, 0xe0, 0x80,

    /* U+1ECB "ị" */
    0xe, 0x0, 0x60, 0x0, 0x80, 0x1e, 0x1, 0xff,
    0xc5, 0xf0, 0x6, 0x0, 0x30, 0x0,

    /* U+1ECC "Ọ" */
    0x0, 0x3e, 0xf7, 0x24, 0x2, 0xac, 0xc7, 0x70,
    0x30, 0x9, 0x2c, 0x40, 0x12, 0x28, 0x90, 0x7,
    0x21, 0x80, 0x7f, 0x2a, 0x0, 0x72, 0x20, 0xd2,
    0x84, 0x6, 0x58, 0xc2, 0x8b, 0xfb, 0xc6, 0xc0,
    0x28, 0xee, 0xa0, 0x3, 0xda, 0x1, 0xfb, 0x40,
    0x30,

    /* U+1ECD "ọ" */
    0x3, 0xcc, 0x94, 0x7, 0x7b, 0x36, 0xc9, 0x1c,
    0x80, 0x5d, 0x0, 0x3e, 0x47, 0x20, 0x14, 0x71,
    0xae, 0xcd, 0x91, 0x4, 0xcc, 0x90, 0x3, 0x60,
    0x7, 0xb0, 0x2,

    /* U+1ECE "Ỏ" */
    0x0, 0xd2, 0x80, 0x1f, 0xb, 0x0, 0x7d, 0x4,
    0x1, 0xcf, 0xbd, 0xc9, 0x0, 0xab, 0x31, 0xdc,
    0xc, 0x2, 0x4b, 0x10, 0x4, 0x8a, 0x24, 0x1,
    0xc8, 0x60, 0x1f, 0xca, 0x80, 0x1c, 0x88, 0x34,
    0xa1, 0x1, 0x96, 0x30, 0xa2, 0xfe, 0xf1, 0xb0,

    /* U+1ECF "ỏ" */
    0x0, 0xc, 0xa0, 0x6, 0x10, 0x60, 0xe, 0x92,
    0x0, 0x8f, 0x32, 0x50, 0x1d, 0xec, 0xdb, 0x24,
    0x72, 0x1, 0x74, 0x0, 0xf9, 0x1c, 0x80, 0x51,
    0xc6, 0xbb, 0x36, 0x44,

    /* U+1ED0 "Ố" */
    0x0, 0xf1, 0x28, 0x7, 0x38, 0xc2, 0x0, 0x68,
    0x3b, 0xa1, 0x0, 0xd0, 0x94, 0x1, 0xcf, 0xbd,
    0xc9, 0x0, 0xab, 0x31, 0xdc, 0xc, 0x2, 0x4b,
    0x10, 0x4, 0x8a, 0x24, 0x1, 0xc8, 0x60, 0x1f,
    0xca, 0x80, 0x1c, 0x88, 0x34, 0xa1, 0x1, 0x96,
    0x30, 0xa2, 0xfe, 0xf1, 0xb0,

    /* U+1ED1 "ố" */
    0x0, 0xe1, 0x50, 0xe, 0x86, 0x0, 0x2d, 0x3e,
    0x18, 0x1, 0xe9, 0x94, 0x0, 0x7d, 0x9a, 0xa0,
    0x3b, 0xd9, 0xb6, 0x48, 0xe4, 0x2, 0xe8, 0x1,
    0xf2, 0x39, 0x0, 0xa3, 0x8d, 0x76, 0x6c, 0x88,

    /* U+1ED2 "Ồ" */
    0x4, 0x30, 0xf, 0x92, 0x5, 0xc4, 0x3, 0xae,
    0xe, 0x0, 0x3d, 0x29, 0x20, 0x1c, 0xfb, 0xdc,
    0x90, 0xa, 0xb3, 0x1d, 0xc0, 0xc0, 0x24, 0xb1,
    0x0, 0x48, 0xa2, 0x40, 0x1c, 0x86, 0x1, 0xfc,
    0xa8, 0x1, 0xc8, 0x83, 0x4a, 0x10, 0x19, 0x63,
    0xa, 0x2f, 0xef, 0x1b, 0x0,

    /* U+1ED3 "ồ" */
    0x43, 0x0, 0xe5, 0x80, 0xe, 0x1f, 0x7a, 0x70,
    0x9, 0x16, 0x98, 0x2, 0x3e, 0xcd, 0x50, 0x1d,
    0xec, 0xdb, 0x24, 0x72, 0x1, 0x74, 0x0, 0xf9,
    0x1c, 0x80, 0x51, 0xc6, 0xbb, 0x36, 0x44,

    /* U+1ED4 "Ổ" */
    0x0, 0xe2, 0x92, 0x0, 0xc7, 0x82, 0x4, 0x1,
    0x93, 0x52, 0x40, 0x39, 0xc5, 0xc0, 0x39, 0xf7,
    0xb9, 0x20, 0x15, 0x66, 0x3b, 0x81, 0x80, 0x49,
    0x62, 0x0, 0x91, 0x44, 0x80, 0x39, 0xc, 0x3,
    0xf9, 0x50, 0x3, 0x91, 0x6, 0x94, 0x20, 0x32,
    0xc6, 0x14, 0x5f, 0xde, 0x36, 0x0,

    /* U+1ED5 "ổ" */
    0x0, 0xc3, 0x26, 0x0, 0x3d, 0x71, 0x20, 0x3,
    0x69, 0xc0, 0x80, 0x14, 0x14, 0x2, 0x3c, 0xc9,
    0x40, 0x77, 0xb3, 0x6c, 0x91, 0xc8, 0x5, 0xd0,
    0x3, 0xe4, 0x72, 0x1, 0x47, 0x1a, 0xec, 0xd9,
    0x10,

    /* U+1ED6 "Ỗ" */
    0x0, 0xd, 0x5d, 0x18, 0x6, 0x1a, 0x3b, 0x30,
    0xe, 0x8e, 0xb0, 0xf, 0x53, 0x58, 0x7, 0x3f,
    0xf7, 0xc8, 0x5, 0x59, 0x8e, 0xe0, 0x60, 0x12,
    0x58, 0x80, 0x24, 0x51, 0x20, 0xe, 0x43, 0x0,
    0xfe, 0x54, 0x0, 0xe4, 0x41, 0xa5, 0x8, 0xc,
    0xb1, 0x85, 0x17, 0xf7, 0x8d, 0x80,

    /* U+1ED7 "ỗ" */
    0x2, 0xab, 0xa2, 0x0, 0x15, 0x5d, 0x10, 0x4,
    0xd4, 0xc0, 0x19, 0xe9, 0xc0, 0x23, 0xdc, 0xd5,
    0x1, 0xde, 0xcd, 0xb2, 0x47, 0x20, 0x17, 0x40,
    0xf, 0x91, 0xc8, 0x5, 0x1c, 0x6b, 0xb3, 0x64,
    0x40,

    /* U+1ED8 "Ộ" */
    0x0, 0x87, 0x54, 0x3, 0xd1, 0x9e, 0x20, 0x1d,
    0x23, 0x42, 0x1, 0x9f, 0x7b, 0x92, 0x1, 0x56,
    0x63, 0xb8, 0x18, 0x4, 0x96, 0x20, 0x9, 0x14,
    0x48, 0x3, 0x90, 0xc0, 0x3f, 0x95, 0x0, 0x39,
    0x10, 0x69, 0x42, 0x3, 0x2c, 0x61, 0x45, 0xfd,
    0xe3, 0x60, 0x14, 0x77, 0x50, 0x1, 0xec, 0x0,
    0xfd, 0x80, 0x18,

    /* U+1ED9 "ộ" */
    0x0, 0xe, 0xa8, 0x6, 0x8c, 0xf1, 0x0, 0xa4,
    0x68, 0x40, 0x7, 0x99, 0x28, 0xe, 0xf6, 0x6d,
    0x92, 0x39, 0x0, 0xba, 0x0, 0x7c, 0x8e, 0x40,
    0x28, 0xe3, 0x5d, 0x9b, 0x22, 0x9, 0x99, 0x20,
    0x6, 0xd0, 0xf, 0x68, 0x4,

    /* U+1EDA "Ớ" */
    0x0, 0xc5, 0x60, 0x1f, 0xa6, 0x80, 0x8, 0x40,
    0x1a, 0xc4, 0x1, 0x8c, 0x0, 0x7d, 0xef, 0xec,
    0x24, 0xa, 0xcc, 0x77, 0xb9, 0x50, 0x12, 0x58,
    0x80, 0x24, 0xd4, 0x11, 0x0, 0x1c, 0x84, 0x1,
    0xfc, 0x20, 0xa8, 0x1, 0xc8, 0x80, 0x34, 0xa1,
    0x1, 0x97, 0x20, 0x5, 0x17, 0xf6, 0xd, 0x0,
    0x0,

    /* U+1EDB "ớ" */
    0x0, 0x8a, 0xc0, 0x3a, 0x68, 0x10, 0x2, 0xb1,
    0x9, 0x3, 0xcc, 0x7f, 0xac, 0x77, 0xb3, 0x85,
    0x10, 0xe4, 0x2, 0xe8, 0x1, 0xf2, 0x39, 0x0,
    0xa3, 0x8d, 0x76, 0x6c, 0x88,

    /* U+1EDC "Ờ" */
    0x0, 0x9d, 0xc0, 0x1f, 0x9f, 0x48, 0x0, 0x84,
    0x1, 0xa8, 0x80, 0x18, 0xc0, 0x7, 0xde, 0xfe,
    0xc2, 0x40, 0xac, 0xc7, 0x7b, 0x95, 0x1, 0x25,
    0x88, 0x2, 0x4d, 0x41, 0x10, 0x1, 0xc8, 0x40,
    0x1f, 0xc2, 0xa, 0x80, 0x1c, 0x88, 0x3, 0x4a,
    0x10, 0x19, 0x72, 0x0, 0x51, 0x7f, 0x60, 0xd0,
    0x0,

    /* U+1EDD "ờ" */
    0x0, 0x4a, 0x0, 0x74, 0xf8, 0x1, 0x0, 0x2b,
    0x0, 0x48, 0x1e, 0x63, 0xfd, 0x63, 0xbd, 0x9c,
    0x28, 0x87, 0x20, 0x17, 0x40, 0xf, 0x91, 0xc8,
    0x5, 0x1c, 0x6b, 0xb3, 0x64, 0x40,

    /* U+1EDE "Ở" */
    0x0, 0xd0, 0xc0, 0x1f, 0xbd, 0x40, 0x6, 0x20,
    0x19, 0xcc, 0x1, 0x6a, 0x0, 0x7d, 0xef, 0xec,
    0x24, 0xa, 0xcc, 0x77, 0xb9, 0x50, 0x12, 0x58,
    0x80, 0x24, 0xd4, 0x11, 0x0, 0x1c, 0x84, 0x1,
    0xfc, 0x20, 0xa8, 0x1, 0xc8, 0x80, 0x34, 0xa1,
    0x1, 0x97, 0x20, 0x5, 0x17, 0xf6, 0xd, 0x0,
    0x0,

    /* U+1EDF "ở" */
    0x0, 0xa5, 0x0, 0x38, 0x58, 0x18, 0x2, 0x82,
    0xb, 0x3, 0xcc, 0x7f, 0xac, 0x77, 0xb3, 0x85,
    0x10, 0xe4, 0x2, 0xe8, 0x1, 0xf2, 0x39, 0x0,
    0xa3, 0x8d, 0x76, 0x6c, 0x88,

    /* U+1EE0 "Ỡ" */
    0x0, 0xa9, 0x89, 0x80, 0x38, 0xb8, 0xa5, 0x1,
    0x8, 0x0, 0x48, 0x8b, 0x20, 0xc6, 0x0, 0x3e,
    0xf7, 0xf6, 0x12, 0x5, 0x66, 0x3b, 0xdc, 0xa8,
    0x9, 0x2c, 0x40, 0x12, 0x6a, 0x8, 0x80, 0xe,
    0x42, 0x0, 0xfe, 0x10, 0x54, 0x0, 0xe4, 0x40,
    0x1a, 0x50, 0x80, 0xcb, 0x90, 0x2, 0x8b, 0xfb,
    0x6, 0x80, 0x0,

    /* U+1EE1 "ỡ" */
    0x2, 0xab, 0xa3, 0x20, 0x2a, 0xba, 0x3f, 0x3,
    0xcc, 0x7f, 0xac, 0x77, 0xb3, 0x85, 0x10, 0xe4,
    0x2, 0xe8, 0x1, 0xf2, 0x39, 0x0, 0xa3, 0x8d,
    0x76, 0x6c, 0x88,

    /* U+1EE2 "Ợ" */
    0x0, 0xfc, 0x84, 0x1, 0xfb, 0x18, 0x0, 0xfb,
    0xdf, 0xd8, 0x48, 0x15, 0x98, 0xef, 0x72, 0xa0,
    0x24, 0xb1, 0x0, 0x49, 0xa8, 0x22, 0x0, 0x39,
    0x8, 0x3, 0xf8, 0x41, 0x50, 0x3, 0x91, 0x0,
    0x69, 0x42, 0x3, 0x2e, 0x40, 0xa, 0x2f, 0xec,
    0x1a, 0x0, 0xd1, 0xdc, 0xd8, 0x0, 0xfb, 0x40,
    0x3f, 0xb4, 0x3, 0x80,

    /* U+1EE3 "ợ" */
    0x0, 0xf3, 0x0, 0x7a, 0xc0, 0xf3, 0x1f, 0xeb,
    0x1d, 0xec, 0xe1, 0x44, 0x39, 0x0, 0xba, 0x0,
    0x7c, 0x8e, 0x40, 0x28, 0xe3, 0x5d, 0x9b, 0x22,
    0x9, 0x99, 0x20, 0x6, 0xd0, 0xf, 0x68, 0x4,

    /* U+1EE4 "Ụ" */
    0xf0, 0xd, 0x68, 0x1, 0xff, 0xcf, 0x71, 0x10,
    0x4, 0xc2, 0x90, 0x0, 0x50, 0x2b, 0x3e, 0xde,
    0xf0, 0x1a, 0xed, 0xb2, 0x0, 0x96, 0x0, 0x39,
    0x60, 0x2,

    /* U+1EE5 "ụ" */
    0x2c, 0x0, 0x16, 0x80, 0x7f, 0xf0, 0x44, 0x3,
    0x11, 0x80, 0x10, 0x1, 0x19, 0x3c, 0x0, 0x6c,
    0x98, 0xd0, 0x1, 0xc8, 0x6, 0x39, 0x0, 0x0,

    /* U+1EE6 "Ủ" */
    0x0, 0x2c, 0x80, 0x70, 0xf0, 0x7, 0x23, 0x80,
    0x5e, 0x1, 0xad, 0x0, 0x3f, 0xf9, 0xee, 0x22,
    0x0, 0x98, 0x52, 0x0, 0xa, 0x5, 0x67, 0xdb,
    0xde, 0x0,

    /* U+1EE7 "ủ" */
    0x0, 0x14, 0x90, 0x4, 0x40, 0x60, 0x1a, 0x44,
    0xb, 0x0, 0x5, 0xa0, 0x1f, 0xfc, 0x11, 0x0,
    0xc4, 0x60, 0x4, 0x0, 0x46, 0x4f, 0x0,

    /* U+1EE8 "Ứ" */
    0x0, 0xa9, 0x0, 0x39, 0x35, 0x0, 0xa8, 0x0,
    0x8e, 0x0, 0x63, 0xf0, 0xd, 0x7d, 0x0, 0x1e,
    0xe1, 0x0, 0xff, 0xe5, 0x38, 0x8, 0x80, 0x26,
    0x10, 0x48, 0x0, 0x28, 0x10, 0x59, 0xf6, 0xf7,
    0x80, 0x0,

    /* U+1EE9 "ứ" */
    0x0, 0x99, 0xc0, 0x38, 0x7d, 0xc1, 0x40, 0x21,
    0x90, 0x4, 0x89, 0x60, 0x0, 0xbe, 0x84, 0x3,
    0x89, 0x80, 0x3f, 0xc2, 0x1, 0xe2, 0x30, 0x2,
    0x0, 0x68, 0xc9, 0xe0, 0x8,

    /* U+1EEA "Ừ" */
    0x0, 0x60, 0x80, 0x7b, 0xa0, 0x0, 0x54, 0x0,
    0x29, 0x0, 0x31, 0xf8, 0x6, 0xbe, 0x80, 0xf,
    0x70, 0x80, 0x7f, 0xf2, 0x9c, 0x4, 0x40, 0x13,
    0x8, 0x24, 0x0, 0x14, 0x8, 0x2c, 0xfb, 0x7b,
    0xc0, 0x0,

    /* U+1EEB "ừ" */
    0x1, 0xc1, 0x0, 0xe1, 0xf9, 0x0, 0x28, 0x4,
    0x70, 0x0, 0x91, 0x2c, 0x0, 0x17, 0xd0, 0x80,
    0x71, 0x30, 0x7, 0xf8, 0x40, 0x3c, 0x46, 0x0,
    0x40, 0xd, 0x19, 0x3c, 0x1, 0x0,

    /* U+1EEC "Ử" */
    0x0, 0x2c, 0x80, 0x79, 0x84, 0x0, 0x30, 0x0,
    0x38, 0x0, 0x29, 0x78, 0x6, 0xbe, 0xb0, 0xf,
    0x70, 0x80, 0x7f, 0xf2, 0x9c, 0x4, 0x40, 0x13,
    0x8, 0x24, 0x0, 0x14, 0x8, 0x2c, 0xfb, 0x7b,
    0xc0, 0x0,

    /* U+1EED "ử" */
    0x0, 0x14, 0x90, 0x7, 0x10, 0x18, 0x28, 0x6,
    0x91, 0x9, 0x12, 0xc0, 0x1, 0x7d, 0x8, 0x7,
    0x13, 0x0, 0x7f, 0x84, 0x3, 0xc4, 0x60, 0x4,
    0x0, 0xd1, 0x93, 0xc0, 0x10,

    /* U+1EEE "Ữ" */
    0x4, 0xb2, 0x70, 0xc, 0x77, 0x5e, 0x3, 0x0,
    0xe1, 0x10, 0x5, 0x2f, 0x0, 0xd7, 0xd6, 0x1,
    0xee, 0x10, 0xf, 0xfe, 0x53, 0x80, 0x88, 0x2,
    0x61, 0x4, 0x80, 0x2, 0x81, 0x5, 0x9f, 0x6f,
    0x78, 0x0,

    /* U+1EEF "ữ" */
    0x4, 0xab, 0xa1, 0x20, 0x2, 0x55, 0xd0, 0xc9,
    0x13, 0x0, 0x5, 0xf8, 0x40, 0x1c, 0x4e, 0x1,
    0xfe, 0x10, 0xf, 0x11, 0x80, 0x10, 0x3, 0x46,
    0x4f, 0x0, 0x40,

    /* U+1EF0 "Ự" */
    0x0, 0xf1, 0x50, 0x7, 0x98, 0xfc, 0x3, 0x5f,
    0x40, 0x7, 0xb8, 0x40, 0x3f, 0xf9, 0x4e, 0x2,
    0x20, 0x9, 0x84, 0x12, 0x0, 0xa, 0x4, 0x16,
    0x7d, 0xbd, 0xe0, 0x1, 0xae, 0xdb, 0x20, 0xc,
    0xb0, 0x1, 0xe5, 0x80, 0xc,

    /* U+1EF1 "ự" */
    0x0, 0xf2, 0x80, 0x7d, 0x22, 0x58, 0x0, 0x2f,
    0xa1, 0x0, 0xe2, 0x60, 0xf, 0xf0, 0x80, 0x78,
    0x8c, 0x0, 0x80, 0x1a, 0x32, 0x78, 0x3, 0x36,
    0x4c, 0x68, 0x6, 0x1b, 0x0, 0xf0, 0xd8, 0x6,

    /* U+1EF2 "Ỳ" */
    0x0, 0x51, 0x80, 0x75, 0xc0, 0x7, 0xd, 0x80,
    0x54, 0xe0, 0x16, 0x25, 0xc8, 0x82, 0x3a, 0xb,
    0x48, 0x4c, 0x0, 0x25, 0x9d, 0xc6, 0x0, 0x19,
    0x8b, 0x0, 0xc8, 0x62, 0x1, 0xff, 0xc4,

    /* U+1EF3 "ỳ" */
    0x3, 0xb0, 0xc, 0x7a, 0xa0, 0x19, 0x94, 0x1,
    0x6a, 0x0, 0x68, 0xef, 0x0, 0x55, 0x15, 0x0,
    0x80, 0x81, 0xd6, 0xa8, 0x0, 0xaf, 0x46, 0x0,
    0x1b, 0x28, 0x6, 0x7a, 0x0, 0x8d, 0xcc, 0x1,
    0x3d, 0xc0, 0x8,

    /* U+1EF4 "Ỵ" */
    0xa7, 0x0, 0xb1, 0x2e, 0x44, 0x11, 0xd0, 0x5a,
    0x42, 0x60, 0x1, 0x2c, 0xee, 0x30, 0x0, 0xcc,
    0x58, 0x6, 0x43, 0x10, 0xf, 0xfe, 0x31, 0xe0,
    0x7, 0x15, 0x80, 0x71, 0x58, 0x4,

    /* U+1EF5 "ỵ" */
    0xb5, 0x0, 0x34, 0x77, 0x80, 0x2a, 0x8a, 0x80,
    0x40, 0x40, 0xe8, 0xb4, 0x0, 0xae, 0xb6, 0x0,
    0x1b, 0xa8, 0x6, 0x6a, 0x0, 0x89, 0xce, 0xc6,
    0x7f, 0x82, 0xc4,

    /* U+1EF6 "Ỷ" */
    0x0, 0x1d, 0x8, 0x6, 0x23, 0x10, 0xc, 0x32,
    0x1, 0x53, 0x80, 0x58, 0x97, 0x22, 0x8, 0xe8,
    0x2d, 0x21, 0x30, 0x0, 0x96, 0x77, 0x18, 0x0,
    0x66, 0x2c, 0x3, 0x21, 0x88, 0x7, 0xff, 0x10,

    /* U+1EF7 "ỷ" */
    0x0, 0x3b, 0x80, 0x30, 0x98, 0x6, 0x64, 0x0,
    0x5a, 0x80, 0x1a, 0x3b, 0xc0, 0x15, 0x45, 0x40,
    0x20, 0x20, 0x75, 0xaa, 0x0, 0x2b, 0xd1, 0x80,
    0x6, 0xca, 0x1, 0x9e, 0x80, 0x23, 0x73, 0x0,
    0x4f, 0x70, 0x2,

    /* U+1EF8 "Ỹ" */
    0x3, 0xab, 0x91, 0x0, 0x1d, 0x5c, 0x88, 0x53,
    0x80, 0x58, 0x97, 0x22, 0x8, 0xe8, 0x2d, 0x21,
    0x30, 0x0, 0x96, 0x77, 0x18, 0x0, 0x66, 0x2c,
    0x3, 0x21, 0x88, 0x7, 0xff, 0x10,

    /* U+1EF9 "ỹ" */
    0x9, 0xba, 0x70, 0x4, 0xdd, 0x38, 0x5a, 0x80,
    0x1a, 0x3b, 0xc0, 0x15, 0x45, 0x40, 0x20, 0x20,
    0x75, 0xaa, 0x0, 0x2b, 0xd1, 0x80, 0x6, 0xca,
    0x1, 0x9e, 0x80, 0x23, 0x73, 0x0, 0x4f, 0x70,
    0x2,

    /* U+2010 "‐" */
    0x1c, 0xc8, 0x0,

    /* U+2011 "‑" */
    0x1c, 0xc8, 0x0,

    /* U+2012 "‒" */
    0x5c, 0xcd, 0x60,

    /* U+2013 "–" */
    0xcc, 0xf0,

    /* U+2014 "—" */
    0xcc, 0xff, 0xe0, 0x0,

    /* U+2015 "―" */
    0xcc, 0xff, 0xe0, 0x0,

    /* U+2016 "‖" */
    0x60, 0x24, 0xb0, 0x7c, 0x0, 0xff, 0xee, 0x0,

    /* U+2017 "‗" */
    0xaa, 0xe0, 0xe,

    /* U+2018 "‘" */
    0xb, 0x1, 0x0, 0x1f, 0x80,

    /* U+2019 "’" */
    0xc, 0x1, 0x60, 0x39, 0x0,

    /* U+201A "‚" */
    0x6, 0x1, 0xd0, 0x4e, 0x0,

    /* U+201B "‛" */
    0x3a, 0x3, 0x60, 0x4, 0x0,

    /* U+201C "“" */
    0xb, 0xb, 0x10, 0x43, 0x37, 0x85, 0x0,

    /* U+201D "”" */
    0xc, 0x1c, 0x16, 0x4b, 0x39, 0x16,

    /* U+201E "„" */
    0x7, 0x16, 0x1d, 0x41, 0x4f, 0xc5,

    /* U+201F "‟" */
    0x3a, 0x66, 0x1b, 0x3e, 0x4, 0x8e, 0x0,

    /* U+2020 "†" */
    0x2, 0xa0, 0x8, 0x88, 0x0, 0x9c, 0x6c, 0x39,
    0xe5, 0xc3, 0x3, 0x10, 0x8, 0x4c, 0x3, 0x70,
    0x0,

    /* U+2021 "‡" */
    0x1, 0xa0, 0x2, 0xb0, 0xb8, 0xb1, 0x89, 0x81,
    0xa6, 0x20, 0xc5, 0xc5, 0x9c, 0x5b, 0x59, 0x81,
    0x10, 0x0,

    /* U+2022 "•" */
    0x7, 0xd5, 0x8, 0x28, 0x6, 0xa,

    /* U+2026 "…" */
    0x2, 0x0, 0x10, 0x0, 0x87, 0x0, 0xbc, 0xb,
    0x80,

    /* U+20AB "₫" */
    0x0, 0xed, 0x10, 0xa, 0xb0, 0xa8, 0x2, 0xac,
    0x2a, 0x4, 0xcc, 0x48, 0x0, 0x6b, 0xb3, 0x48,
    0x11, 0x4, 0x8, 0x20, 0x66, 0x0, 0xe4, 0x40,
    0x0, 0xc4, 0xa, 0xf2, 0x50, 0x80, 0xd, 0x92,
    0xfa, 0x22, 0xbb, 0xd2, 0x0
};


/*---------------------
 *  GLYPH DESCRIPTION
 *--------------------*/

static const lv_font_fmt_txt_glyph_dsc_t glyph_dsc[] = {
    {.bitmap_index = 0, .adv_w = 0, .box_w = 0, .box_h = 0, .ofs_x = 0, .ofs_y = 0} /* id = 0 reserved */,
    {.bitmap_index = 0, .adv_w = 53, .box_w = 0, .box_h = 0, .ofs_x = 0, .ofs_y = 0},
    {.bitmap_index = 0, .adv_w = 55, .box_w = 2, .box_h = 8, .ofs_x = 1, .ofs_y = 0},
    {.bitmap_index = 9, .adv_w = 75, .box_w = 4, .box_h = 3, .ofs_x = 0, .ofs_y = 5},
    {.bitmap_index = 14, .adv_w = 113, .box_w = 7, .box_h = 8, .ofs_x = 0, .ofs_y = 0},
    {.bitmap_index = 43, .adv_w = 104, .box_w = 6, .box_h = 11, .ofs_x = 0, .ofs_y = -1},
    {.bitmap_index = 73, .adv_w = 157, .box_w = 10, .box_h = 8, .ofs_x = 0, .ofs_y = 0},
    {.bitmap_index = 112, .adv_w = 154, .box_w = 10, .box_h = 8, .ofs_x = 0, .ofs_y = 0},
    {.bitmap_index = 152, .adv_w = 44, .box_w = 2, .box_h = 3, .ofs_x = 0, .ofs_y = 5},
    {.bitmap_index = 155, .adv_w = 58, .box_w = 4, .box_h = 11, .ofs_x = 0, .ofs_y = -2},
    {.bitmap_index = 176, .adv_w = 58, .box_w = 3, .box_h = 11, .ofs_x = 0, .ofs_y = -2},
    {.bitmap_index = 193, .adv_w = 80, .box_w = 5, .box_h = 5, .ofs_x = 0, .ofs_y = 3},
    {.bitmap_index = 206, .adv_w = 131, .box_w = 6, .box_h = 6, .ofs_x = 1, .ofs_y = 0},
    {.bitmap_index = 220, .adv_w = 42, .box_w = 2, .box_h = 3, .ofs_x = 0, .ofs_y = -2},
    {.bitmap_index = 223, .adv_w = 77, .box_w = 5, .box_h = 1, .ofs_x = 0, .ofs_y = 3},
    {.bitmap_index = 226, .adv_w = 42, .box_w = 2, .box_h = 2, .ofs_x = 0, .ofs_y = 0},
    {.bitmap_index = 228, .adv_w = 75, .box_w = 6, .box_h = 10, .ofs_x = -1, .ofs_y = -2},
    {.bitmap_index = 254, .adv_w = 104, .box_w = 6, .box_h = 8, .ofs_x = 0, .ofs_y = 0},
    {.bitmap_index = 278, .adv_w = 104, .box_w = 4, .box_h = 8, .ofs_x = 1, .ofs_y = 0},
    {.bitmap_index = 287, .adv_w = 104, .box_w = 6, .box_h = 8, .ofs_x = 0, .ofs_y = 0},
    {.bitmap_index = 312, .adv_w = 104, .box_w = 6, .box_h = 8, .ofs_x = 0, .ofs_y = 0},
    {.bitmap_index = 336, .adv_w = 104, .box_w = 7, .box_h = 8, .ofs_x = 0, .ofs_y = 0},
    {.bitmap_index = 358, .adv_w = 104, .box_w = 6, .box_h = 8, .ofs_x = 0, .ofs_y = 0},
    {.bitmap_index = 382, .adv_w = 104, .box_w = 6, .box_h = 8, .ofs_x = 0, .ofs_y = 0},
    {.bitmap_index = 407, .adv_w = 104, .box_w = 6, .box_h = 8, .ofs_x = 0, .ofs_y = 0},
    {.bitmap_index = 429, .adv_w = 104, .box_w = 6, .box_h = 8, .ofs_x = 0, .ofs_y = 0},
    {.bitmap_index = 454, .adv_w = 104, .box_w = 6, .box_h = 8, .ofs_x = 0, .ofs_y = 0},
    {.bitmap_index = 479, .adv_w = 42, .box_w = 2, .box_h = 6, .ofs_x = 0, .ofs_y = 0},
    {.bitmap_index = 485, .adv_w = 42, .box_w = 2, .box_h = 8, .ofs_x = 0, .ofs_y = -2},
    {.bitmap_index = 493, .adv_w = 131, .box_w = 6, .box_h = 7, .ofs_x = 1, .ofs_y = 0},
    {.bitmap_index = 513, .adv_w = 131, .box_w = 6, .box_h = 3, .ofs_x = 1, .ofs_y = 2},
    {.bitmap_index = 521, .adv_w = 131, .box_w = 6, .box_h = 7, .ofs_x = 1, .ofs_y = 0},
    {.bitmap_index = 541, .adv_w = 86, .box_w = 5, .box_h = 8, .ofs_x = 0, .ofs_y = 0},
    {.bitmap_index = 561, .adv_w = 183, .box_w = 10, .box_h = 9, .ofs_x = 1, .ofs_y = -1},
    {.bitmap_index = 608, .adv_w = 124, .box_w = 8, .box_h = 8, .ofs_x = 0, .ofs_y = 0},
    {.bitmap_index = 638, .adv_w = 110, .box_w = 6, .box_h = 8, .ofs_x = 1, .ofs_y = 0},
    {.bitmap_index = 662, .adv_w = 119, .box_w = 7, .box_h = 8, .ofs_x = 0, .ofs_y = 0},
    {.bitmap_index = 686, .adv_w = 135, .box_w = 7, .box_h = 8, .ofs_x = 1, .ofs_y = 0},
    {.bitmap_index = 711, .adv_w = 97, .box_w = 5, .box_h = 8, .ofs_x = 1, .ofs_y = 0},
    {.bitmap_index = 727, .adv_w = 94, .box_w = 5, .box_h = 8, .ofs_x = 1, .ofs_y = 0},
    {.bitmap_index = 742, .adv_w = 132, .box_w = 8, .box_h = 8, .ofs_x = 0, .ofs_y = 0},
    {.bitmap_index = 773, .adv_w = 136, .box_w = 7, .box_h = 8, .ofs_x = 1, .ofs_y = 0},
    {.bitmap_index = 789, .adv_w = 51, .box_w = 2, .box_h = 8, .ofs_x = 1, .ofs_y = 0},
    {.bitmap_index = 794, .adv_w = 69, .box_w = 4, .box_h = 8, .ofs_x = 0, .ofs_y = 0},
    {.bitmap_index = 805, .adv_w = 111, .box_w = 6, .box_h = 8, .ofs_x = 1, .ofs_y = 0},
    {.bitmap_index = 827, .adv_w = 90, .box_w = 5, .box_h = 8, .ofs_x = 1, .ofs_y = 0},
    {.bitmap_index = 834, .adv_w = 172, .box_w = 9, .box_h = 8, .ofs_x = 1, .ofs_y = 0},
    {.bitmap_index = 867, .adv_w = 144, .box_w = 7, .box_h = 8, .ofs_x = 1, .ofs_y = 0},
    {.bitmap_index = 890, .adv_w = 145, .box_w = 9, .box_h = 8, .ofs_x = 0, .ofs_y = 0},
    {.bitmap_index = 922, .adv_w = 108, .box_w = 6, .box_h = 8, .ofs_x = 1, .ofs_y = 0},
    {.bitmap_index = 942, .adv_w = 145, .box_w = 10, .box_h = 9, .ofs_x = 0, .ofs_y = -1},
    {.bitmap_index = 982, .adv_w = 115, .box_w = 7, .box_h = 8, .ofs_x = 1, .ofs_y = 0},
    {.bitmap_index = 1007, .adv_w = 102, .box_w = 6, .box_h = 8, .ofs_x = 0, .ofs_y = 0},
    {.bitmap_index = 1032, .adv_w = 101, .box_w = 7, .box_h = 8, .ofs_x = 0, .ofs_y = 0},
    {.bitmap_index = 1043, .adv_w = 132, .box_w = 7, .box_h = 8, .ofs_x = 1, .ofs_y = 0},
    {.bitmap_index = 1060, .adv_w = 119, .box_w = 8, .box_h = 8, .ofs_x = 0, .ofs_y = 0},
    {.bitmap_index = 1091, .adv_w = 179, .box_w = 12, .box_h = 8, .ofs_x = 0, .ofs_y = 0},
    {.bitmap_index = 1140, .adv_w = 113, .box_w = 7, .box_h = 8, .ofs_x = 0, .ofs_y = 0},
    {.bitmap_index = 1168, .adv_w = 106, .box_w = 7, .box_h = 8, .ofs_x = 0, .ofs_y = 0},
    {.bitmap_index = 1191, .adv_w = 110, .box_w = 7, .box_h = 8, .ofs_x = 0, .ofs_y = 0},
    {.bitmap_index = 1216, .adv_w = 58, .box_w = 3, .box_h = 10, .ofs_x = 1, .ofs_y = -2},
    {.bitmap_index = 1224, .adv_w = 73, .box_w = 6, .box_h = 10, .ofs_x = -1, .ofs_y = -2},
    {.bitmap_index = 1248, .adv_w = 58, .box_w = 3, .box_h = 10, .ofs_x = 0, .ofs_y = -2},
    {.bitmap_index = 1256, .adv_w = 131, .box_w = 6, .box_h = 5, .ofs_x = 1, .ofs_y = 4},
    {.bitmap_index = 1271, .adv_w = 80, .box_w = 5, .box_h = 1, .ofs_x = 0, .ofs_y = -2},
    {.bitmap_index = 1273, .adv_w = 51, .box_w = 3, .box_h = 2, .ofs_x = 0, .ofs_y = 7},
    {.bitmap_index = 1276, .adv_w = 98, .box_w = 6, .box_h = 6, .ofs_x = 0, .ofs_y = 0},
    {.bitmap_index = 1295, .adv_w = 113, .box_w = 7, .box_h = 9, .ofs_x = 0, .ofs_y = 0},
    {.bitmap_index = 1318, .adv_w = 89, .box_w = 6, .box_h = 6, .ofs_x = 0, .ofs_y = 0},
    {.bitmap_index = 1335, .adv_w = 113, .box_w = 7, .box_h = 9, .ofs_x = 0, .ofs_y = 0},
    {.bitmap_index = 1361, .adv_w = 100, .box_w = 6, .box_h = 6, .ofs_x = 0, .ofs_y = 0},
    {.bitmap_index = 1380, .adv_w = 60, .box_w = 4, .box_h = 9, .ofs_x = 0, .ofs_y = 0},
    {.bitmap_index = 1394, .adv_w = 113, .box_w = 7, .box_h = 9, .ofs_x = 0, .ofs_y = -3},
    {.bitmap_index = 1426, .adv_w = 109, .box_w = 6, .box_h = 9, .ofs_x = 0, .ofs_y = 0},
    {.bitmap_index = 1442, .adv_w = 47, .box_w = 3, .box_h = 9, .ofs_x = 0, .ofs_y = 0},
    {.bitmap_index = 1451, .adv_w = 47, .box_w = 5, .box_h = 12, .ofs_x = -2, .ofs_y = -3},
    {.bitmap_index = 1470, .adv_w = 95, .box_w = 6, .box_h = 9, .ofs_x = 0, .ofs_y = 0},
    {.bitmap_index = 1490, .adv_w = 47, .box_w = 2, .box_h = 9, .ofs_x = 0, .ofs_y = 0},
    {.bitmap_index = 1495, .adv_w = 165, .box_w = 10, .box_h = 6, .ofs_x = 0, .ofs_y = 0},
    {.bitmap_index = 1516, .adv_w = 109, .box_w = 6, .box_h = 6, .ofs_x = 0, .ofs_y = 0},
    {.bitmap_index = 1529, .adv_w = 113, .box_w = 7, .box_h = 6, .ofs_x = 0, .ofs_y = 0},
    {.bitmap_index = 1548, .adv_w = 113, .box_w = 7, .box_h = 9, .ofs_x = 0, .ofs_y = -3},
    {.bitmap_index = 1575, .adv_w = 113, .box_w = 7, .box_h = 9, .ofs_x = 0, .ofs_y = -3},
    {.bitmap_index = 1602, .adv_w = 67, .box_w = 5, .box_h = 7, .ofs_x = 0, .ofs_y = 0},
    {.bitmap_index = 1613, .adv_w = 81, .box_w = 5, .box_h = 6, .ofs_x = 0, .ofs_y = 0},
    {.bitmap_index = 1629, .adv_w = 65, .box_w = 4, .box_h = 8, .ofs_x = 0, .ofs_y = 0},
    {.bitmap_index = 1643, .adv_w = 109, .box_w = 6, .box_h = 6, .ofs_x = 0, .ofs_y = 0},
    {.bitmap_index = 1658, .adv_w = 92, .box_w = 6, .box_h = 6, .ofs_x = 0, .ofs_y = 0},
    {.bitmap_index = 1677, .adv_w = 139, .box_w = 9, .box_h = 6, .ofs_x = 0, .ofs_y = 0},
    {.bitmap_index = 1704, .adv_w = 88, .box_w = 6, .box_h = 6, .ofs_x = 0, .ofs_y = 0},
    {.bitmap_index = 1722, .adv_w = 93, .box_w = 6, .box_h = 9, .ofs_x = 0, .ofs_y = -3},
    {.bitmap_index = 1749, .adv_w = 87, .box_w = 6, .box_h = 6, .ofs_x = 0, .ofs_y = 0},
    {.bitmap_index = 1768, .adv_w = 58, .box_w = 4, .box_h = 10, .ofs_x = 0, .ofs_y = -2},
    {.bitmap_index = 1787, .adv_w = 46, .box_w = 1, .box_h = 12, .ofs_x = 1, .ofs_y = -3},
    {.bitmap_index = 1791, .adv_w = 58, .box_w = 4, .box_h = 10, .ofs_x = 0, .ofs_y = -2},
    {.bitmap_index = 1811, .adv_w = 131, .box_w = 6, .box_h = 2, .ofs_x = 1, .ofs_y = 2},
    {.bitmap_index = 1817, .adv_w = 53, .box_w = 0, .box_h = 0, .ofs_x = 0, .ofs_y = 0},
    {.bitmap_index = 1817, .adv_w = 55, .box_w = 2, .box_h = 8, .ofs_x = 1, .ofs_y = -2},
    {.bitmap_index = 1825, .adv_w = 104, .box_w = 5, .box_h = 8, .ofs_x = 1, .ofs_y = 0},
    {.bitmap_index = 1845, .adv_w = 104, .box_w = 6, .box_h = 8, .ofs_x = 0, .ofs_y = 0},
    {.bitmap_index = 1869, .adv_w = 107, .box_w = 7, .box_h = 7, .ofs_x = 0, .ofs_y = 1},
    {.bitmap_index = 1892, .adv_w = 104, .box_w = 7, .box_h = 8, .ofs_x = 0, .ofs_y = 0},
    {.bitmap_index = 1919, .adv_w = 46, .box_w = 1, .box_h = 12, .ofs_x = 1, .ofs_y = -3},
    {.bitmap_index = 1925, .adv_w = 86, .box_w = 5, .box_h = 9, .ofs_x = 0, .ofs_y = 0},
    {.bitmap_index = 1948, .adv_w = 80, .box_w = 5, .box_h = 2, .ofs_x = 0, .ofs_y = 6},
    {.bitmap_index = 1953, .adv_w = 171, .box_w = 10, .box_h = 9, .ofs_x = 0, .ofs_y = 0},
    {.bitmap_index = 1995, .adv_w = 75, .box_w = 5, .box_h = 4, .ofs_x = 0, .ofs_y = 4},
    {.bitmap_index = 2006, .adv_w = 97, .box_w = 6, .box_h = 4, .ofs_x = 0, .ofs_y = 1},
    {.bitmap_index = 2019, .adv_w = 131, .box_w = 6, .box_h = 4, .ofs_x = 1, .ofs_y = 1},
    {.bitmap_index = 2027, .adv_w = 77, .box_w = 5, .box_h = 1, .ofs_x = 0, .ofs_y = 3},
    {.bitmap_index = 2030, .adv_w = 171, .box_w = 8, .box_h = 7, .ofs_x = 1, .ofs_y = 1},
    {.bitmap_index = 2059, .adv_w = 80, .box_w = 5, .box_h = 1, .ofs_x = 0, .ofs_y = 8},
    {.bitmap_index = 2061, .adv_w = 72, .box_w = 4, .box_h = 3, .ofs_x = 0, .ofs_y = 5},
    {.bitmap_index = 2068, .adv_w = 131, .box_w = 6, .box_h = 7, .ofs_x = 1, .ofs_y = 0},
    {.bitmap_index = 2085, .adv_w = 70, .box_w = 4, .box_h = 5, .ofs_x = 0, .ofs_y = 5},
    {.bitmap_index = 2095, .adv_w = 70, .box_w = 4, .box_h = 5, .ofs_x = 0, .ofs_y = 5},
    {.bitmap_index = 2106, .adv_w = 54, .box_w = 4, .box_h = 2, .ofs_x = 0, .ofs_y = 7},
    {.bitmap_index = 2111, .adv_w = 111, .box_w = 7, .box_h = 9, .ofs_x = 0, .ofs_y = -3},
    {.bitmap_index = 2130, .adv_w = 88, .box_w = 5, .box_h = 8, .ofs_x = 0, .ofs_y = 0},
    {.bitmap_index = 2142, .adv_w = 42, .box_w = 2, .box_h = 3, .ofs_x = 0, .ofs_y = 2},
    {.bitmap_index = 2146, .adv_w = 39, .box_w = 3, .box_h = 3, .ofs_x = 0, .ofs_y = -3},
    {.bitmap_index = 2151, .adv_w = 67, .box_w = 3, .box_h = 5, .ofs_x = 0, .ofs_y = 5},
    {.bitmap_index = 2157, .adv_w = 83, .box_w = 5, .box_h = 4, .ofs_x = 0, .ofs_y = 4},
    {.bitmap_index = 2167, .adv_w = 97, .box_w = 6, .box_h = 4, .ofs_x = 0, .ofs_y = 1},
    {.bitmap_index = 2180, .adv_w = 174, .box_w = 10, .box_h = 8, .ofs_x = 0, .ofs_y = 0},
    {.bitmap_index = 2218, .adv_w = 179, .box_w = 11, .box_h = 8, .ofs_x = 0, .ofs_y = 0},
    {.bitmap_index = 2259, .adv_w = 183, .box_w = 11, .box_h = 8, .ofs_x = 0, .ofs_y = 0},
    {.bitmap_index = 2302, .adv_w = 86, .box_w = 5, .box_h = 9, .ofs_x = 0, .ofs_y = -3},
    {.bitmap_index = 2324, .adv_w = 124, .box_w = 8, .box_h = 11, .ofs_x = 0, .ofs_y = 0},
    {.bitmap_index = 2362, .adv_w = 124, .box_w = 8, .box_h = 11, .ofs_x = 0, .ofs_y = 0},
    {.bitmap_index = 2399, .adv_w = 124, .box_w = 8, .box_h = 11, .ofs_x = 0, .ofs_y = 0},
    {.bitmap_index = 2438, .adv_w = 124, .box_w = 8, .box_h = 10, .ofs_x = 0, .ofs_y = 0},
    {.bitmap_index = 2475, .adv_w = 124, .box_w = 8, .box_h = 10, .ofs_x = 0, .ofs_y = 0},
    {.bitmap_index = 2511, .adv_w = 124, .box_w = 8, .box_h = 10, .ofs_x = 0, .ofs_y = 0},
    {.bitmap_index = 2547, .adv_w = 165, .box_w = 10, .box_h = 8, .ofs_x = 0, .ofs_y = 0},
    {.bitmap_index = 2585, .adv_w = 119, .box_w = 7, .box_h = 11, .ofs_x = 0, .ofs_y = -3},
    {.bitmap_index = 2619, .adv_w = 97, .box_w = 5, .box_h = 11, .ofs_x = 1, .ofs_y = 0},
    {.bitmap_index = 2642, .adv_w = 97, .box_w = 5, .box_h = 11, .ofs_x = 1, .ofs_y = 0},
    {.bitmap_index = 2666, .adv_w = 97, .box_w = 5, .box_h = 11, .ofs_x = 1, .ofs_y = 0},
    {.bitmap_index = 2690, .adv_w = 97, .box_w = 5, .box_h = 10, .ofs_x = 1, .ofs_y = 0},
    {.bitmap_index = 2711, .adv_w = 51, .box_w = 3, .box_h = 11, .ofs_x = 0, .ofs_y = 0},
    {.bitmap_index = 2721, .adv_w = 51, .box_w = 3, .box_h = 11, .ofs_x = 0, .ofs_y = 0},
    {.bitmap_index = 2731, .adv_w = 51, .box_w = 5, .box_h = 11, .ofs_x = -1, .ofs_y = 0},
    {.bitmap_index = 2744, .adv_w = 51, .box_w = 5, .box_h = 10, .ofs_x = -1, .ofs_y = 0},
    {.bitmap_index = 2755, .adv_w = 135, .box_w = 8, .box_h = 8, .ofs_x = 0, .ofs_y = 0},
    {.bitmap_index = 2784, .adv_w = 144, .box_w = 7, .box_h = 10, .ofs_x = 1, .ofs_y = 0},
    {.bitmap_index = 2814, .adv_w = 145, .box_w = 9, .box_h = 11, .ofs_x = 0, .ofs_y = 0},
    {.bitmap_index = 2854, .adv_w = 145, .box_w = 9, .box_h = 11, .ofs_x = 0, .ofs_y = 0},
    {.bitmap_index = 2894, .adv_w = 145, .box_w = 9, .box_h = 11, .ofs_x = 0, .ofs_y = 0},
    {.bitmap_index = 2936, .adv_w = 145, .box_w = 9, .box_h = 10, .ofs_x = 0, .ofs_y = 0},
    {.bitmap_index = 2976, .adv_w = 145, .box_w = 9, .box_h = 10, .ofs_x = 0, .ofs_y = 0},
    {.bitmap_index = 3016, .adv_w = 131, .box_w = 6, .box_h = 6, .ofs_x = 1, .ofs_y = 0},
    {.bitmap_index = 3035, .adv_w = 145, .box_w = 9, .box_h = 10, .ofs_x = 0, .ofs_y = -1},
    {.bitmap_index = 3078, .adv_w = 132, .box_w = 7, .box_h = 11, .ofs_x = 1, .ofs_y = 0},
    {.bitmap_index = 3104, .adv_w = 132, .box_w = 7, .box_h = 11, .ofs_x = 1, .ofs_y = 0},
    {.bitmap_index = 3130, .adv_w = 132, .box_w = 7, .box_h = 11, .ofs_x = 1, .ofs_y = 0},
    {.bitmap_index = 3157, .adv_w = 132, .box_w = 7, .box_h = 10, .ofs_x = 1, .ofs_y = 0},
    {.bitmap_index = 3181, .adv_w = 106, .box_w = 7, .box_h = 11, .ofs_x = 0, .ofs_y = 0},
    {.bitmap_index = 3213, .adv_w = 108, .box_w = 6, .box_h = 8, .ofs_x = 1, .ofs_y = 0},
    {.bitmap_index = 3235, .adv_w = 104, .box_w = 7, .box_h = 9, .ofs_x = 0, .ofs_y = 0},
    {.bitmap_index = 3263, .adv_w = 98, .box_w = 6, .box_h = 9, .ofs_x = 0, .ofs_y = 0},
    {.bitmap_index = 3290, .adv_w = 98, .box_w = 6, .box_h = 9, .ofs_x = 0, .ofs_y = 0},
    {.bitmap_index = 3317, .adv_w = 98, .box_w = 6, .box_h = 9, .ofs_x = 0, .ofs_y = 0},
    {.bitmap_index = 3345, .adv_w = 98, .box_w = 6, .box_h = 8, .ofs_x = 0, .ofs_y = 0},
    {.bitmap_index = 3370, .adv_w = 98, .box_w = 6, .box_h = 8, .ofs_x = 0, .ofs_y = 0},
    {.bitmap_index = 3395, .adv_w = 98, .box_w = 6, .box_h = 9, .ofs_x = 0, .ofs_y = 0},
    {.bitmap_index = 3423, .adv_w = 160, .box_w = 10, .box_h = 6, .ofs_x = 0, .ofs_y = 0},
    {.bitmap_index = 3454, .adv_w = 89, .box_w = 6, .box_h = 9, .ofs_x = 0, .ofs_y = -3},
    {.bitmap_index = 3480, .adv_w = 100, .box_w = 6, .box_h = 9, .ofs_x = 0, .ofs_y = 0},
    {.bitmap_index = 3506, .adv_w = 100, .box_w = 6, .box_h = 9, .ofs_x = 0, .ofs_y = 0},
    {.bitmap_index = 3533, .adv_w = 100, .box_w = 6, .box_h = 9, .ofs_x = 0, .ofs_y = 0},
    {.bitmap_index = 3561, .adv_w = 100, .box_w = 6, .box_h = 8, .ofs_x = 0, .ofs_y = 0},
    {.bitmap_index = 3586, .adv_w = 47, .box_w = 4, .box_h = 9, .ofs_x = -1, .ofs_y = 0},
    {.bitmap_index = 3597, .adv_w = 47, .box_w = 3, .box_h = 9, .ofs_x = 0, .ofs_y = 0},
    {.bitmap_index = 3606, .adv_w = 47, .box_w = 5, .box_h = 9, .ofs_x = -1, .ofs_y = 0},
    {.bitmap_index = 3619, .adv_w = 47, .box_w = 5, .box_h = 8, .ofs_x = -1, .ofs_y = 0},
    {.bitmap_index = 3629, .adv_w = 107, .box_w = 7, .box_h = 10, .ofs_x = 0, .ofs_y = 0},
    {.bitmap_index = 3661, .adv_w = 109, .box_w = 6, .box_h = 8, .ofs_x = 0, .ofs_y = 0},
    {.bitmap_index = 3680, .adv_w = 113, .box_w = 7, .box_h = 9, .ofs_x = 0, .ofs_y = 0},
    {.bitmap_index = 3708, .adv_w = 113, .box_w = 7, .box_h = 9, .ofs_x = 0, .ofs_y = 0},
    {.bitmap_index = 3736, .adv_w = 113, .box_w = 7, .box_h = 9, .ofs_x = 0, .ofs_y = 0},
    {.bitmap_index = 3765, .adv_w = 113, .box_w = 7, .box_h = 8, .ofs_x = 0, .ofs_y = 0},
    {.bitmap_index = 3792, .adv_w = 113, .box_w = 7, .box_h = 8, .ofs_x = 0, .ofs_y = 0},
    {.bitmap_index = 3819, .adv_w = 131, .box_w = 6, .box_h = 6, .ofs_x = 1, .ofs_y = 0},
    {.bitmap_index = 3836, .adv_w = 113, .box_w = 7, .box_h = 8, .ofs_x = 0, .ofs_y = -1},
    {.bitmap_index = 3862, .adv_w = 109, .box_w = 6, .box_h = 9, .ofs_x = 0, .ofs_y = 0},
    {.bitmap_index = 3885, .adv_w = 109, .box_w = 6, .box_h = 9, .ofs_x = 0, .ofs_y = 0},
    {.bitmap_index = 3908, .adv_w = 109, .box_w = 6, .box_h = 9, .ofs_x = 0, .ofs_y = 0},
    {.bitmap_index = 3932, .adv_w = 109, .box_w = 6, .box_h = 8, .ofs_x = 0, .ofs_y = 0},
    {.bitmap_index = 3953, .adv_w = 93, .box_w = 6, .box_h = 12, .ofs_x = 0, .ofs_y = -3},
    {.bitmap_index = 3989, .adv_w = 113, .box_w = 7, .box_h = 12, .ofs_x = 0, .ofs_y = -3},
    {.bitmap_index = 4019, .adv_w = 93, .box_w = 6, .box_h = 11, .ofs_x = 0, .ofs_y = -3},
    {.bitmap_index = 4052, .adv_w = 124, .box_w = 8, .box_h = 10, .ofs_x = 0, .ofs_y = 0},
    {.bitmap_index = 4089, .adv_w = 98, .box_w = 6, .box_h = 8, .ofs_x = 0, .ofs_y = 0},
    {.bitmap_index = 4114, .adv_w = 124, .box_w = 8, .box_h = 11, .ofs_x = 0, .ofs_y = 0},
    {.bitmap_index = 4153, .adv_w = 98, .box_w = 6, .box_h = 8, .ofs_x = 0, .ofs_y = 0},
    {.bitmap_index = 4178, .adv_w = 124, .box_w = 8, .box_h = 10, .ofs_x = 0, .ofs_y = -2},
    {.bitmap_index = 4214, .adv_w = 98, .box_w = 6, .box_h = 8, .ofs_x = 0, .ofs_y = -2},
    {.bitmap_index = 4239, .adv_w = 119, .box_w = 7, .box_h = 11, .ofs_x = 0, .ofs_y = 0},
    {.bitmap_index = 4271, .adv_w = 89, .box_w = 6, .box_h = 9, .ofs_x = 0, .ofs_y = 0},
    {.bitmap_index = 4296, .adv_w = 119, .box_w = 7, .box_h = 11, .ofs_x = 0, .ofs_y = 0},
    {.bitmap_index = 4329, .adv_w = 89, .box_w = 6, .box_h = 9, .ofs_x = 0, .ofs_y = 0},
    {.bitmap_index = 4356, .adv_w = 119, .box_w = 7, .box_h = 10, .ofs_x = 0, .ofs_y = 0},
    {.bitmap_index = 4384, .adv_w = 89, .box_w = 6, .box_h = 8, .ofs_x = 0, .ofs_y = 0},
    {.bitmap_index = 4406, .adv_w = 119, .box_w = 7, .box_h = 11, .ofs_x = 0, .ofs_y = 0},
    {.bitmap_index = 4439, .adv_w = 89, .box_w = 6, .box_h = 9, .ofs_x = 0, .ofs_y = 0},
    {.bitmap_index = 4465, .adv_w = 135, .box_w = 7, .box_h = 11, .ofs_x = 1, .ofs_y = 0},
    {.bitmap_index = 4499, .adv_w = 129, .box_w = 9, .box_h = 9, .ofs_x = 0, .ofs_y = 0},
    {.bitmap_index = 4533, .adv_w = 135, .box_w = 8, .box_h = 8, .ofs_x = 0, .ofs_y = 0},
    {.bitmap_index = 4562, .adv_w = 113, .box_w = 7, .box_h = 9, .ofs_x = 0, .ofs_y = 0},
    {.bitmap_index = 4592, .adv_w = 97, .box_w = 5, .box_h = 10, .ofs_x = 1, .ofs_y = 0},
    {.bitmap_index = 4613, .adv_w = 100, .box_w = 6, .box_h = 8, .ofs_x = 0, .ofs_y = 0},
    {.bitmap_index = 4638, .adv_w = 97, .box_w = 5, .box_h = 11, .ofs_x = 1, .ofs_y = 0},
    {.bitmap_index = 4662, .adv_w = 100, .box_w = 6, .box_h = 8, .ofs_x = 0, .ofs_y = 0},
    {.bitmap_index = 4687, .adv_w = 97, .box_w = 5, .box_h = 10, .ofs_x = 1, .ofs_y = 0},
    {.bitmap_index = 4708, .adv_w = 100, .box_w = 6, .box_h = 8, .ofs_x = 0, .ofs_y = 0},
    {.bitmap_index = 4732, .adv_w = 97, .box_w = 5, .box_h = 10, .ofs_x = 1, .ofs_y = -2},
    {.bitmap_index = 4753, .adv_w = 100, .box_w = 6, .box_h = 8, .ofs_x = 0, .ofs_y = -2},
    {.bitmap_index = 4778, .adv_w = 97, .box_w = 5, .box_h = 11, .ofs_x = 1, .ofs_y = 0},
    {.bitmap_index = 4802, .adv_w = 100, .box_w = 6, .box_h = 9, .ofs_x = 0, .ofs_y = 0},
    {.bitmap_index = 4830, .adv_w = 132, .box_w = 8, .box_h = 11, .ofs_x = 0, .ofs_y = 0},
    {.bitmap_index = 4870, .adv_w = 113, .box_w = 7, .box_h = 12, .ofs_x = 0, .ofs_y = -3},
    {.bitmap_index = 4911, .adv_w = 132, .box_w = 8, .box_h = 11, .ofs_x = 0, .ofs_y = 0},
    {.bitmap_index = 4951, .adv_w = 113, .box_w = 7, .box_h = 11, .ofs_x = 0, .ofs_y = -3},
    {.bitmap_index = 4989, .adv_w = 132, .box_w = 8, .box_h = 10, .ofs_x = 0, .ofs_y = 0},
    {.bitmap_index = 5025, .adv_w = 113, .box_w = 7, .box_h = 11, .ofs_x = 0, .ofs_y = -3},
    {.bitmap_index = 5062, .adv_w = 132, .box_w = 8, .box_h = 10, .ofs_x = 0, .ofs_y = -2},
    {.bitmap_index = 5100, .adv_w = 113, .box_w = 7, .box_h = 12, .ofs_x = 0, .ofs_y = -3},
    {.bitmap_index = 5139, .adv_w = 136, .box_w = 7, .box_h = 11, .ofs_x = 1, .ofs_y = 0},
    {.bitmap_index = 5165, .adv_w = 109, .box_w = 6, .box_h = 12, .ofs_x = 0, .ofs_y = 0},
    {.bitmap_index = 5191, .adv_w = 136, .box_w = 9, .box_h = 8, .ofs_x = 0, .ofs_y = 0},
    {.bitmap_index = 5214, .adv_w = 109, .box_w = 6, .box_h = 9, .ofs_x = 0, .ofs_y = 0},
    {.bitmap_index = 5235, .adv_w = 51, .box_w = 5, .box_h = 10, .ofs_x = -1, .ofs_y = 0},
    {.bitmap_index = 5246, .adv_w = 47, .box_w = 5, .box_h = 8, .ofs_x = -1, .ofs_y = 0},
    {.bitmap_index = 5256, .adv_w = 51, .box_w = 4, .box_h = 10, .ofs_x = 0, .ofs_y = 0},
    {.bitmap_index = 5265, .adv_w = 47, .box_w = 4, .box_h = 8, .ofs_x = -1, .ofs_y = 0},
    {.bitmap_index = 5274, .adv_w = 51, .box_w = 5, .box_h = 11, .ofs_x = -1, .ofs_y = 0},
    {.bitmap_index = 5287, .adv_w = 47, .box_w = 4, .box_h = 8, .ofs_x = -1, .ofs_y = 0},
    {.bitmap_index = 5296, .adv_w = 51, .box_w = 3, .box_h = 10, .ofs_x = 0, .ofs_y = -2},
    {.bitmap_index = 5304, .adv_w = 47, .box_w = 3, .box_h = 11, .ofs_x = 0, .ofs_y = -2},
    {.bitmap_index = 5316, .adv_w = 51, .box_w = 2, .box_h = 10, .ofs_x = 1, .ofs_y = 0},
    {.bitmap_index = 5323, .adv_w = 47, .box_w = 2, .box_h = 6, .ofs_x = 0, .ofs_y = 0},
    {.bitmap_index = 5327, .adv_w = 120, .box_w = 6, .box_h = 8, .ofs_x = 1, .ofs_y = 0},
    {.bitmap_index = 5340, .adv_w = 95, .box_w = 6, .box_h = 12, .ofs_x = 0, .ofs_y = -3},
    {.bitmap_index = 5364, .adv_w = 69, .box_w = 5, .box_h = 11, .ofs_x = 0, .ofs_y = 0},
    {.bitmap_index = 5385, .adv_w = 47, .box_w = 6, .box_h = 12, .ofs_x = -2, .ofs_y = -3},
    {.bitmap_index = 5408, .adv_w = 111, .box_w = 6, .box_h = 10, .ofs_x = 1, .ofs_y = -2},
    {.bitmap_index = 5436, .adv_w = 95, .box_w = 6, .box_h = 11, .ofs_x = 0, .ofs_y = -2},
    {.bitmap_index = 5462, .adv_w = 95, .box_w = 6, .box_h = 6, .ofs_x = 0, .ofs_y = 0},
    {.bitmap_index = 5479, .adv_w = 90, .box_w = 5, .box_h = 11, .ofs_x = 1, .ofs_y = 0},
    {.bitmap_index = 5493, .adv_w = 47, .box_w = 4, .box_h = 12, .ofs_x = 0, .ofs_y = 0},
    {.bitmap_index = 5504, .adv_w = 90, .box_w = 5, .box_h = 10, .ofs_x = 1, .ofs_y = -2},
    {.bitmap_index = 5515, .adv_w = 47, .box_w = 2, .box_h = 11, .ofs_x = 0, .ofs_y = -2},
    {.bitmap_index = 5521, .adv_w = 90, .box_w = 5, .box_h = 8, .ofs_x = 1, .ofs_y = 0},
    {.bitmap_index = 5534, .adv_w = 59, .box_w = 5, .box_h = 9, .ofs_x = 0, .ofs_y = 0},
    {.bitmap_index = 5544, .adv_w = 90, .box_w = 5, .box_h = 8, .ofs_x = 1, .ofs_y = 0},
    {.bitmap_index = 5557, .adv_w = 60, .box_w = 4, .box_h = 9, .ofs_x = 0, .ofs_y = 0},
    {.bitmap_index = 5568, .adv_w = 90, .box_w = 6, .box_h = 8, .ofs_x = 0, .ofs_y = 0},
    {.bitmap_index = 5587, .adv_w = 53, .box_w = 4, .box_h = 9, .ofs_x = 0, .ofs_y = 0},
    {.bitmap_index = 5599, .adv_w = 144, .box_w = 7, .box_h = 11, .ofs_x = 1, .ofs_y = 0},
    {.bitmap_index = 5631, .adv_w = 109, .box_w = 6, .box_h = 9, .ofs_x = 0, .ofs_y = 0},
    {.bitmap_index = 5652, .adv_w = 144, .box_w = 7, .box_h = 10, .ofs_x = 1, .ofs_y = -2},
    {.bitmap_index = 5682, .adv_w = 109, .box_w = 6, .box_h = 8, .ofs_x = 0, .ofs_y = -2},
    {.bitmap_index = 5701, .adv_w = 144, .box_w = 7, .box_h = 11, .ofs_x = 1, .ofs_y = 0},
    {.bitmap_index = 5733, .adv_w = 109, .box_w = 6, .box_h = 9, .ofs_x = 0, .ofs_y = 0},
    {.bitmap_index = 5755, .adv_w = 116, .box_w = 8, .box_h = 8, .ofs_x = -1, .ofs_y = 0},
    {.bitmap_index = 5779, .adv_w = 144, .box_w = 7, .box_h = 11, .ofs_x = 1, .ofs_y = -3},
    {.bitmap_index = 5810, .adv_w = 109, .box_w = 6, .box_h = 9, .ofs_x = 0, .ofs_y = -3},
    {.bitmap_index = 5832, .adv_w = 145, .box_w = 9, .box_h = 10, .ofs_x = 0, .ofs_y = 0},
    {.bitmap_index = 5871, .adv_w = 113, .box_w = 7, .box_h = 8, .ofs_x = 0, .ofs_y = 0},
    {.bitmap_index = 5897, .adv_w = 145, .box_w = 9, .box_h = 11, .ofs_x = 0, .ofs_y = 0},
    {.bitmap_index = 5939, .adv_w = 113, .box_w = 7, .box_h = 8, .ofs_x = 0, .ofs_y = 0},
    {.bitmap_index = 5965, .adv_w = 145, .box_w = 9, .box_h = 11, .ofs_x = 0, .ofs_y = 0},
    {.bitmap_index = 6007, .adv_w = 113, .box_w = 7, .box_h = 9, .ofs_x = 0, .ofs_y = 0},
    {.bitmap_index = 6036, .adv_w = 179, .box_w = 11, .box_h = 8, .ofs_x = 0, .ofs_y = 0},
    {.bitmap_index = 6071, .adv_w = 178, .box_w = 11, .box_h = 6, .ofs_x = 0, .ofs_y = 0},
    {.bitmap_index = 6105, .adv_w = 115, .box_w = 7, .box_h = 11, .ofs_x = 1, .ofs_y = 0},
    {.bitmap_index = 6138, .adv_w = 67, .box_w = 5, .box_h = 9, .ofs_x = 0, .ofs_y = 0},
    {.bitmap_index = 6155, .adv_w = 115, .box_w = 7, .box_h = 10, .ofs_x = 1, .ofs_y = -2},
    {.bitmap_index = 6187, .adv_w = 67, .box_w = 5, .box_h = 9, .ofs_x = 0, .ofs_y = -2},
    {.bitmap_index = 6203, .adv_w = 115, .box_w = 7, .box_h = 11, .ofs_x = 1, .ofs_y = 0},
    {.bitmap_index = 6237, .adv_w = 67, .box_w = 5, .box_h = 9, .ofs_x = 0, .ofs_y = 0},
    {.bitmap_index = 6255, .adv_w = 102, .box_w = 6, .box_h = 11, .ofs_x = 0, .ofs_y = 0},
    {.bitmap_index = 6288, .adv_w = 81, .box_w = 5, .box_h = 9, .ofs_x = 0, .ofs_y = 0},
    {.bitmap_index = 6311, .adv_w = 102, .box_w = 6, .box_h = 11, .ofs_x = 0, .ofs_y = 0},
    {.bitmap_index = 6345, .adv_w = 81, .box_w = 5, .box_h = 9, .ofs_x = 0, .ofs_y = 0},
    {.bitmap_index = 6369, .adv_w = 102, .box_w = 6, .box_h = 11, .ofs_x = 0, .ofs_y = -3},
    {.bitmap_index = 6403, .adv_w = 81, .box_w = 5, .box_h = 9, .ofs_x = 0, .ofs_y = -3},
    {.bitmap_index = 6426, .adv_w = 102, .box_w = 6, .box_h = 11, .ofs_x = 0, .ofs_y = 0},
    {.bitmap_index = 6460, .adv_w = 81, .box_w = 5, .box_h = 9, .ofs_x = 0, .ofs_y = 0},
    {.bitmap_index = 6483, .adv_w = 101, .box_w = 7, .box_h = 11, .ofs_x = 0, .ofs_y = -3},
    {.bitmap_index = 6502, .adv_w = 65, .box_w = 4, .box_h = 11, .ofs_x = 0, .ofs_y = -3},
    {.bitmap_index = 6522, .adv_w = 101, .box_w = 7, .box_h = 11, .ofs_x = 0, .ofs_y = 0},
    {.bitmap_index = 6542, .adv_w = 84, .box_w = 6, .box_h = 8, .ofs_x = 0, .ofs_y = 0},
    {.bitmap_index = 6562, .adv_w = 101, .box_w = 7, .box_h = 8, .ofs_x = 0, .ofs_y = 0},
    {.bitmap_index = 6581, .adv_w = 65, .box_w = 4, .box_h = 8, .ofs_x = 0, .ofs_y = 0},
    {.bitmap_index = 6597, .adv_w = 132, .box_w = 7, .box_h = 11, .ofs_x = 1, .ofs_y = 0},
    {.bitmap_index = 6624, .adv_w = 109, .box_w = 6, .box_h = 8, .ofs_x = 0, .ofs_y = 0},
    {.bitmap_index = 6645, .adv_w = 132, .box_w = 7, .box_h = 10, .ofs_x = 1, .ofs_y = 0},
    {.bitmap_index = 6670, .adv_w = 109, .box_w = 6, .box_h = 8, .ofs_x = 0, .ofs_y = 0},
    {.bitmap_index = 6691, .adv_w = 132, .box_w = 7, .box_h = 11, .ofs_x = 1, .ofs_y = 0},
    {.bitmap_index = 6719, .adv_w = 109, .box_w = 6, .box_h = 8, .ofs_x = 0, .ofs_y = 0},
    {.bitmap_index = 6740, .adv_w = 132, .box_w = 7, .box_h = 12, .ofs_x = 1, .ofs_y = 0},
    {.bitmap_index = 6770, .adv_w = 109, .box_w = 6, .box_h = 9, .ofs_x = 0, .ofs_y = 0},
    {.bitmap_index = 6793, .adv_w = 132, .box_w = 7, .box_h = 11, .ofs_x = 1, .ofs_y = 0},
    {.bitmap_index = 6820, .adv_w = 109, .box_w = 6, .box_h = 9, .ofs_x = 0, .ofs_y = 0},
    {.bitmap_index = 6844, .adv_w = 132, .box_w = 7, .box_h = 10, .ofs_x = 1, .ofs_y = -2},
    {.bitmap_index = 6868, .adv_w = 109, .box_w = 6, .box_h = 8, .ofs_x = 0, .ofs_y = -2},
    {.bitmap_index = 6888, .adv_w = 179, .box_w = 12, .box_h = 11, .ofs_x = 0, .ofs_y = 0},
    {.bitmap_index = 6949, .adv_w = 139, .box_w = 9, .box_h = 9, .ofs_x = 0, .ofs_y = 0},
    {.bitmap_index = 6987, .adv_w = 106, .box_w = 7, .box_h = 11, .ofs_x = 0, .ofs_y = 0},
    {.bitmap_index = 7020, .adv_w = 93, .box_w = 6, .box_h = 12, .ofs_x = 0, .ofs_y = -3},
    {.bitmap_index = 7057, .adv_w = 106, .box_w = 7, .box_h = 10, .ofs_x = 0, .ofs_y = 0},
    {.bitmap_index = 7087, .adv_w = 110, .box_w = 7, .box_h = 11, .ofs_x = 0, .ofs_y = 0},
    {.bitmap_index = 7120, .adv_w = 87, .box_w = 6, .box_h = 9, .ofs_x = 0, .ofs_y = 0},
    {.bitmap_index = 7147, .adv_w = 110, .box_w = 7, .box_h = 10, .ofs_x = 0, .ofs_y = 0},
    {.bitmap_index = 7177, .adv_w = 87, .box_w = 6, .box_h = 8, .ofs_x = 0, .ofs_y = 0},
    {.bitmap_index = 7201, .adv_w = 110, .box_w = 7, .box_h = 11, .ofs_x = 0, .ofs_y = 0},
    {.bitmap_index = 7236, .adv_w = 87, .box_w = 6, .box_h = 9, .ofs_x = 0, .ofs_y = 0},
    {.bitmap_index = 7264, .adv_w = 46, .box_w = 4, .box_h = 9, .ofs_x = 0, .ofs_y = 0},
    {.bitmap_index = 7273, .adv_w = 146, .box_w = 10, .box_h = 10, .ofs_x = 0, .ofs_y = 0},
    {.bitmap_index = 7316, .adv_w = 115, .box_w = 7, .box_h = 8, .ofs_x = 0, .ofs_y = 0},
    {.bitmap_index = 7340, .adv_w = 186, .box_w = 11, .box_h = 8, .ofs_x = 0, .ofs_y = 0},
    {.bitmap_index = 7371, .adv_w = 152, .box_w = 9, .box_h = 6, .ofs_x = 0, .ofs_y = 0},
    {.bitmap_index = 7394, .adv_w = 115, .box_w = 8, .box_h = 8, .ofs_x = -1, .ofs_y = 0},
    {.bitmap_index = 7420, .adv_w = 113, .box_w = 7, .box_h = 12, .ofs_x = 0, .ofs_y = -3},
    {.bitmap_index = 7454, .adv_w = 111, .box_w = 6, .box_h = 9, .ofs_x = 1, .ofs_y = -1},
    {.bitmap_index = 7480, .adv_w = 102, .box_w = 6, .box_h = 8, .ofs_x = 0, .ofs_y = 0},
    {.bitmap_index = 7505, .adv_w = 81, .box_w = 5, .box_h = 6, .ofs_x = 0, .ofs_y = 0},
    {.bitmap_index = 7521, .adv_w = 99, .box_w = 6, .box_h = 8, .ofs_x = 0, .ofs_y = 0},
    {.bitmap_index = 7545, .adv_w = 57, .box_w = 5, .box_h = 12, .ofs_x = -1, .ofs_y = -3},
    {.bitmap_index = 7561, .adv_w = 65, .box_w = 4, .box_h = 10, .ofs_x = 0, .ofs_y = -2},
    {.bitmap_index = 7579, .adv_w = 101, .box_w = 8, .box_h = 8, .ofs_x = -1, .ofs_y = 0},
    {.bitmap_index = 7594, .adv_w = 65, .box_w = 4, .box_h = 9, .ofs_x = 0, .ofs_y = 0},
    {.bitmap_index = 7610, .adv_w = 101, .box_w = 7, .box_h = 10, .ofs_x = 0, .ofs_y = -2},
    {.bitmap_index = 7626, .adv_w = 136, .box_w = 8, .box_h = 10, .ofs_x = 1, .ofs_y = 0},
    {.bitmap_index = 7654, .adv_w = 113, .box_w = 8, .box_h = 8, .ofs_x = 0, .ofs_y = 0},
    {.bitmap_index = 7677, .adv_w = 124, .box_w = 8, .box_h = 11, .ofs_x = 0, .ofs_y = -3},
    {.bitmap_index = 7716, .adv_w = 98, .box_w = 6, .box_h = 9, .ofs_x = 0, .ofs_y = -3},
    {.bitmap_index = 7743, .adv_w = 124, .box_w = 8, .box_h = 11, .ofs_x = 0, .ofs_y = 0},
    {.bitmap_index = 7780, .adv_w = 98, .box_w = 6, .box_h = 9, .ofs_x = 0, .ofs_y = 0},
    {.bitmap_index = 7806, .adv_w = 124, .box_w = 8, .box_h = 12, .ofs_x = 0, .ofs_y = 0},
    {.bitmap_index = 7848, .adv_w = 98, .box_w = 7, .box_h = 10, .ofs_x = 0, .ofs_y = 0},
    {.bitmap_index = 7883, .adv_w = 124, .box_w = 8, .box_h = 12, .ofs_x = 0, .ofs_y = 0},
    {.bitmap_index = 7925, .adv_w = 98, .box_w = 7, .box_h = 10, .ofs_x = -1, .ofs_y = 0},
    {.bitmap_index = 7957, .adv_w = 124, .box_w = 8, .box_h = 12, .ofs_x = 0, .ofs_y = 0},
    {.bitmap_index = 8000, .adv_w = 98, .box_w = 6, .box_h = 10, .ofs_x = 0, .ofs_y = 0},
    {.bitmap_index = 8031, .adv_w = 124, .box_w = 8, .box_h = 12, .ofs_x = 0, .ofs_y = 0},
    {.bitmap_index = 8075, .adv_w = 98, .box_w = 6, .box_h = 10, .ofs_x = 0, .ofs_y = 0},
    {.bitmap_index = 8106, .adv_w = 124, .box_w = 8, .box_h = 14, .ofs_x = 0, .ofs_y = -3},
    {.bitmap_index = 8155, .adv_w = 98, .box_w = 6, .box_h = 12, .ofs_x = 0, .ofs_y = -3},
    {.bitmap_index = 8192, .adv_w = 124, .box_w = 8, .box_h = 12, .ofs_x = 0, .ofs_y = 0},
    {.bitmap_index = 8234, .adv_w = 98, .box_w = 6, .box_h = 10, .ofs_x = 0, .ofs_y = 0},
    {.bitmap_index = 8265, .adv_w = 124, .box_w = 8, .box_h = 12, .ofs_x = 0, .ofs_y = 0},
    {.bitmap_index = 8308, .adv_w = 98, .box_w = 6, .box_h = 10, .ofs_x = 0, .ofs_y = 0},
    {.bitmap_index = 8338, .adv_w = 124, .box_w = 8, .box_h = 13, .ofs_x = 0, .ofs_y = 0},
    {.bitmap_index = 8383, .adv_w = 98, .box_w = 6, .box_h = 11, .ofs_x = 0, .ofs_y = 0},
    {.bitmap_index = 8416, .adv_w = 124, .box_w = 8, .box_h = 12, .ofs_x = 0, .ofs_y = 0},
    {.bitmap_index = 8459, .adv_w = 98, .box_w = 6, .box_h = 10, .ofs_x = 0, .ofs_y = 0},
    {.bitmap_index = 8490, .adv_w = 124, .box_w = 8, .box_h = 14, .ofs_x = 0, .ofs_y = -3},
    {.bitmap_index = 8539, .adv_w = 98, .box_w = 6, .box_h = 11, .ofs_x = 0, .ofs_y = -3},
    {.bitmap_index = 8573, .adv_w = 97, .box_w = 5, .box_h = 11, .ofs_x = 1, .ofs_y = -3},
    {.bitmap_index = 8596, .adv_w = 100, .box_w = 6, .box_h = 9, .ofs_x = 0, .ofs_y = -3},
    {.bitmap_index = 8623, .adv_w = 97, .box_w = 5, .box_h = 11, .ofs_x = 1, .ofs_y = 0},
    {.bitmap_index = 8647, .adv_w = 100, .box_w = 6, .box_h = 9, .ofs_x = 0, .ofs_y = 0},
    {.bitmap_index = 8674, .adv_w = 97, .box_w = 5, .box_h = 10, .ofs_x = 1, .ofs_y = 0},
    {.bitmap_index = 8695, .adv_w = 100, .box_w = 6, .box_h = 8, .ofs_x = 0, .ofs_y = 0},
    {.bitmap_index = 8720, .adv_w = 97, .box_w = 6, .box_h = 11, .ofs_x = 1, .ofs_y = 0},
    {.bitmap_index = 8748, .adv_w = 100, .box_w = 7, .box_h = 10, .ofs_x = 0, .ofs_y = 0},
    {.bitmap_index = 8782, .adv_w = 97, .box_w = 6, .box_h = 12, .ofs_x = 0, .ofs_y = 0},
    {.bitmap_index = 8812, .adv_w = 100, .box_w = 6, .box_h = 10, .ofs_x = 0, .ofs_y = 0},
    {.bitmap_index = 8842, .adv_w = 97, .box_w = 6, .box_h = 12, .ofs_x = 1, .ofs_y = 0},
    {.bitmap_index = 8873, .adv_w = 100, .box_w = 7, .box_h = 10, .ofs_x = 0, .ofs_y = 0},
    {.bitmap_index = 8907, .adv_w = 97, .box_w = 5, .box_h = 12, .ofs_x = 1, .ofs_y = 0},
    {.bitmap_index = 8933, .adv_w = 100, .box_w = 6, .box_h = 10, .ofs_x = 0, .ofs_y = 0},
    {.bitmap_index = 8963, .adv_w = 97, .box_w = 5, .box_h = 14, .ofs_x = 1, .ofs_y = -3},
    {.bitmap_index = 8993, .adv_w = 100, .box_w = 6, .box_h = 12, .ofs_x = 0, .ofs_y = -3},
    {.bitmap_index = 9030, .adv_w = 51, .box_w = 3, .box_h = 11, .ofs_x = 0, .ofs_y = 0},
    {.bitmap_index = 9040, .adv_w = 47, .box_w = 3, .box_h = 9, .ofs_x = 0, .ofs_y = 0},
    {.bitmap_index = 9049, .adv_w = 51, .box_w = 2, .box_h = 11, .ofs_x = 1, .ofs_y = -3},
    {.bitmap_index = 9057, .adv_w = 47, .box_w = 3, .box_h = 12, .ofs_x = 0, .ofs_y = -3},
    {.bitmap_index = 9071, .adv_w = 145, .box_w = 9, .box_h = 11, .ofs_x = 0, .ofs_y = -3},
    {.bitmap_index = 9112, .adv_w = 113, .box_w = 7, .box_h = 9, .ofs_x = 0, .ofs_y = -3},
    {.bitmap_index = 9139, .adv_w = 145, .box_w = 9, .box_h = 11, .ofs_x = 0, .ofs_y = 0},
    {.bitmap_index = 9179, .adv_w = 113, .box_w = 7, .box_h = 9, .ofs_x = 0, .ofs_y = 0},
    {.bitmap_index = 9207, .adv_w = 145, .box_w = 9, .box_h = 12, .ofs_x = 0, .ofs_y = 0},
    {.bitmap_index = 9252, .adv_w = 113, .box_w = 7, .box_h = 10, .ofs_x = 0, .ofs_y = 0},
    {.bitmap_index = 9284, .adv_w = 145, .box_w = 9, .box_h = 12, .ofs_x = 0, .ofs_y = 0},
    {.bitmap_index = 9329, .adv_w = 113, .box_w = 7, .box_h = 10, .ofs_x = 0, .ofs_y = 0},
    {.bitmap_index = 9360, .adv_w = 145, .box_w = 9, .box_h = 12, .ofs_x = 0, .ofs_y = 0},
    {.bitmap_index = 9406, .adv_w = 113, .box_w = 7, .box_h = 10, .ofs_x = 0, .ofs_y = 0},
    {.bitmap_index = 9439, .adv_w = 145, .box_w = 9, .box_h = 12, .ofs_x = 0, .ofs_y = 0},
    {.bitmap_index = 9485, .adv_w = 113, .box_w = 7, .box_h = 10, .ofs_x = 0, .ofs_y = 0},
    {.bitmap_index = 9518, .adv_w = 145, .box_w = 9, .box_h = 14, .ofs_x = 0, .ofs_y = -3},
    {.bitmap_index = 9569, .adv_w = 113, .box_w = 7, .box_h = 12, .ofs_x = 0, .ofs_y = -3},
    {.bitmap_index = 9606, .adv_w = 146, .box_w = 10, .box_h = 11, .ofs_x = 0, .ofs_y = 0},
    {.bitmap_index = 9655, .adv_w = 115, .box_w = 7, .box_h = 9, .ofs_x = 0, .ofs_y = 0},
    {.bitmap_index = 9684, .adv_w = 146, .box_w = 10, .box_h = 11, .ofs_x = 0, .ofs_y = 0},
    {.bitmap_index = 9733, .adv_w = 115, .box_w = 7, .box_h = 9, .ofs_x = 0, .ofs_y = 0},
    {.bitmap_index = 9763, .adv_w = 146, .box_w = 10, .box_h = 11, .ofs_x = 0, .ofs_y = 0},
    {.bitmap_index = 9812, .adv_w = 115, .box_w = 7, .box_h = 9, .ofs_x = 0, .ofs_y = 0},
    {.bitmap_index = 9841, .adv_w = 146, .box_w = 10, .box_h = 11, .ofs_x = 0, .ofs_y = 0},
    {.bitmap_index = 9892, .adv_w = 115, .box_w = 7, .box_h = 8, .ofs_x = 0, .ofs_y = 0},
    {.bitmap_index = 9919, .adv_w = 146, .box_w = 10, .box_h = 13, .ofs_x = 0, .ofs_y = -3},
    {.bitmap_index = 9971, .adv_w = 115, .box_w = 7, .box_h = 11, .ofs_x = 0, .ofs_y = -3},
    {.bitmap_index = 10003, .adv_w = 132, .box_w = 7, .box_h = 11, .ofs_x = 1, .ofs_y = -3},
    {.bitmap_index = 10029, .adv_w = 109, .box_w = 6, .box_h = 9, .ofs_x = 0, .ofs_y = -3},
    {.bitmap_index = 10053, .adv_w = 132, .box_w = 7, .box_h = 11, .ofs_x = 1, .ofs_y = 0},
    {.bitmap_index = 10079, .adv_w = 109, .box_w = 6, .box_h = 9, .ofs_x = 0, .ofs_y = 0},
    {.bitmap_index = 10102, .adv_w = 136, .box_w = 8, .box_h = 11, .ofs_x = 1, .ofs_y = 0},
    {.bitmap_index = 10136, .adv_w = 113, .box_w = 8, .box_h = 9, .ofs_x = 0, .ofs_y = 0},
    {.bitmap_index = 10165, .adv_w = 136, .box_w = 8, .box_h = 11, .ofs_x = 1, .ofs_y = 0},
    {.bitmap_index = 10199, .adv_w = 113, .box_w = 8, .box_h = 9, .ofs_x = 0, .ofs_y = 0},
    {.bitmap_index = 10229, .adv_w = 136, .box_w = 8, .box_h = 11, .ofs_x = 1, .ofs_y = 0},
    {.bitmap_index = 10263, .adv_w = 113, .box_w = 8, .box_h = 9, .ofs_x = 0, .ofs_y = 0},
    {.bitmap_index = 10292, .adv_w = 136, .box_w = 8, .box_h = 11, .ofs_x = 1, .ofs_y = 0},
    {.bitmap_index = 10326, .adv_w = 113, .box_w = 8, .box_h = 8, .ofs_x = 0, .ofs_y = 0},
    {.bitmap_index = 10353, .adv_w = 136, .box_w = 8, .box_h = 13, .ofs_x = 1, .ofs_y = -3},
    {.bitmap_index = 10390, .adv_w = 113, .box_w = 8, .box_h = 11, .ofs_x = 0, .ofs_y = -3},
    {.bitmap_index = 10422, .adv_w = 106, .box_w = 7, .box_h = 11, .ofs_x = 0, .ofs_y = 0},
    {.bitmap_index = 10453, .adv_w = 93, .box_w = 6, .box_h = 12, .ofs_x = 0, .ofs_y = -3},
    {.bitmap_index = 10488, .adv_w = 106, .box_w = 7, .box_h = 11, .ofs_x = 0, .ofs_y = -3},
    {.bitmap_index = 10518, .adv_w = 93, .box_w = 6, .box_h = 9, .ofs_x = 0, .ofs_y = -3},
    {.bitmap_index = 10545, .adv_w = 106, .box_w = 7, .box_h = 11, .ofs_x = 0, .ofs_y = 0},
    {.bitmap_index = 10577, .adv_w = 93, .box_w = 6, .box_h = 12, .ofs_x = 0, .ofs_y = -3},
    {.bitmap_index = 10612, .adv_w = 106, .box_w = 7, .box_h = 10, .ofs_x = 0, .ofs_y = 0},
    {.bitmap_index = 10642, .adv_w = 93, .box_w = 6, .box_h = 11, .ofs_x = 0, .ofs_y = -3},
    {.bitmap_index = 10675, .adv_w = 77, .box_w = 5, .box_h = 1, .ofs_x = 0, .ofs_y = 3},
    {.bitmap_index = 10678, .adv_w = 77, .box_w = 5, .box_h = 1, .ofs_x = 0, .ofs_y = 3},
    {.bitmap_index = 10681, .adv_w = 104, .box_w = 6, .box_h = 1, .ofs_x = 0, .ofs_y = 3},
    {.bitmap_index = 10684, .adv_w = 96, .box_w = 6, .box_h = 1, .ofs_x = 0, .ofs_y = 3},
    {.bitmap_index = 10686, .adv_w = 192, .box_w = 12, .box_h = 1, .ofs_x = 0, .ofs_y = 3},
    {.bitmap_index = 10690, .adv_w = 192, .box_w = 12, .box_h = 1, .ofs_x = 0, .ofs_y = 3},
    {.bitmap_index = 10694, .adv_w = 88, .box_w = 4, .box_h = 12, .ofs_x = 1, .ofs_y = -3},
    {.bitmap_index = 10702, .adv_w = 80, .box_w = 5, .box_h = 2, .ofs_x = 0, .ofs_y = -3},
    {.bitmap_index = 10705, .adv_w = 44, .box_w = 3, .box_h = 3, .ofs_x = 0, .ofs_y = 5},
    {.bitmap_index = 10710, .adv_w = 44, .box_w = 3, .box_h = 3, .ofs_x = 0, .ofs_y = 5},
    {.bitmap_index = 10715, .adv_w = 44, .box_w = 3, .box_h = 3, .ofs_x = 0, .ofs_y = -1},
    {.bitmap_index = 10720, .adv_w = 44, .box_w = 3, .box_h = 3, .ofs_x = 0, .ofs_y = 5},
    {.bitmap_index = 10725, .adv_w = 72, .box_w = 4, .box_h = 3, .ofs_x = 0, .ofs_y = 5},
    {.bitmap_index = 10732, .adv_w = 72, .box_w = 4, .box_h = 3, .ofs_x = 0, .ofs_y = 5},
    {.bitmap_index = 10738, .adv_w = 72, .box_w = 4, .box_h = 3, .ofs_x = 0, .ofs_y = -1},
    {.bitmap_index = 10744, .adv_w = 72, .box_w = 4, .box_h = 3, .ofs_x = 0, .ofs_y = 5},
    {.bitmap_index = 10751, .adv_w = 72, .box_w = 5, .box_h = 7, .ofs_x = 0, .ofs_y = 1},
    {.bitmap_index = 10768, .adv_w = 72, .box_w = 5, .box_h = 7, .ofs_x = 0, .ofs_y = 1},
    {.bitmap_index = 10786, .adv_w = 78, .box_w = 4, .box_h = 3, .ofs_x = 0, .ofs_y = 2},
    {.bitmap_index = 10792, .adv_w = 141, .box_w = 8, .box_h = 2, .ofs_x = 0, .ofs_y = 0},
    {.bitmap_index = 10801, .adv_w = 113, .box_w = 7, .box_h = 11, .ofs_x = 0, .ofs_y = -2}
};

/*---------------------
 *  CHARACTER MAPPING
 *--------------------*/

static const uint16_t unicode_list_5[] = {
    0x0, 0x85
};

/*Collect the unicode lists and glyph_id offsets*/
static const lv_font_fmt_txt_cmap_t cmaps[] =
{
    {
        .range_start = 32, .range_length = 95, .glyph_id_start = 1,
        .unicode_list = NULL, .glyph_id_ofs_list = NULL, .list_length = 0, .type = LV_FONT_FMT_TXT_CMAP_FORMAT0_TINY
    },
    {
        .range_start = 160, .range_length = 224, .glyph_id_start = 96,
        .unicode_list = NULL, .glyph_id_ofs_list = NULL, .list_length = 0, .type = LV_FONT_FMT_TXT_CMAP_FORMAT0_TINY
    },
    {
        .range_start = 416, .range_length = 17, .glyph_id_start = 320,
        .unicode_list = NULL, .glyph_id_ofs_list = NULL, .list_length = 0, .type = LV_FONT_FMT_TXT_CMAP_FORMAT0_TINY
    },
    {
        .range_start = 7840, .range_length = 90, .glyph_id_start = 337,
        .unicode_list = NULL, .glyph_id_ofs_list = NULL, .list_length = 0, .type = LV_FONT_FMT_TXT_CMAP_FORMAT0_TINY
    },
    {
        .range_start = 8208, .range_length = 19, .glyph_id_start = 427,
        .unicode_list = NULL, .glyph_id_ofs_list = NULL, .list_length = 0, .type = LV_FONT_FMT_TXT_CMAP_FORMAT0_TINY
    },
    {
        .range_start = 8230, .range_length = 134, .glyph_id_start = 446,
        .unicode_list = unicode_list_5, .glyph_id_ofs_list = NULL, .list_length = 2, .type = LV_FONT_FMT_TXT_CMAP_SPARSE_TINY
    }
};



/*--------------------
 *  ALL CUSTOM DATA
 *--------------------*/

#if LVGL_VERSION_MAJOR == 8
/*Store all the custom data of the font*/
static  lv_font_fmt_txt_glyph_cache_t cache;
#endif

#if LVGL_VERSION_MAJOR >= 8
static const lv_font_fmt_txt_dsc_t font_dsc = {
#else
static lv_font_fmt_txt_dsc_t font_dsc = {
#endif
    .glyph_bitmap = glyph_bitmap,
    .glyph_dsc = glyph_dsc,
    .cmaps = cmaps,
    .kern_dsc = NULL,
    .kern_scale = 0,
    .cmap_num = 6,
    .bpp = 4,
    .kern_classes = 0,
    .bitmap_format = 1,
#if LVGL_VERSION_MAJOR == 8
    .cache = &cache
#endif
};

extern const lv_font_t lv_font_montserrat_12;


/*-----------------
 *  PUBLIC FONT
 *----------------*/

/*Initialize a public general font descriptor*/
#if LVGL_VERSION_MAJOR >= 8
const lv_font_t ui_font_12 = {
#else
lv_font_t ui_font_12 = {
#endif
    .get_glyph_dsc = lv_font_get_glyph_dsc_fmt_txt,    /*Function pointer to get glyph's data*/
    .get_glyph_bitmap = lv_font_get_bitmap_fmt_txt,    /*Function pointer to get glyph's bitmap*/
    .line_height = 16,          /*The maximum line height required by the font*/
    .base_line = 3,             /*Baseline measured from the bottom of the line*/
#if !(LVGL_VERSION_MAJOR == 6 && LVGL_VERSION_MINOR == 0)
    .subpx = LV_FONT_SUBPX_NONE,
#endif
#if LV_VERSION_CHECK(7, 4, 0) || LVGL_VERSION_MAJOR >= 8
    .underline_position = -1,
    .underline_thickness = 1,
#endif
    .dsc = &font_dsc,          /*The custom font data. Will be accessed by `get_glyph_bitmap/dsc` */
#if LV_VERSION_CHECK(8, 2, 0) || LVGL_VERSION_MAJOR >= 9
    .fallback = &lv_font_montserrat_12,
#endif
    .user_data = NULL,
};



#endif /*#if ENABLE_UI_FONT_12*/

