/*******************************************************************************
 * Size: 10 px
 * Bpp: 4
 * Opts: --font C:\Windows\Fonts\segoeui.ttf -r 0x20-0x7F,0xA0-0xFF,0x100-0x17F,0x1A0-0x1B0,0x1EA0-0x1EF9,0x2010-0x2026,0xB0-0xB7,0x20AB --size 10 --bpp 4 --format lvgl --lv-include lvgl.h --lv-fallback lv_font_montserrat_10 -o src/ui/fonts/ui_font_10.c
 ******************************************************************************/

#ifdef LV_LVGL_H_INCLUDE_SIMPLE
#include "lvgl.h"
#else
#include "lvgl.h"
#endif

#ifndef ENABLE_UI_FONT_10
#define ENABLE_UI_FONT_10 1
#endif

#if ENABLE_UI_FONT_10

/*-----------------
 *    BITMAPS
 *----------------*/

/*Store the image of the glyphs*/
static LV_ATTRIBUTE_LARGE_CONST const uint8_t glyph_bitmap[] = {
    /* U+0020 " " */

    /* U+0021 "!" */
    0xd, 0x1, 0x0, 0x9c, 0x8, 0x24, 0x30,

    /* U+0022 "\"" */
    0x38, 0x92, 0x0, 0xc7, 0x30, 0x40,

    /* U+0023 "#" */
    0x0, 0x48, 0x48, 0x6, 0x11, 0x1, 0xc9, 0x59,
    0x29, 0xe7, 0xec, 0x2b, 0x4e, 0x5d, 0x13, 0x2c,
    0x2c, 0x10, 0x60, 0x68, 0x0,

    /* U+0024 "$" */
    0x0, 0x20, 0x5, 0x15, 0x68, 0x46, 0xd6, 0x86,
    0xc2, 0x0, 0x1e, 0x47, 0x0, 0x1a, 0xfc, 0x0,
    0x54, 0x63, 0x6b, 0x32, 0x1b, 0x5b, 0x20,

    /* U+0025 "%" */
    0x29, 0xa3, 0x5, 0x50, 0x54, 0x5d, 0xe, 0x28,
    0x0, 0xcc, 0x31, 0x0, 0x4, 0xdd, 0x6f, 0xb4,
    0x90, 0xcc, 0x79, 0x94, 0xc0, 0x2, 0x20, 0x62,
    0x1, 0x1f, 0x93, 0xec, 0x70,

    /* U+0026 "&" */
    0x2, 0xba, 0x70, 0xd, 0x71, 0x56, 0x8, 0x0,
    0xd9, 0x8a, 0xf, 0x0, 0x69, 0x10, 0x0, 0xe0,
    0x83, 0x15, 0xf5, 0x60, 0x20, 0x15, 0x2a, 0x81,
    0x46, 0xed, 0x59, 0xd2,

    /* U+0027 "'" */
    0x38, 0x0, 0x1c, 0x80,

    /* U+0028 "(" */
    0x0, 0x30, 0x42, 0x81, 0x9e, 0x7, 0xe0, 0x0,
    0x82, 0xe8, 0x8, 0x5, 0x30,

    /* U+0029 ")" */
    0x60, 0x2, 0x40, 0x11, 0x80, 0x30, 0xc0, 0x58,
    0x0, 0x21, 0xea, 0x4, 0x31, 0x0,

    /* U+002A "*" */
    0x3, 0x60, 0x5a, 0xc6, 0x50, 0x37, 0x8, 0x80,
    0x80,

    /* U+002B "+" */
    0x0, 0x50, 0x7, 0xd1, 0x4f, 0x4f, 0x14, 0xf4,
    0xe0, 0xe, 0x0, 0x0,

    /* U+002C "," */
    0x23, 0x50, 0xe3,

    /* U+002D "-" */
    0x2a, 0xa1, 0x80,

    /* U+002E "." */
    0x0, 0x2b, 0x80,

    /* U+002F "/" */
    0x0, 0xd6, 0x1, 0x37, 0x0, 0x5a, 0xa0, 0x4,
    0xc0, 0xb, 0x98, 0x0, 0x20, 0x20, 0x9, 0x90,
    0x4, 0x66, 0x0, 0x0,

    /* U+0030 "0" */
    0x7, 0xab, 0x23, 0xea, 0x88, 0x26, 0x1, 0xbf,
    0x88, 0x5, 0xe0, 0x10, 0x9e, 0x81, 0xaa, 0x5,
    0xcc, 0x0,

    /* U+0031 "1" */
    0x8, 0x85, 0x0, 0x2b, 0x0, 0x3f, 0xf8, 0x20,

    /* U+0032 "2" */
    0x1a, 0xa5, 0x88, 0x5d, 0x74, 0x88, 0x80, 0x1e,
    0x0, 0x29, 0x60, 0x48, 0xd1, 0x2e, 0xa1, 0x5,
    0x7b, 0xb4, 0x80,

    /* U+0033 "3" */
    0x1b, 0xab, 0x1, 0xba, 0x35, 0x0, 0x89, 0x81,
    0xf4, 0xcc, 0xf, 0xbe, 0xe0, 0x11, 0x7a, 0x5d,
    0x74, 0x80,

    /* U+0034 "4" */
    0x0, 0xb8, 0x80, 0x27, 0x0, 0xc3, 0xa8, 0x1,
    0x5c, 0x0, 0x4d, 0x84, 0x1, 0x56, 0xda, 0x48,
    0x65, 0xd9, 0x24, 0x0,

    /* U+0035 "5" */
    0xd, 0xbb, 0x20, 0x35, 0xd9, 0x0, 0x3c, 0xf7,
    0x22, 0x19, 0x79, 0x0, 0x13, 0x1, 0x5d, 0x4c,
    0x0,

    /* U+0036 "6" */
    0x2, 0xbb, 0x30, 0x45, 0xd9, 0x90, 0xea, 0x84,
    0x55, 0x47, 0x6, 0x1, 0x2, 0x60, 0xb, 0x96,
    0x5d, 0x48,

    /* U+0037 "7" */
    0x5b, 0xbb, 0x56, 0xed, 0xb0, 0x1, 0x52, 0x80,
    0x1a, 0x80, 0x2a, 0x60, 0x0, 0xb8, 0x4, 0x98,
    0x0,

    /* U+0038 "8" */
    0x8, 0xbb, 0x11, 0x57, 0x16, 0x62, 0xc, 0x23,
    0x64, 0x4b, 0x16, 0x7e, 0x8f, 0x81, 0xb, 0xed,
    0xda, 0x40,

    /* U+0039 "9" */
    0xa, 0xa5, 0x8b, 0x65, 0x4c, 0x0, 0x80, 0x11,
    0xba, 0x94, 0x1, 0x34, 0xcc, 0x0, 0xa7, 0x86,
    0xec, 0xa,

    /* U+003A ":" */
    0x57, 0x57, 0x0, 0xca, 0xe0,

    /* U+003B ";" */
    0x48, 0x48, 0x0, 0x85, 0x97, 0xd2, 0x40,

    /* U+003C "<" */
    0x0, 0xf8, 0xa5, 0x46, 0x2a, 0x15, 0xf, 0x4,
    0x16, 0xca, 0x8c, 0x0, 0xd4, 0x20,

    /* U+003D "=" */
    0x8a, 0xa9, 0xe2, 0xaa, 0x78, 0xaa, 0x9c,

    /* U+003E ">" */
    0x0, 0xe6, 0x91, 0x0, 0x35, 0xc3, 0x80, 0xb,
    0x30, 0x6b, 0x41, 0x66, 0xf4, 0xa0, 0x0,

    /* U+003F "?" */
    0x3a, 0xb7, 0x3a, 0xbb, 0x0, 0x11, 0x40, 0xba,
    0x41, 0x3c, 0x0, 0xca, 0x0, 0x57, 0x0,

    /* U+0040 "@" */
    0x0, 0x24, 0xca, 0x24, 0x80, 0x9, 0x93, 0x28,
    0x98, 0x20, 0xf8, 0x69, 0x93, 0x5d, 0x84, 0x87,
    0xe7, 0xc, 0x4c, 0x0, 0x60, 0xd, 0x13, 0xd1,
    0x22, 0xc, 0xe7, 0x5b, 0x87, 0xcc, 0xc9, 0x70,
    0x0, 0x4b, 0x99, 0x43, 0x0, 0x0,

    /* U+0041 "A" */
    0x0, 0x36, 0x80, 0x76, 0xa1, 0x80, 0x44, 0x4a,
    0xa0, 0x5, 0x54, 0x35, 0x0, 0x96, 0x2c, 0x58,
    0x15, 0x57, 0x6c, 0xa0, 0xea, 0x0, 0xb, 0x90,

    /* U+0042 "B" */
    0x1e, 0xbc, 0x50, 0x2, 0xde, 0xc0, 0x6, 0x27,
    0x0, 0x2d, 0xef, 0x0, 0x16, 0xfa, 0x4, 0x3,
    0x8c, 0x16, 0xf2, 0xc8,

    /* U+0043 "C" */
    0x1, 0xac, 0xc4, 0x6, 0x4e, 0x62, 0x19, 0x4c,
    0x2, 0xed, 0x0, 0xdc, 0x40, 0x19, 0xe8, 0x80,
    0x21, 0xe9, 0xbb, 0x38,

    /* U+0044 "D" */
    0x1e, 0xbb, 0x8c, 0x0, 0xb7, 0x69, 0xe1, 0x0,
    0xc5, 0x4e, 0x1, 0xc5, 0xc0, 0x1d, 0xbc, 0x1,
    0x8d, 0x18, 0x16, 0xed, 0x5a, 0x0,

    /* U+0045 "E" */
    0x1e, 0xbb, 0x28, 0x2d, 0xd9, 0x40, 0x3c, 0xb7,
    0x63, 0x5, 0xbb, 0x18, 0x7, 0x96, 0xec, 0xe0,

    /* U+0046 "F" */
    0x1e, 0xbb, 0x28, 0x2d, 0xd9, 0x40, 0x3c, 0xb7,
    0x63, 0x5, 0xbb, 0x18, 0x7, 0xf8,

    /* U+0047 "G" */
    0x1, 0xac, 0xc5, 0x80, 0x36, 0x73, 0x16, 0xc,
    0x86, 0x1, 0xbb, 0x40, 0xaf, 0x4b, 0x88, 0xa,
    0xdc, 0x1e, 0x88, 0x3, 0xf, 0xcd, 0xd8, 0xc,

    /* U+0048 "H" */
    0x1b, 0x0, 0xa8, 0xc0, 0x3f, 0xf8, 0x6b, 0x77,
    0x20, 0x1, 0x6e, 0xe4, 0x0, 0xff, 0xe1, 0x80,

    /* U+0049 "I" */
    0x1b, 0x0, 0xff, 0xe0, 0x0,

    /* U+004A "J" */
    0x1, 0xb0, 0xf, 0xf8, 0x41, 0x4a, 0xbe, 0x40,

    /* U+004B "K" */
    0x1b, 0x0, 0x61, 0x0, 0x55, 0x4, 0x0, 0x9f,
    0x40, 0x2, 0xac, 0x1, 0x2d, 0xc8, 0x6, 0x70,
    0x70, 0xd, 0x38, 0xa0,

    /* U+004C "L" */
    0x1b, 0x0, 0xff, 0xe8, 0xad, 0xd9, 0x80,

    /* U+004D "M" */
    0x1f, 0x30, 0x8, 0xfc, 0x40, 0xa4, 0x2, 0x92,
    0x0, 0x30, 0x88, 0x4, 0x4, 0x2, 0xf9, 0x9,
    0x90, 0x6, 0x44, 0x9, 0x98, 0x3, 0xab, 0x78,
    0x3, 0xcc, 0xa, 0x1, 0x0,

    /* U+004E "N" */
    0x1f, 0x40, 0x2, 0x48, 0x1c, 0x0, 0x73, 0xcc,
    0x80, 0x39, 0x48, 0xc0, 0x3a, 0xbc, 0x3, 0x86,
    0xbc, 0x3, 0x99, 0xc0,

    /* U+004F "O" */
    0x2, 0xbb, 0x64, 0x0, 0x5f, 0x37, 0x9f, 0x0,
    0xd4, 0x40, 0x7, 0x50, 0xe2, 0x0, 0xf7, 0x10,
    0x7, 0x9e, 0x88, 0x0, 0xf4, 0x3, 0xf3, 0x76,
    0x7, 0x0,

    /* U+0050 "P" */
    0x1e, 0xbc, 0x60, 0x2, 0xde, 0x58, 0x80, 0x66,
    0x30, 0x8, 0x5c, 0x81, 0x6e, 0xdc, 0x0, 0x5b,
    0xa2, 0x0, 0xf8,

    /* U+0051 "Q" */
    0x2, 0xbb, 0x64, 0x0, 0x5f, 0x37, 0x9f, 0x0,
    0xb4, 0x40, 0x7, 0x50, 0xd2, 0x0, 0xf7, 0x10,
    0x7, 0x9e, 0x88, 0x0, 0xf4, 0x3, 0xf3, 0x79,
    0x2c, 0x0, 0x2b, 0xb6, 0x46, 0x18,

    /* U+0052 "R" */
    0x1e, 0xbc, 0x70, 0x2, 0xde, 0x50, 0x80, 0x42,
    0x2, 0xb, 0x98, 0xf0, 0x2, 0xe2, 0xa0, 0x6,
    0x8a, 0x10, 0xd, 0x36,

    /* U+0053 "S" */
    0x9, 0xbc, 0x75, 0xb, 0xc7, 0x65, 0x10, 0x1,
    0xc6, 0xc0, 0x1, 0x33, 0xe4, 0x40, 0xa, 0x4b,
    0x97, 0x30,

    /* U+0054 "T" */
    0x9b, 0xfb, 0xb0, 0x4d, 0x9d, 0xd8, 0x3, 0xff,
    0xa6,

    /* U+0055 "U" */
    0x2a, 0x0, 0xb0, 0x3, 0xff, 0x96, 0x20, 0x1c,
    0x4c, 0x20, 0x4e, 0x0, 0x9d, 0xb9, 0x90, 0x0,

    /* U+0056 "V" */
    0xb2, 0x0, 0xb4, 0x3a, 0x80, 0x8, 0x80, 0x55,
    0x0, 0x3a, 0x80, 0xe, 0x60, 0xc6, 0x0, 0xea,
    0x5b, 0x0, 0x91, 0x79, 0x80, 0x32, 0x0, 0x80,
    0x0,

    /* U+0057 "W" */
    0xb2, 0x0, 0x62, 0x0, 0x30, 0x71, 0x40, 0x45,
    0x80, 0x20, 0x2b, 0x80, 0x96, 0x80, 0x88, 0x2,
    0x60, 0xf7, 0x70, 0xe5, 0x80, 0x15, 0x18, 0x75,
    0x14, 0xc0, 0x19, 0xe8, 0x9, 0xcc, 0x1, 0x22,
    0x30, 0x9, 0xb0, 0x0,

    /* U+0058 "X" */
    0x69, 0x0, 0x43, 0x30, 0x8c, 0x8d, 0x82, 0x62,
    0x64, 0x0, 0x20, 0x12, 0x0, 0x18, 0x88, 0x80,
    0x1f, 0x73, 0xc1, 0x16, 0x24, 0x8c,

    /* U+0059 "Y" */
    0xa4, 0x0, 0x51, 0xc4, 0x0, 0xc0, 0xc9, 0x92,
    0x20, 0x0, 0x89, 0x12, 0x0, 0x13, 0x48, 0x6,
    0x11, 0x0, 0x7e,

    /* U+005A "Z" */
    0x5b, 0xbb, 0xd1, 0x6e, 0xde, 0xc8, 0x0, 0x18,
    0x90, 0xa, 0xe0, 0x2, 0x43, 0x40, 0x0, 0xc4,
    0x80, 0x56, 0x37, 0x72, 0x0,

    /* U+005B "[" */
    0xd, 0x70, 0x67, 0x0, 0xff, 0xe4, 0x38,

    /* U+005C "\\" */
    0xb, 0x0, 0xc6, 0x60, 0xa, 0x64, 0x1, 0x8,
    0x8, 0x5, 0xcc, 0x1, 0x26, 0x0, 0x6c, 0x40,
    0x9, 0xb8,

    /* U+005D "]" */
    0x6d, 0x6, 0x70, 0xf, 0xfe, 0x3b, 0x8, 0x0,

    /* U+005E "^" */
    0x1, 0xb0, 0xa, 0x31, 0x40, 0x81, 0xfc, 0x2e,
    0x3, 0x9c,

    /* U+005F "_" */
    0x99, 0xc2,

    /* U+0060 "`" */
    0x33, 0x1, 0xd0, 0x0,

    /* U+0061 "a" */
    0xa, 0xa5, 0x80, 0x2a, 0x86, 0xa3, 0x54, 0x33,
    0x4f, 0xd1, 0x85, 0xf4, 0x10, 0x0,

    /* U+0062 "b" */
    0x39, 0x0, 0xff, 0x8e, 0x6e, 0x40, 0xf, 0x36,
    0x68, 0x8, 0x0, 0xd1, 0x2, 0x0, 0x6b, 0x83,
    0xc4, 0xe9, 0x0,

    /* U+0063 "c" */
    0x7, 0xba, 0x24, 0xeb, 0xa2, 0x3c, 0x0, 0x8b,
    0x40, 0x25, 0x1b, 0xa2,

    /* U+0064 "d" */
    0x0, 0xd6, 0x20, 0x1f, 0x4d, 0xd3, 0x82, 0x5,
    0xd0, 0x81, 0xe0, 0x1, 0x80, 0x88, 0x0, 0x50,
    0x5d, 0x98, 0x20,

    /* U+0065 "e" */
    0x8, 0xab, 0x24, 0x1a, 0x98, 0x35, 0xa8, 0x2,
    0xba, 0xa9, 0x7a, 0xa8, 0x80,

    /* U+0066 "f" */
    0x7, 0xb2, 0xa, 0xb2, 0x73, 0xa0, 0x72, 0xa0,
    0xf, 0xfe, 0x8,

    /* U+0067 "g" */
    0x9, 0xba, 0xc1, 0x40, 0xba, 0x10, 0x3c, 0x0,
    0x30, 0xe, 0x80, 0x14, 0x18, 0xaa, 0x48, 0x42,
    0xa9, 0x20, 0x1, 0xba, 0xbf, 0x0,

    /* U+0068 "h" */
    0x39, 0x0, 0xfe, 0x29, 0xc6, 0x7, 0x9c, 0xb0,
    0x50, 0xf, 0xfe, 0x8,

    /* U+0069 "i" */
    0x29, 0x29, 0x39, 0x0, 0xfc,

    /* U+006A "j" */
    0x2, 0x90, 0x29, 0x3, 0x90, 0xf, 0xfe, 0xb,
    0x75, 0x73, 0x0,

    /* U+006B "k" */
    0x39, 0x0, 0xff, 0xad, 0x40, 0x15, 0xca, 0x8,
    0x2a, 0x0, 0x43, 0x80, 0xa, 0x5, 0xc0,

    /* U+006C "l" */
    0x39, 0x0, 0xff, 0xe0, 0x0,

    /* U+006D "m" */
    0x3c, 0x7b, 0x68, 0xa6, 0x7, 0x74, 0xc4, 0x2a,
    0x80, 0x40, 0x44, 0x0, 0xff, 0xe3, 0x80,

    /* U+006E "n" */
    0x3b, 0x8a, 0x60, 0x78, 0xab, 0x5, 0x0, 0xff,
    0xe0, 0x80,

    /* U+006F "o" */
    0x8, 0xbb, 0x38, 0x20, 0xdd, 0xb4, 0xcd, 0x80,
    0xd, 0x62, 0xc0, 0x6, 0xba, 0x85, 0xd6, 0x10,

    /* U+0070 "p" */
    0x3b, 0x89, 0x90, 0x1, 0xe2, 0x41, 0x1, 0x40,
    0x1c, 0x20, 0xa0, 0xc, 0x70, 0x5, 0x5e, 0x10,
    0x2d, 0x5b, 0x80, 0x7c,

    /* U+0071 "q" */
    0x9, 0xba, 0xc1, 0x41, 0xba, 0x10, 0x3d, 0x0,
    0x30, 0x16, 0x80, 0x14, 0x14, 0xaa, 0x48, 0x1,
    0x54, 0x97, 0x0, 0xf8,

    /* U+0072 "r" */
    0x0, 0xc7, 0x74, 0x80, 0xf4, 0x80, 0xa0, 0x1f,
    0xe0,

    /* U+0073 "s" */
    0x2b, 0xa6, 0x4c, 0xa6, 0x67, 0x59, 0x84, 0xcb,
    0xd6, 0xe2, 0x40,

    /* U+0074 "t" */
    0x4, 0x0, 0xa4, 0x1, 0x7, 0x43, 0x7, 0x42,
    0x1, 0xfc, 0x96, 0x20,

    /* U+0075 "u" */
    0x48, 0x0, 0x68, 0x7, 0xf9, 0xc4, 0x4, 0xc,
    0xd2, 0xc0,

    /* U+0076 "v" */
    0xb2, 0x4, 0x8e, 0x50, 0xea, 0x5b, 0x1, 0x20,
    0x58, 0xe0, 0x5, 0x32, 0x80,

    /* U+0077 "w" */
    0xb1, 0xd, 0x30, 0xc0, 0xd4, 0x16, 0x41, 0x60,
    0x4f, 0x78, 0xc4, 0xf0, 0x21, 0xc3, 0x1f, 0x40,
    0x1, 0x98, 0x3c, 0x44, 0x0,

    /* U+0078 "x" */
    0x76, 0xb, 0x27, 0xd6, 0xc2, 0xe, 0x87, 0x0,
    0x74, 0xb0, 0x47, 0x3d, 0x10,

    /* U+0079 "y" */
    0xb2, 0x3, 0x9e, 0xa0, 0xab, 0x54, 0x2, 0x20,
    0x5d, 0x70, 0x1, 0x91, 0x40, 0x9, 0x20, 0x8,
    0xe7, 0x0, 0x0,

    /* U+007A "z" */
    0x5a, 0xa7, 0x92, 0xd6, 0xc9, 0x1, 0xeb, 0x0,
    0x3e, 0x80, 0x14, 0x35, 0x42,

    /* U+007B "{" */
    0x6, 0x80, 0xd8, 0x0, 0xf3, 0x18, 0x31, 0x80,
    0x7e, 0xf7,

    /* U+007C "|" */
    0x29, 0x0, 0xff, 0xe3, 0x0,

    /* U+007D "}" */
    0x76, 0x7, 0xd0, 0xf, 0xd8, 0xe1, 0x8e, 0x1,
    0xe7, 0xf0,

    /* U+007E "~" */
    0x6a, 0x50, 0x8f, 0xa3, 0xac,

    /* U+00A0 " " */

    /* U+00A1 "¡" */
    0xc, 0xc, 0xa, 0x1, 0x0, 0x9c, 0x1c,

    /* U+00A2 "¢" */
    0x0, 0xa4, 0x0, 0x34, 0x8c, 0x1b, 0x28, 0xc0,
    0x3, 0x0, 0x84, 0x40, 0x14, 0x6a, 0x30, 0x2e,
    0xa3, 0x0,

    /* U+00A3 "£" */
    0x0, 0x55, 0x14, 0x17, 0x69, 0x40, 0xc4, 0x0,
    0x75, 0x48, 0x3, 0xa9, 0x80, 0x7, 0xb8, 0x1,
    0x52, 0x2a, 0x40,

    /* U+00A4 "¤" */
    0x0, 0xf1, 0xd5, 0x26, 0x80, 0x8e, 0xa0, 0xc0,
    0x3e, 0x23, 0xa8, 0x30, 0x3a, 0xa4, 0xd0, 0x0,

    /* U+00A5 "¥" */
    0x68, 0x1, 0xc0, 0x64, 0x9, 0x80, 0x4, 0xc1,
    0x20, 0x1f, 0xb8, 0xb8, 0x1d, 0x25, 0x38, 0x1d,
    0x2d, 0x38, 0x1d, 0x2d, 0x38, 0x0,

    /* U+00A6 "¦" */
    0x29, 0x0, 0xf1, 0x48, 0x0, 0xa4, 0x3, 0xc0,

    /* U+00A7 "§" */
    0xa, 0xa3, 0xb, 0x53, 0xb, 0xd2, 0x20, 0xea,
    0x50, 0xad, 0x42, 0xb8, 0x4a, 0xfb, 0x40,

    /* U+00A8 "¨" */
    0x36, 0x54,

    /* U+00A9 "©" */
    0x0, 0x13, 0xb3, 0x88, 0x4, 0x68, 0xec, 0xec,
    0x40, 0x4, 0x67, 0x97, 0x72, 0x81, 0x1b, 0xc,
    0xb8, 0x8, 0x5, 0xee, 0x1, 0xc4, 0x7e, 0xe0,
    0x10, 0x80, 0xc, 0x6, 0x5d, 0xca, 0x0, 0x44,
    0x7, 0x3, 0x10, 0x0,

    /* U+00AA "ª" */
    0x29, 0xa1, 0x2f, 0x4, 0x85, 0xf0, 0xb4, 0x21,

    /* U+00AB "«" */
    0x0, 0x10, 0x88, 0x28, 0x6c, 0x17, 0x57, 0xc5,
    0x7c, 0xb0, 0xc0,

    /* U+00AC "¬" */
    0x8a, 0xaa, 0x62, 0xaa, 0x30, 0xc, 0x40,

    /* U+00AD "­" */
    0x2a, 0xa1, 0x80,

    /* U+00AE "®" */
    0x1, 0x77, 0x30, 0x5, 0x3e, 0x0, 0x80, 0x59,
    0x1d, 0x2a, 0x40, 0xa, 0x48, 0x41, 0x67, 0xc,
    0x2d, 0x2, 0x49, 0xc2, 0x0,

    /* U+00AF "¯" */
    0x99, 0xc2,

    /* U+00B0 "°" */
    0x19, 0x80, 0x7a, 0xf2, 0x7a, 0xf2,

    /* U+00B1 "±" */
    0x0, 0x20, 0x6, 0xe0, 0x4, 0x53, 0xd3, 0xc5,
    0x3d, 0x38, 0x7, 0x45, 0x5, 0x38,

    /* U+00B2 "²" */
    0x29, 0x90, 0x14, 0x98, 0x2, 0x3c, 0x19, 0x30,
    0x80,

    /* U+00B3 "³" */
    0x19, 0x80, 0x19, 0x20, 0x4, 0x80, 0x52, 0x42,
    0x92, 0x42,

    /* U+00B4 "´" */
    0x3, 0x21, 0xa2,

    /* U+00B5 "µ" */
    0x39, 0x0, 0x68, 0x7, 0xff, 0x8, 0x80, 0x6,
    0x0, 0x69, 0x91, 0x80, 0x12, 0x65, 0xa0, 0x3c,
    0x1, 0x80,

    /* U+00B6 "¶" */
    0x4f, 0x9b, 0xc, 0xa, 0xc0, 0x94, 0x0, 0x87,
    0x40, 0x3f, 0xf8, 0xc0,

    /* U+00B7 "·" */
    0x57, 0x57,

    /* U+00B8 "¸" */
    0x10, 0x46, 0x0, 0x0,

    /* U+00B9 "¹" */
    0x1, 0x5, 0xd3, 0x4b, 0x1, 0x0, 0xe0,

    /* U+00BA "º" */
    0x29, 0x92, 0xd5, 0xcf, 0x80, 0x6a, 0x89, 0xf0,

    /* U+00BB "»" */
    0x11, 0x10, 0x5, 0x61, 0x40, 0x3c, 0xb8, 0xc5,
    0xc9, 0xec,

    /* U+00BC "¼" */
    0x0, 0xf0, 0x80, 0x13, 0xc, 0x0, 0x8e, 0x0,
    0x5b, 0x0, 0xb9, 0x80, 0x2, 0x1, 0x44, 0x81,
    0x80, 0x62, 0x3, 0x68, 0x0, 0x39, 0xc4, 0x8,
    0x4, 0x2, 0x5f, 0xa, 0xe7, 0x20, 0x1, 0x28,
    0x44, 0x28, 0x80,

    /* U+00BD "½" */
    0x0, 0xf0, 0x80, 0x12, 0xcc, 0x0, 0x8e, 0x0,
    0x4c, 0x0, 0xb9, 0x80, 0x3c, 0xf3, 0x2a, 0x10,
    0x8, 0xbc, 0xef, 0x9c, 0x1c, 0xe2, 0x40, 0xbd,
    0x0, 0x9, 0x82, 0x17, 0x4, 0x0, 0xc6, 0x1,
    0xa, 0x50,

    /* U+00BE "¾" */
    0x18, 0x80, 0x5, 0x0, 0x1, 0x11, 0x0, 0x1b,
    0x40, 0x29, 0x31, 0x17, 0xac, 0x9, 0xc8, 0x8a,
    0x20, 0x8a, 0x7, 0x30, 0xbe, 0x38, 0xa0, 0x10,
    0xfb, 0x20, 0xa3, 0x80, 0x12, 0x1, 0x26, 0x9c,

    /* U+00BF "¿" */
    0x0, 0x58, 0x6, 0xb0, 0xd, 0x44, 0x0, 0x11,
    0x10, 0x2, 0xa8, 0x0, 0x33, 0x8, 0x0, 0xcd,
    0x54, 0x0,

    /* U+00C0 "À" */
    0x0, 0x50, 0x80, 0x75, 0xa8, 0x7, 0x3c, 0x80,
    0x76, 0xa1, 0x80, 0x44, 0x4a, 0xa0, 0x5, 0x54,
    0x35, 0x0, 0x96, 0x2c, 0x58, 0x15, 0x57, 0x6c,
    0xa0, 0xea, 0x0, 0xb, 0x90,

    /* U+00C1 "Á" */
    0x0, 0xd, 0x0, 0x71, 0x58, 0x7, 0x2e, 0x0,
    0x76, 0xa1, 0x80, 0x44, 0x4a, 0xa0, 0x5, 0x54,
    0x35, 0x0, 0x96, 0x2c, 0x58, 0x15, 0x57, 0x6c,
    0xa0, 0xea, 0x0, 0xb, 0x90,

    /* U+00C2 "Â" */
    0x0, 0x3d, 0x0, 0x72, 0x41, 0x0, 0x65, 0xf2,
    0x0, 0xda, 0x86, 0x1, 0x11, 0x2a, 0x80, 0x15,
    0x50, 0xd4, 0x2, 0x58, 0xb1, 0x60, 0x55, 0x5d,
    0xb2, 0x83, 0xa8, 0x0, 0x2e, 0x40,

    /* U+00C3 "Ã" */
    0x1, 0xa2, 0x50, 0x9, 0x61, 0x40, 0x32, 0x22,
    0x94, 0x3, 0x6a, 0x18, 0x4, 0x44, 0xaa, 0x0,
    0x55, 0x43, 0x50, 0x9, 0x62, 0xc5, 0x81, 0x55,
    0x76, 0xca, 0xe, 0xa0, 0x0, 0xb9, 0x0,

    /* U+00C4 "Ä" */
    0x2, 0x83, 0x60, 0x8, 0xbb, 0x8c, 0x1, 0xb5,
    0xc, 0x2, 0x22, 0x55, 0x0, 0x2a, 0xa1, 0xa8,
    0x4, 0xb1, 0x62, 0xc0, 0xaa, 0xbb, 0x65, 0x7,
    0x50, 0x0, 0x5c, 0x80,

    /* U+00C5 "Å" */
    0x0, 0x23, 0x80, 0x71, 0x90, 0x80, 0x74, 0x8,
    0x6, 0xc4, 0x40, 0x4, 0x44, 0xae, 0x0, 0xaa,
    0x86, 0xc0, 0x12, 0xc5, 0x8b, 0x2, 0xaa, 0xed,
    0x94, 0x1d, 0x40, 0x1, 0x72,

    /* U+00C6 "Æ" */
    0x0, 0xaf, 0xb2, 0xec, 0x1, 0x21, 0x3c, 0x5d,
    0x80, 0x2f, 0x80, 0xf, 0x19, 0x8, 0x45, 0xc0,
    0x2, 0x16, 0xde, 0x2e, 0x0, 0xc7, 0x2d, 0xc0,
    0x34, 0x48, 0x5, 0x17, 0x61,

    /* U+00C7 "Ç" */
    0x1, 0xac, 0xc4, 0x6, 0x4e, 0x62, 0x19, 0x4c,
    0x2, 0xed, 0x0, 0xdc, 0x40, 0x19, 0xe8, 0x80,
    0x21, 0xe9, 0xcb, 0x70, 0x3b, 0xb7, 0xb8, 0x6,
    0x30,

    /* U+00C8 "È" */
    0x2, 0xa0, 0x8, 0xa4, 0x80, 0x7a, 0x25, 0x41,
    0x6e, 0xca, 0x1, 0xe5, 0xbb, 0x18, 0x2d, 0xd8,
    0xc0, 0x3c, 0xb7, 0x67,

    /* U+00C9 "É" */
    0x0, 0x23, 0x80, 0x42, 0xe0, 0x3d, 0xcb, 0x50,
    0x5b, 0xb2, 0x80, 0x79, 0x6e, 0xc6, 0xb, 0x76,
    0x30, 0xf, 0x2d, 0xd9, 0xc0,

    /* U+00CA "Ê" */
    0x1, 0xb5, 0x0, 0x2d, 0x88, 0xd, 0x5f, 0xa8,
    0x2d, 0xd9, 0x40, 0x3c, 0xb7, 0x63, 0x5, 0xbb,
    0x18, 0x7, 0x96, 0xec, 0xe0,

    /* U+00CB "Ë" */
    0x8, 0x29, 0x1, 0x69, 0x25, 0x5, 0xbb, 0x28,
    0x7, 0x96, 0xec, 0x60, 0xb7, 0x63, 0x0, 0xf2,
    0xdd, 0x9c,

    /* U+00CC "Ì" */
    0x74, 0x7, 0x10, 0x1e, 0x0, 0xff, 0xe3, 0x80,

    /* U+00CD "Í" */
    0x9, 0x21, 0xa2, 0x8, 0x0, 0xff, 0xe3, 0x80,

    /* U+00CE "Î" */
    0x5, 0xb1, 0x1, 0xb5, 0x5, 0xb4, 0x0, 0xff,
    0xe6, 0x0,

    /* U+00CF "Ï" */
    0xa, 0x18, 0xb, 0xa8, 0x0, 0xff, 0xe6, 0x0,

    /* U+00D0 "Ð" */
    0x1e, 0xbb, 0x8c, 0x0, 0xb7, 0x69, 0xe1, 0x0,
    0xc5, 0x4f, 0x6b, 0x88, 0x5, 0xd6, 0xb8, 0x81,
    0xbc, 0x1, 0x8d, 0x58, 0x16, 0xed, 0x58, 0x0,

    /* U+00D1 "Ñ" */
    0x0, 0x24, 0xa, 0x0, 0x43, 0x30, 0xa0, 0x3e,
    0x22, 0x95, 0x90, 0x38, 0x0, 0xe7, 0x99, 0x0,
    0x72, 0x91, 0x80, 0x75, 0x78, 0x7, 0xd, 0x78,
    0x7, 0x33, 0x80,

    /* U+00D2 "Ò" */
    0x0, 0x1c, 0x0, 0x78, 0xf0, 0x3, 0x8a, 0xff,
    0x20, 0x2, 0xf9, 0xbc, 0xf8, 0x6, 0xa2, 0x0,
    0x3a, 0x87, 0x10, 0x7, 0xb8, 0x80, 0x3c, 0xf4,
    0x40, 0x7, 0xa0, 0x1f, 0x9b, 0xb0, 0x38, 0x0,

    /* U+00D3 "Ó" */
    0x0, 0x8a, 0x0, 0x3c, 0xd0, 0x1, 0x8a, 0xff,
    0x20, 0x2, 0xf9, 0xbc, 0xf8, 0x6, 0xa2, 0x0,
    0x3a, 0x87, 0x10, 0x7, 0xb8, 0x80, 0x3c, 0xf4,
    0x40, 0x7, 0xa0, 0x1f, 0x9b, 0xb0, 0x38, 0x0,

    /* U+00D4 "Ô" */
    0x0, 0xa9, 0xc0, 0x38, 0xec, 0xc0, 0x31, 0x45,
    0x44, 0x0, 0x2f, 0x9b, 0xcf, 0x80, 0x6a, 0x20,
    0x3, 0xa8, 0x71, 0x0, 0x7b, 0x88, 0x3, 0xcf,
    0x44, 0x0, 0x7a, 0x1, 0xf9, 0xbb, 0x3, 0x80,

    /* U+00D5 "Õ" */
    0x0, 0x2b, 0x89, 0x80, 0x63, 0x58, 0x20, 0x8,
    0xb6, 0x56, 0x40, 0x2f, 0x9b, 0xcf, 0x80, 0x6a,
    0x20, 0x3, 0xa8, 0x71, 0x0, 0x7b, 0x88, 0x3,
    0xcf, 0x44, 0x0, 0x7a, 0x1, 0xf9, 0xbb, 0x3,
    0x80,

    /* U+00D6 "Ö" */
    0x0, 0x39, 0x40, 0x80, 0x67, 0x28, 0x10, 0x8,
    0xae, 0xd9, 0x0, 0x17, 0xcd, 0xe7, 0xc0, 0x35,
    0x10, 0x1, 0xd4, 0x38, 0x80, 0x3d, 0xc4, 0x1,
    0xe7, 0xa2, 0x0, 0x3d, 0x0, 0xfc, 0xdd, 0x81,
    0xc0,

    /* U+00D7 "×" */
    0x63, 0x5, 0x46, 0x98, 0xd4, 0xc, 0x5c, 0x5,
    0x1d, 0xd1, 0xab, 0x84, 0x98,

    /* U+00D8 "Ø" */
    0x0, 0xfe, 0x2b, 0xb6, 0x4b, 0x80, 0x3e, 0x6f,
    0x4b, 0xc1, 0x94, 0x82, 0x6d, 0x43, 0xb4, 0x22,
    0x40, 0x2e, 0x27, 0xa1, 0x0, 0x9e, 0x44, 0x82,
    0x28, 0x15, 0xb6, 0xed, 0xee, 0x9, 0x17, 0x73,
    0x80, 0x0,

    /* U+00D9 "Ù" */
    0x0, 0x32, 0x80, 0x73, 0x0, 0x62, 0xa0, 0x50,
    0xc0, 0xf, 0xfe, 0x58, 0x80, 0x71, 0x30, 0x81,
    0x38, 0x2, 0x76, 0xe6, 0x40,

    /* U+00DA "Ú" */
    0x0, 0x9d, 0x0, 0x38, 0xd0, 0x0, 0x54, 0x8,
    0x18, 0x1, 0xff, 0xcb, 0x10, 0xe, 0x26, 0x10,
    0x27, 0x0, 0x4e, 0xdc, 0xc8, 0x0,

    /* U+00DB "Û" */
    0x0, 0x1d, 0x90, 0x6, 0x7b, 0x60, 0x1, 0x52,
    0x2, 0x60, 0x7, 0xff, 0x2c, 0x40, 0x38, 0x98,
    0x40, 0x9c, 0x1, 0x3b, 0x73, 0x20,

    /* U+00DC "Ü" */
    0x0, 0x50, 0x48, 0x6, 0xa0, 0x90, 0x1, 0x50,
    0x5, 0x80, 0x1f, 0xfc, 0xb1, 0x0, 0xe2, 0x61,
    0x2, 0x70, 0x4, 0xed, 0xcc, 0x80,

    /* U+00DD "Ý" */
    0x0, 0x14, 0x80, 0x66, 0x90, 0x5, 0x22, 0x2,
    0x8e, 0x20, 0x6, 0x6, 0x4c, 0x91, 0x0, 0x4,
    0x48, 0x90, 0x0, 0x9a, 0x40, 0x30, 0x88, 0x3,
    0xf0,

    /* U+00DE "Þ" */
    0x1b, 0x0, 0xe5, 0xbb, 0x20, 0x1, 0x6e, 0xa4,
    0x3, 0xb, 0x10, 0x4, 0x2e, 0x40, 0xb7, 0x6e,
    0x0, 0x2d, 0xd1, 0x0,

    /* U+00DF "ß" */
    0x8, 0xab, 0x20, 0x13, 0xae, 0xa0, 0x22, 0x6,
    0x58, 0x4, 0xc4, 0x1, 0x9a, 0xb8, 0x3, 0x8,
    0x80, 0x27, 0x9a, 0x0,

    /* U+00E0 "à" */
    0x3, 0x80, 0x8, 0xe8, 0x2, 0xa8, 0xb0, 0x5,
    0x50, 0xd4, 0x6a, 0x86, 0x69, 0xfa, 0x30, 0xbe,
    0x82, 0x0,

    /* U+00E1 "á" */
    0x0, 0x3a, 0x0, 0x48, 0x80, 0x5, 0x4d, 0x80,
    0x2a, 0x86, 0xa3, 0x54, 0x33, 0x4f, 0xd1, 0x85,
    0xf4, 0x10, 0x0,

    /* U+00E2 "â" */
    0x3, 0xa4, 0x0, 0xd, 0x38, 0x2, 0x2a, 0x0,
    0x15, 0x43, 0x51, 0xaa, 0x19, 0xa7, 0xe8, 0xc2,
    0xfa, 0x8, 0x0,

    /* U+00E3 "ã" */
    0x8, 0x98, 0x0, 0x44, 0xc0, 0x2, 0xa9, 0x60,
    0xa, 0xa1, 0xa8, 0xd5, 0xc, 0xd3, 0xf4, 0x61,
    0x7d, 0x4, 0x0,

    /* U+00E4 "ä" */
    0xa, 0xa, 0x0, 0x50, 0x50, 0x2, 0xa9, 0x60,
    0xa, 0xa1, 0xa8, 0xd5, 0xc, 0xd3, 0xf4, 0x61,
    0x7d, 0x4, 0x0,

    /* U+00E5 "å" */
    0x1, 0x72, 0x0, 0x3b, 0x94, 0x0, 0xee, 0x50,
    0x5, 0xec, 0x80, 0x2a, 0x86, 0xa3, 0x54, 0x33,
    0x4f, 0xd1, 0x85, 0xf4, 0x10, 0x0,

    /* U+00E6 "æ" */
    0xa, 0xa9, 0xae, 0xc6, 0x15, 0x42, 0xcb, 0xaf,
    0x19, 0x91, 0x8c, 0xc3, 0xce, 0x49, 0x94, 0xca,
    0xed, 0x35, 0xc3, 0x74, 0xa0,

    /* U+00E7 "ç" */
    0x7, 0xba, 0x24, 0xeb, 0xa2, 0x3c, 0x0, 0x8b,
    0x40, 0x25, 0x1c, 0xa2, 0x9, 0xaf, 0x20, 0xb,
    0x40,

    /* U+00E8 "è" */
    0x1, 0xa0, 0x8, 0x6c, 0x80, 0x11, 0x72, 0x48,
    0x35, 0x30, 0x6b, 0x50, 0x5, 0x75, 0x52, 0xf5,
    0x51, 0x0,

    /* U+00E9 "é" */
    0x0, 0x2b, 0x0, 0x4c, 0xc0, 0x4, 0x4d, 0x92,
    0xd, 0x4c, 0x1a, 0xd4, 0x1, 0x5d, 0x54, 0xbd,
    0x54, 0x40,

    /* U+00EA "ê" */
    0x1, 0xa6, 0x0, 0x1d, 0x28, 0x2, 0xa9, 0x4,
    0x83, 0x53, 0x6, 0xb5, 0x0, 0x57, 0x55, 0x2f,
    0x55, 0x10,

    /* U+00EB "ë" */
    0x8, 0x19, 0x0, 0x40, 0xc8, 0x2, 0x2a, 0xc9,
    0x6, 0xa6, 0xd, 0x6a, 0x0, 0xae, 0xaa, 0x5e,
    0xaa, 0x20,

    /* U+00EC "ì" */
    0x8, 0x30, 0x81, 0x3, 0xb0, 0xf, 0xfe, 0x0,

    /* U+00ED "í" */
    0x19, 0x0, 0x48, 0x14, 0x80, 0x7f, 0xf0, 0x40,

    /* U+00EE "î" */
    0x7, 0x90, 0x3, 0x48, 0x81, 0x48, 0x80, 0x7f,
    0xf1, 0x0,

    /* U+00EF "ï" */
    0x28, 0x36, 0x28, 0x36, 0x3, 0x90, 0xf, 0xfe,
    0x28,

    /* U+00F0 "ð" */
    0x0, 0xf8, 0xee, 0x14, 0x0, 0xdc, 0x4e, 0x0,
    0xcf, 0x18, 0x5, 0x1a, 0xb7, 0x2, 0xd0, 0x3,
    0x9, 0x68, 0x1, 0xc5, 0x46, 0xae, 0x0,

    /* U+00F1 "ñ" */
    0x5, 0x99, 0x18, 0x2c, 0xc8, 0xcd, 0x71, 0x4c,
    0xf, 0x15, 0x60, 0xa0, 0x1f, 0xfc, 0x10,

    /* U+00F2 "ò" */
    0x0, 0x48, 0x80, 0x69, 0x30, 0xa, 0x2e, 0x5c,
    0x10, 0x6e, 0xda, 0x66, 0xc0, 0x6, 0xb1, 0x60,
    0x3, 0x5d, 0x42, 0xeb, 0x8,

    /* U+00F3 "ó" */
    0x0, 0x14, 0x80, 0x61, 0x90, 0xa, 0x21, 0x6e,
    0x8, 0x37, 0x6d, 0x33, 0x60, 0x3, 0x58, 0xb0,
    0x1, 0xae, 0xa1, 0x75, 0x84,

    /* U+00F4 "ô" */
    0x0, 0x44, 0x0, 0x21, 0x9a, 0x10, 0x4, 0xd4,
    0xb0, 0x20, 0xdd, 0xb4, 0xcd, 0x80, 0xd, 0x62,
    0xc0, 0x6, 0xba, 0x85, 0xd6, 0x10,

    /* U+00F5 "õ" */
    0x4, 0x99, 0x20, 0x1, 0x26, 0x48, 0x0, 0x8b,
    0xb3, 0x82, 0xd, 0xdb, 0x4c, 0xd8, 0x0, 0xd6,
    0x2c, 0x0, 0x6b, 0xa8, 0x5d, 0x61, 0x0,

    /* U+00F6 "ö" */
    0x5, 0x46, 0x30, 0x2, 0xa3, 0x18, 0x2, 0x2e,
    0xce, 0x8, 0x37, 0x6d, 0x33, 0x60, 0x3, 0x58,
    0xb0, 0x1, 0xae, 0xa1, 0x75, 0x84,

    /* U+00F7 "÷" */
    0x0, 0x58, 0x6, 0xb0, 0x4, 0x55, 0x4f, 0x15,
    0x53, 0x80, 0x2c, 0x3, 0x58, 0x0,

    /* U+00F8 "ø" */
    0x0, 0xe2, 0x8, 0xab, 0xb3, 0x20, 0xd6, 0xbb,
    0x8f, 0x18, 0xad, 0x8a, 0x4d, 0x35, 0xcd, 0xbe,
    0xb0, 0x9e, 0xaa, 0x60,

    /* U+00F9 "ù" */
    0x1, 0x90, 0x8, 0x60, 0x41, 0x20, 0x45, 0xa0,
    0x1f, 0xe7, 0x10, 0x10, 0x33, 0x4b, 0x0,

    /* U+00FA "ú" */
    0x0, 0x14, 0x0, 0x68, 0x4, 0x82, 0xd, 0x0,
    0xff, 0x38, 0x80, 0x81, 0x9a, 0x58, 0x0,

    /* U+00FB "û" */
    0x1, 0x97, 0x0, 0xa5, 0x41, 0x24, 0xb, 0x40,
    0x3f, 0xce, 0x20, 0x20, 0x66, 0x96, 0x0,

    /* U+00FC "ü" */
    0x6, 0x38, 0x10, 0x63, 0x81, 0x48, 0x0, 0x68,
    0x7, 0xf9, 0xc4, 0x4, 0xc, 0xd2, 0xc0,

    /* U+00FD "ý" */
    0x0, 0x3a, 0x0, 0x4a, 0x81, 0x64, 0x43, 0x9e,
    0xa0, 0xab, 0x54, 0x2, 0x20, 0x5d, 0x70, 0x1,
    0x91, 0x40, 0x9, 0x20, 0x8, 0xe7, 0x0, 0x0,

    /* U+00FE "þ" */
    0x39, 0x0, 0xff, 0x8a, 0x6e, 0x40, 0xd, 0x36,
    0x8, 0x8, 0x0, 0xe1, 0x5, 0x0, 0x6b, 0x80,
    0x2a, 0xf4, 0x81, 0x6a, 0xdc, 0x3, 0xe0,

    /* U+00FF "ÿ" */
    0xa, 0x9, 0x0, 0x50, 0x48, 0x59, 0x1, 0xcf,
    0x50, 0x55, 0xaa, 0x1, 0x10, 0x2e, 0xb8, 0x0,
    0xc8, 0xa0, 0x4, 0x90, 0x4, 0x73, 0x80, 0x0,

    /* U+0100 "Ā" */
    0x0, 0x44, 0xc, 0x3, 0x72, 0x98, 0x6, 0xd4,
    0x30, 0x8, 0x89, 0x54, 0x0, 0xaa, 0x86, 0xa0,
    0x12, 0xc5, 0x8b, 0x2, 0xaa, 0xed, 0x94, 0x1d,
    0x40, 0x1, 0x72,

    /* U+0101 "ā" */
    0x4, 0x87, 0x0, 0x24, 0x38, 0x2, 0xa9, 0x60,
    0xa, 0xa1, 0xa8, 0xd5, 0xc, 0xd3, 0xf4, 0x61,
    0x7d, 0x4, 0x0,

    /* U+0102 "Ă" */
    0x0, 0x18, 0x18, 0x6, 0x57, 0x20, 0xe, 0xa1,
    0x0, 0xda, 0x86, 0x1, 0x11, 0x2a, 0x80, 0x15,
    0x50, 0xd4, 0x2, 0x58, 0xb1, 0x60, 0x55, 0x5d,
    0xb2, 0x83, 0xa8, 0x0, 0x2e, 0x40,

    /* U+0103 "ă" */
    0x4, 0x75, 0x0, 0x23, 0xa8, 0x2, 0xa9, 0x60,
    0xa, 0xa1, 0xa8, 0xd5, 0xc, 0xd3, 0xf4, 0x61,
    0x7d, 0x4, 0x0,

    /* U+0104 "Ą" */
    0x0, 0x36, 0x80, 0x76, 0xa1, 0x80, 0x44, 0x4a,
    0xa0, 0x5, 0x54, 0x35, 0x0, 0x96, 0x2c, 0x58,
    0x15, 0x57, 0x6c, 0xa0, 0xea, 0x0, 0xb, 0x95,
    0x90, 0x0, 0x70, 0x80, 0x31, 0x80, 0x0,

    /* U+0105 "ą" */
    0xa, 0xa5, 0x80, 0x2a, 0x86, 0xa3, 0x54, 0x33,
    0x4f, 0xd1, 0x85, 0xf4, 0x10, 0x1d, 0xc1, 0x30,
    0x0, 0x44, 0x0,

    /* U+0106 "Ć" */
    0x0, 0x95, 0x80, 0x39, 0x80, 0x3, 0x53, 0x90,
    0x19, 0x39, 0x88, 0x65, 0x30, 0xb, 0xb4, 0x3,
    0x71, 0x0, 0x67, 0xa2, 0x0, 0x87, 0xa6, 0xec,
    0xe0,

    /* U+0107 "ć" */
    0x0, 0x23, 0x80, 0x4e, 0xe0, 0x3, 0xc5, 0x12,
    0x75, 0xd1, 0x1e, 0x0, 0x45, 0xa0, 0x12, 0x8d,
    0xd1, 0x0,

    /* U+0108 "Ĉ" */
    0x0, 0xa9, 0x80, 0x23, 0xa2, 0x0, 0xc, 0xe4,
    0x40, 0x32, 0x73, 0x10, 0xca, 0x60, 0x17, 0x68,
    0x6, 0xe2, 0x0, 0xcf, 0x44, 0x1, 0xf, 0x4d,
    0xd9, 0xc0,

    /* U+0109 "ĉ" */
    0x1, 0xa6, 0x0, 0x1d, 0x28, 0x1, 0x6e, 0x49,
    0x3a, 0xe8, 0x8f, 0x0, 0x22, 0xd0, 0x9, 0x46,
    0xe8, 0x80,

    /* U+010A "Ċ" */
    0x0, 0xa0, 0x40, 0x34, 0x8, 0x0, 0x6b, 0x31,
    0x1, 0x93, 0x98, 0x86, 0x53, 0x0, 0xbb, 0x40,
    0x37, 0x10, 0x6, 0x7a, 0x20, 0x8, 0x7a, 0x6e,
    0xce,

    /* U+010B "ċ" */
    0x0, 0x31, 0x80, 0x4c, 0x60, 0x7, 0xba, 0x24,
    0xeb, 0xa2, 0x3c, 0x0, 0x8b, 0x40, 0x25, 0x1b,
    0xa2,

    /* U+010C "Č" */
    0x0, 0x22, 0xc8, 0x4, 0x81, 0x60, 0x1, 0xa9,
    0xe8, 0xc, 0x9c, 0xc4, 0x32, 0x98, 0x5, 0xda,
    0x1, 0xb8, 0x80, 0x33, 0xd1, 0x0, 0x43, 0xd3,
    0x76, 0x70,

    /* U+010D "č" */
    0x3, 0x68, 0x0, 0x1a, 0xc8, 0x1, 0xe2, 0xc9,
    0x3a, 0xe8, 0x8f, 0x0, 0x22, 0xd0, 0x9, 0x46,
    0xe8, 0x80,

    /* U+010E "Ď" */
    0x0, 0x42, 0xa8, 0x3, 0x49, 0xa8, 0x0, 0x7a,
    0xb6, 0xcc, 0x0, 0xb7, 0x69, 0xe1, 0x0, 0xc5,
    0x4e, 0x1, 0xc5, 0xc0, 0x1d, 0xbc, 0x1, 0x8d,
    0x18, 0x16, 0xed, 0x5a, 0x0,

    /* U+010F "ď" */
    0x0, 0xd6, 0x54, 0x1, 0xe3, 0xa0, 0x4, 0xdd,
    0x38, 0x4, 0x81, 0x74, 0x20, 0x11, 0xe0, 0x1,
    0x80, 0x22, 0x20, 0x1, 0x40, 0x25, 0xd9, 0x82,
    0x0, 0x80,

    /* U+0110 "Đ" */
    0x1e, 0xbb, 0x8c, 0x0, 0xb7, 0x69, 0xe1, 0x0,
    0xc5, 0x4f, 0x6b, 0x88, 0x5, 0xd6, 0xb8, 0x81,
    0xbc, 0x1, 0x8d, 0x58, 0x16, 0xed, 0x58, 0x0,

    /* U+0111 "đ" */
    0x0, 0x1d, 0x73, 0x80, 0xe, 0x95, 0x82, 0x6e,
    0x9c, 0x10, 0x2e, 0x84, 0xf, 0x0, 0xc, 0x4,
    0x40, 0x2, 0x82, 0xec, 0xc1, 0x0,

    /* U+0112 "Ē" */
    0x3, 0x88, 0x0, 0xe9, 0x99, 0x41, 0x6e, 0xca,
    0x1, 0xe5, 0xbb, 0x18, 0x2d, 0xd8, 0xc0, 0x3c,
    0xb7, 0x67,

    /* U+0113 "ē" */
    0x3, 0x88, 0x0, 0xe, 0x20, 0x0, 0x8a, 0xb2,
    0x41, 0xa9, 0x83, 0x5a, 0x80, 0x2b, 0xaa, 0x97,
    0xaa, 0x88,

    /* U+0114 "Ĕ" */
    0x4, 0x4, 0x0, 0x34, 0x10, 0xe, 0x1e, 0xa8,
    0x2d, 0xd9, 0x40, 0x3c, 0xb7, 0x63, 0x5, 0xbb,
    0x18, 0x7, 0x96, 0xec, 0xe0,

    /* U+0115 "ĕ" */
    0x4, 0x76, 0x0, 0x23, 0xb0, 0x2, 0x2a, 0xc9,
    0x6, 0xa6, 0xd, 0x6a, 0x0, 0xae, 0xaa, 0x5e,
    0xaa, 0x20,

    /* U+0116 "Ė" */
    0x0, 0x40, 0x80, 0xf1, 0xd2, 0x82, 0xdd, 0x94,
    0x3, 0xcb, 0x76, 0x30, 0x5b, 0xb1, 0x80, 0x79,
    0x6e, 0xce,

    /* U+0117 "ė" */
    0x0, 0x39, 0x0, 0x4e, 0x40, 0x8, 0xab, 0x24,
    0x1a, 0x98, 0x35, 0xa8, 0x2, 0xba, 0xa9, 0x7a,
    0xa8, 0x80,

    /* U+0118 "Ę" */
    0x1e, 0xbb, 0x28, 0x2d, 0xd9, 0x40, 0x3c, 0xb7,
    0x63, 0x5, 0xbb, 0x18, 0x7, 0x96, 0xec, 0xe3,
    0xd6, 0x6e, 0x1, 0x8, 0x0,

    /* U+0119 "ę" */
    0x8, 0xab, 0x24, 0x1a, 0x98, 0x35, 0xa8, 0x2,
    0xba, 0xa9, 0x7a, 0xad, 0x2, 0x72, 0x10, 0x0,
    0x6e, 0x0,

    /* U+011A "Ě" */
    0x4, 0x59, 0x0, 0x21, 0xc0, 0xf, 0x6d, 0x28,
    0x2d, 0xd9, 0x40, 0x3c, 0xb7, 0x63, 0x5, 0xbb,
    0x18, 0x7, 0x96, 0xec, 0xe0,

    /* U+011B "ě" */
    0x3, 0x68, 0x0, 0x1a, 0xc8, 0x2, 0x26, 0x89,
    0x6, 0xa6, 0xd, 0x6a, 0x0, 0xae, 0xaa, 0x5e,
    0xaa, 0x20,

    /* U+011C "Ĝ" */
    0x0, 0xa9, 0xc0, 0x31, 0xd9, 0x80, 0x43, 0x3b,
    0x16, 0x0, 0xd9, 0xcc, 0x58, 0x32, 0x18, 0x6,
    0xed, 0x2, 0xbd, 0x2e, 0x20, 0x2b, 0x70, 0x7a,
    0x20, 0xc, 0x3f, 0x37, 0x60, 0x30,

    /* U+011D "ĝ" */
    0x0, 0x4b, 0x80, 0x45, 0x2a, 0x1, 0x5d, 0xa3,
    0x5, 0x2, 0xe8, 0x40, 0xf0, 0x0, 0xc0, 0x3a,
    0x0, 0x50, 0x62, 0xa9, 0x21, 0xa, 0xa4, 0x80,
    0x6, 0xea, 0xfc, 0x0,

    /* U+011E "Ğ" */
    0x0, 0x30, 0xb8, 0x80, 0x4c, 0xc1, 0x10, 0x0,
    0x6a, 0xea, 0xc0, 0x1b, 0x39, 0x8b, 0x6, 0x43,
    0x0, 0xdd, 0xa0, 0x57, 0xa5, 0xc4, 0x5, 0x6e,
    0xf, 0x44, 0x1, 0x87, 0xe6, 0xec, 0x6,

    /* U+011F "ğ" */
    0x2, 0x77, 0x0, 0x44, 0xee, 0x0, 0xa6, 0xeb,
    0x5, 0x2, 0xe8, 0x40, 0xf0, 0x0, 0xc0, 0x3a,
    0x0, 0x50, 0x62, 0xa9, 0x21, 0xa, 0xa4, 0x80,
    0x6, 0xea, 0xfc, 0x0,

    /* U+0120 "Ġ" */
    0x0, 0x98, 0xc0, 0x39, 0x8c, 0x2, 0x1a, 0xcc,
    0x58, 0x3, 0x67, 0x31, 0x60, 0xc8, 0x60, 0x1b,
    0xb4, 0xa, 0xf4, 0xb8, 0x80, 0xad, 0xc1, 0xe8,
    0x80, 0x30, 0xfc, 0xdd, 0x80, 0xc0,

    /* U+0121 "ġ" */
    0x0, 0x39, 0x0, 0x67, 0x20, 0xa, 0x6e, 0xb0,
    0x50, 0x2e, 0x84, 0xf, 0x0, 0xc, 0x3, 0xa0,
    0x5, 0x6, 0x2a, 0x92, 0x10, 0xaa, 0x48, 0x0,
    0x6e, 0xaf, 0xc0,

    /* U+0122 "Ģ" */
    0x1, 0xac, 0xc5, 0x80, 0x36, 0x73, 0x16, 0xc,
    0x86, 0x1, 0xbb, 0x40, 0xaf, 0x4b, 0x88, 0xa,
    0xdc, 0x1e, 0x88, 0x3, 0xf, 0xcd, 0xd8, 0xc,
    0xa, 0xf6, 0xa8, 0x20, 0x11, 0x88, 0x0,

    /* U+0123 "ģ" */
    0x0, 0x1b, 0x80, 0x61, 0x70, 0xa, 0x65, 0x58,
    0x28, 0x17, 0x42, 0x7, 0x80, 0x6, 0x1, 0xd0,
    0x2, 0x83, 0x15, 0x49, 0x8, 0x55, 0x24, 0x0,
    0x37, 0x57, 0xe0,

    /* U+0124 "Ĥ" */
    0x0, 0x15, 0x98, 0x6, 0x6b, 0x70, 0x0, 0xda,
    0x2, 0x51, 0x80, 0x7f, 0xf0, 0xd6, 0xee, 0x40,
    0x2, 0xdd, 0xc8, 0x1, 0xff, 0xc3,

    /* U+0125 "ĥ" */
    0x0, 0x1a, 0x0, 0x6, 0xcc, 0x80, 0x61, 0xc8,
    0xe4, 0x3, 0xf8, 0xa7, 0x18, 0x1e, 0x72, 0xc1,
    0x40, 0x3f, 0xf8, 0x20,

    /* U+0126 "Ħ" */
    0x1b, 0x0, 0xa8, 0xed, 0x6e, 0xe4, 0x8b, 0x5b,
    0xb9, 0x20, 0x16, 0xee, 0x40, 0x2, 0xdd, 0xc8,
    0x1, 0xff, 0xc3,

    /* U+0127 "ħ" */
    0x9d, 0xa2, 0xa, 0x4a, 0x20, 0x1, 0x4e, 0x30,
    0x3c, 0xe5, 0x82, 0x80, 0x7f, 0xf0, 0x40,

    /* U+0128 "Ĩ" */
    0x9, 0x35, 0x2a, 0x53, 0x22, 0x6b, 0x0, 0x7f,
    0xf3, 0x0,

    /* U+0129 "ĩ" */
    0x29, 0x92, 0x94, 0xc9, 0x40, 0xe4, 0x3, 0xff,
    0x8a,

    /* U+012A "Ī" */
    0x78, 0x46, 0x34, 0x0, 0xff, 0xe3, 0x0,

    /* U+012B "ī" */
    0x8, 0x81, 0x84, 0x40, 0xc0, 0xe4, 0x3, 0xff,
    0x8a,

    /* U+012C "Ĭ" */
    0x4, 0x4, 0x2, 0x86, 0x7, 0x32, 0x0, 0xff,
    0xe6, 0x0,

    /* U+012D "ĭ" */
    0x7, 0x71, 0x3, 0xb8, 0x80, 0xe4, 0x3, 0xff,
    0x8a,

    /* U+012E "Į" */
    0x1b, 0x0, 0xff, 0xe0, 0x2f, 0x88, 0x80,

    /* U+012F "į" */
    0x29, 0x29, 0x39, 0x0, 0xfc, 0xb4, 0x0,

    /* U+0130 "İ" */
    0x9, 0x12, 0x0, 0xff, 0xe0, 0x0,

    /* U+0131 "ı" */
    0x39, 0x0, 0xfc,

    /* U+0132 "Ĳ" */
    0x1b, 0x0, 0x3b, 0x0, 0x7f, 0xf2, 0xcc, 0x3,
    0x73, 0x0, 0xa, 0x84, 0xc0,

    /* U+0133 "ĳ" */
    0x29, 0x9, 0x22, 0x48, 0x49, 0x1c, 0x85, 0x10,
    0x7, 0xff, 0x20, 0xe4, 0x18, 0x81, 0x2e, 0x80,

    /* U+0134 "Ĵ" */
    0x5, 0xa1, 0x1, 0xa2, 0x5, 0xb3, 0x0, 0xff,
    0xe1, 0x8, 0x1, 0x48, 0x2b, 0xe4, 0x0,

    /* U+0135 "ĵ" */
    0x7, 0x91, 0x5, 0x90, 0x0, 0xc8, 0x80, 0x7f,
    0xf1, 0x5b, 0x82, 0xb9, 0x80,

    /* U+0136 "Ķ" */
    0x1b, 0x0, 0x61, 0x0, 0x55, 0x4, 0x0, 0x9f,
    0x40, 0x2, 0xac, 0x1, 0x2d, 0xc8, 0x6, 0x70,
    0x70, 0xd, 0x38, 0xa3, 0x62, 0x76, 0xa0, 0x9,
    0x10, 0x0,

    /* U+0137 "ķ" */
    0x39, 0x0, 0xff, 0xad, 0x40, 0x15, 0xca, 0x8,
    0x2a, 0x0, 0x43, 0x80, 0xa, 0x5, 0xce, 0x52,
    0x5c, 0x7, 0x40, 0x0,

    /* U+0138 "ĸ" */
    0x39, 0xb, 0x50, 0x5, 0x72, 0x82, 0xa, 0x80,
    0x10, 0xe0, 0x2, 0x81, 0x70,

    /* U+0139 "Ĺ" */
    0x0, 0xd, 0x0, 0x4b, 0x60, 0x36, 0x82, 0x1,
    0xff, 0xcf, 0x5b, 0xb3, 0x0,

    /* U+013A "ĺ" */
    0x3, 0x30, 0xd1, 0x8c, 0x81, 0xc8, 0x7, 0xff,
    0x1c,

    /* U+013B "Ļ" */
    0x1b, 0x0, 0xff, 0xe8, 0xad, 0xd9, 0x87, 0xbe,
    0xd8, 0x1, 0xc0, 0x0,

    /* U+013C "ļ" */
    0x39, 0x0, 0xff, 0xe0, 0x15, 0xc0, 0x0,

    /* U+013D "Ľ" */
    0x1b, 0x9, 0x20, 0xa, 0xc8, 0x2, 0x20, 0xf,
    0xfe, 0x2a, 0xdd, 0x98,

    /* U+013E "ľ" */
    0x39, 0x91, 0x0, 0x2c, 0x80, 0x4, 0x1, 0xff,
    0xc5,

    /* U+013F "Ŀ" */
    0x1b, 0x0, 0xff, 0xe2, 0x48, 0x6, 0x90, 0xf,
    0x96, 0xec, 0xc0,

    /* U+0140 "ŀ" */
    0x39, 0x0, 0xff, 0xe0, 0x40, 0x5, 0x0, 0x1f,
    0xc0,

    /* U+0141 "Ł" */
    0x1b, 0x0, 0xff, 0x32, 0x1, 0x29, 0xa0, 0x5a,
    0xa8, 0x1, 0x20, 0x1c, 0xb7, 0x66,

    /* U+0142 "ł" */
    0x1b, 0x0, 0xf1, 0x1a, 0xb5, 0x2a, 0x48, 0x7,
    0x0,

    /* U+0143 "Ń" */
    0x0, 0x91, 0xc0, 0x38, 0x5c, 0x0, 0x3e, 0x8a,
    0x9, 0x20, 0x70, 0x1, 0xcf, 0x32, 0x0, 0xe5,
    0x23, 0x0, 0xea, 0xf0, 0xe, 0x1a, 0xf0, 0xe,
    0x67, 0x0,

    /* U+0144 "ń" */
    0x0, 0x1c, 0x0, 0x43, 0x0, 0x77, 0x54, 0x60,
    0x78, 0xab, 0x5, 0x0, 0xff, 0xe0, 0x80,

    /* U+0145 "Ņ" */
    0x1f, 0x40, 0x2, 0x48, 0x1c, 0x0, 0x73, 0xcc,
    0x80, 0x39, 0x48, 0xc0, 0x3a, 0xbc, 0x3, 0x86,
    0xbc, 0x3, 0x99, 0xc0, 0x6c, 0x10, 0x32, 0x40,
    0x2e, 0x0, 0x80,

    /* U+0146 "ņ" */
    0x3b, 0x8a, 0x60, 0x78, 0xab, 0x5, 0x0, 0xff,
    0xe0, 0x9c, 0x98, 0xe8, 0x2, 0x44, 0x0,

    /* U+0147 "Ň" */
    0x0, 0x22, 0xc8, 0x6, 0x43, 0x80, 0x0, 0xfa,
    0x30, 0xa4, 0x81, 0xc0, 0x7, 0x3c, 0xc8, 0x3,
    0x94, 0x8c, 0x3, 0xab, 0xc0, 0x38, 0x6b, 0xc0,
    0x39, 0x9c, 0x0,

    /* U+0148 "ň" */
    0x1, 0x78, 0x0, 0xa, 0xc8, 0x1d, 0xd5, 0xb0,
    0x3c, 0x55, 0x82, 0x80, 0x7f, 0xf0, 0x40,

    /* U+0149 "ŉ" */
    0xa, 0x0, 0xe1, 0x20, 0xe, 0x18, 0xc7, 0x8b,
    0x0, 0xcb, 0x6, 0x80, 0x11, 0x7, 0x88, 0x7,
    0xff, 0x8,

    /* U+014A "Ŋ" */
    0x1f, 0x50, 0x2, 0x48, 0x1c, 0x8, 0x6, 0x78,
    0xb0, 0xe, 0x50, 0x50, 0xe, 0xb8, 0x10, 0xc,
    0x33, 0x0, 0x1c, 0x88, 0x11, 0x58, 0x5, 0x9e,
    0x1, 0xab, 0x98,

    /* U+014B "ŋ" */
    0x3b, 0x8a, 0x60, 0x78, 0xab, 0x5, 0x0, 0xff,
    0xe0, 0x9, 0xc8, 0x7, 0x2e, 0x50,

    /* U+014C "Ō" */
    0x0, 0x1c, 0x40, 0x3, 0x14, 0x1a, 0x40, 0x5,
    0xf3, 0x79, 0xf0, 0xd, 0x44, 0x0, 0x75, 0xe,
    0x20, 0xf, 0x71, 0x0, 0x79, 0xe8, 0x80, 0xf,
    0x40, 0x3f, 0x37, 0x60, 0x70,

    /* U+014D "ō" */
    0x2, 0x88, 0x8, 0x0, 0xa2, 0x2, 0x0, 0x8b,
    0xb3, 0x82, 0xd, 0xdb, 0x4c, 0xd8, 0x0, 0xd6,
    0x2c, 0x0, 0x6b, 0xa8, 0x5d, 0x61, 0x0,

    /* U+014E "Ŏ" */
    0x0, 0x30, 0xb8, 0x80, 0x67, 0x62, 0x10, 0x8,
    0xab, 0x26, 0x0, 0x2f, 0x9b, 0xcf, 0x80, 0x6a,
    0x20, 0x3, 0xa8, 0x71, 0x0, 0x7b, 0x88, 0x3,
    0xcf, 0x44, 0x0, 0x7a, 0x1, 0xf9, 0xbb, 0x3,
    0x80,

    /* U+014F "ŏ" */
    0x1, 0x77, 0x8, 0x0, 0x5d, 0xc2, 0x0, 0x8b,
    0xb3, 0x82, 0xd, 0xdb, 0x4c, 0xd8, 0x0, 0xd6,
    0x2c, 0x0, 0x6b, 0xa8, 0x5d, 0x61, 0x0,

    /* U+0150 "Ő" */
    0x0, 0xa1, 0xc8, 0x3, 0xd, 0x21, 0x0, 0x45,
    0x53, 0xf0, 0x1, 0x7c, 0xde, 0x7c, 0x3, 0x51,
    0x0, 0x1d, 0x43, 0x88, 0x3, 0xdc, 0x40, 0x1e,
    0x7a, 0x20, 0x3, 0xd0, 0xf, 0xcd, 0xd8, 0x1c,
    0x0,

    /* U+0151 "ő" */
    0x0, 0x33, 0xa8, 0x4, 0xa6, 0xa0, 0x8, 0x87,
    0xb8, 0x20, 0xdd, 0xb4, 0xcd, 0x80, 0xd, 0x62,
    0xc0, 0x6, 0xba, 0x85, 0xd6, 0x10,

    /* U+0152 "Œ" */
    0x2, 0xbd, 0xd7, 0xee, 0xa4, 0x3f, 0xdb, 0xa2,
    0xdd, 0x4a, 0xa9, 0x0, 0x3d, 0xba, 0x0, 0xd7,
    0x65, 0xe2, 0x0, 0xd7, 0x65, 0x7a, 0x20, 0xf,
    0xf, 0xcd, 0xd8, 0xae, 0xd2,

    /* U+0153 "œ" */
    0x8, 0xab, 0x76, 0xbb, 0x1a, 0xd, 0x5e, 0xfd,
    0xd4, 0x1e, 0x0, 0x35, 0x6a, 0xc0, 0xb4, 0x1,
    0xab, 0x54, 0xb5, 0x1a, 0xbc, 0x1b, 0xa5,

    /* U+0154 "Ŕ" */
    0x0, 0xa8, 0x3, 0x1d, 0x80, 0x7, 0xa3, 0x5c,
    0x0, 0xb7, 0x94, 0x20, 0x10, 0x80, 0x82, 0xe6,
    0x3c, 0x0, 0xb8, 0xa8, 0x1, 0xa2, 0x84, 0x3,
    0x4d, 0x80,

    /* U+0155 "ŕ" */
    0x0, 0x48, 0x80, 0xc8, 0x9d, 0x51, 0x1, 0xe9,
    0x1, 0x40, 0x3f, 0xc0,

    /* U+0156 "Ŗ" */
    0x1e, 0xbc, 0x70, 0x2, 0xde, 0x50, 0x80, 0x42,
    0x2, 0xb, 0x98, 0xf0, 0x2, 0xe2, 0xa0, 0x6,
    0x8a, 0x10, 0xd, 0x36, 0x36, 0x24, 0xb4, 0x0,
    0x83, 0x0, 0x0,

    /* U+0157 "ŗ" */
    0x0, 0xc7, 0x74, 0x80, 0xf4, 0x80, 0xa0, 0x1f,
    0xe3, 0x82, 0x0, 0x40, 0x0,

    /* U+0158 "Ř" */
    0x1, 0x78, 0x10, 0x0, 0x9d, 0x88, 0xf, 0x7f,
    0x9c, 0x0, 0xb7, 0x94, 0x20, 0x10, 0x80, 0x82,
    0xe6, 0x3c, 0x0, 0xb8, 0xa8, 0x1, 0xa2, 0x84,
    0x3, 0x4d, 0x80,

    /* U+0159 "ř" */
    0x8, 0x72, 0x9, 0x52, 0x3a, 0x84, 0x7, 0xa4,
    0x5, 0x0, 0xff, 0x0,

    /* U+015A "Ś" */
    0x0, 0x1c, 0x0, 0x4d, 0x0, 0x9, 0xec, 0x75,
    0xb, 0xc7, 0x65, 0x10, 0x1, 0xc6, 0xc0, 0x1,
    0x33, 0xe4, 0x40, 0xa, 0x4b, 0x97, 0x30,

    /* U+015B "ś" */
    0x0, 0x48, 0x80, 0xc0, 0x95, 0x5b, 0x26, 0x53,
    0x33, 0xac, 0xc2, 0x65, 0xeb, 0x71, 0x20,

    /* U+015C "Ŝ" */
    0x1, 0xa5, 0x0, 0x15, 0x8, 0x2, 0xae, 0x1d,
    0x42, 0xf1, 0xd9, 0x44, 0x0, 0x71, 0xb0, 0x0,
    0x4c, 0xf9, 0x10, 0x2, 0x92, 0xe5, 0xcc, 0x0,

    /* U+015D "ŝ" */
    0x8, 0x90, 0x5, 0x40, 0x94, 0xdb, 0xa6, 0x53,
    0x33, 0xac, 0xc2, 0x65, 0xeb, 0x71, 0x20,

    /* U+015E "Ş" */
    0x9, 0xbc, 0x75, 0xb, 0xc7, 0x65, 0x10, 0x1,
    0xc6, 0xc0, 0x1, 0x33, 0xe4, 0x40, 0xa, 0x4b,
    0x98, 0x98, 0x4c, 0xbf, 0x30, 0x0, 0xe0, 0x0,

    /* U+015F "ş" */
    0x2b, 0xa6, 0x4c, 0xa6, 0x67, 0x59, 0x84, 0xcb,
    0xd6, 0xe6, 0x4b, 0x6, 0xa0, 0x2, 0x10,

    /* U+0160 "Š" */
    0x5, 0x48, 0x0, 0x29, 0x48, 0x2, 0x77, 0x4e,
    0xa1, 0x78, 0xec, 0xa2, 0x0, 0x38, 0xd8, 0x0,
    0x26, 0x7c, 0x88, 0x1, 0x49, 0x72, 0xe6, 0x0,

    /* U+0161 "š" */
    0x17, 0x81, 0x12, 0xd0, 0x94, 0xc3, 0x26, 0x53,
    0x33, 0xac, 0xc2, 0x65, 0xeb, 0x71, 0x20,

    /* U+0162 "Ţ" */
    0x9b, 0xfb, 0xb0, 0x4d, 0x9d, 0xd8, 0x3, 0xff,
    0x9e, 0x20, 0x1d, 0x48, 0x1, 0x87, 0x0, 0x0,

    /* U+0163 "ţ" */
    0x4, 0x0, 0xa4, 0x1, 0x7, 0x43, 0x7, 0x42,
    0x1, 0xfc, 0xf6, 0x21, 0x6, 0x20, 0x1, 0x10,

    /* U+0164 "Ť" */
    0x5, 0x48, 0x0, 0x94, 0xa4, 0x1, 0x37, 0x35,
    0x61, 0x36, 0x77, 0x60, 0xf, 0xfe, 0x98,

    /* U+0165 "ť" */
    0x6, 0x4, 0x70, 0xb0, 0x77, 0x41, 0xd1, 0x4,
    0x1d, 0x8, 0x7, 0xff, 0x1, 0x2c, 0x40,

    /* U+0166 "Ŧ" */
    0x9b, 0xfb, 0xb0, 0x4d, 0x9d, 0xd8, 0x3, 0xf6,
    0x1e, 0x10, 0x3, 0xf, 0x8, 0x3, 0xff, 0x82,

    /* U+0167 "ŧ" */
    0x4, 0x0, 0xa4, 0x1, 0x7, 0x43, 0xe0, 0x1,
    0x73, 0xa0, 0xf, 0x2d, 0x88,

    /* U+0168 "Ũ" */
    0x0, 0x42, 0x28, 0x6, 0xd1, 0x20, 0x1, 0x52,
    0xa9, 0xf0, 0x3, 0xff, 0x96, 0x20, 0x1c, 0x4c,
    0x20, 0x4e, 0x0, 0x9d, 0xb9, 0x90, 0x0,

    /* U+0169 "ũ" */
    0x6, 0x99, 0x10, 0x34, 0xc8, 0x92, 0x0, 0x1a,
    0x1, 0xfe, 0x71, 0x1, 0x3, 0x34, 0xb0, 0x0,

    /* U+016A "Ū" */
    0x0, 0x34, 0x28, 0x0, 0xa9, 0xa1, 0x70, 0x3,
    0xff, 0x96, 0x20, 0x1c, 0x4c, 0x20, 0x4e, 0x0,
    0x9d, 0xb9, 0x90, 0x0,

    /* U+016B "ū" */
    0x4, 0x88, 0x0, 0x12, 0x20, 0x9, 0x0, 0xd,
    0x0, 0xff, 0x38, 0x80, 0x81, 0x9a, 0x58, 0x0,

    /* U+016C "Ŭ" */
    0x0, 0x38, 0x40, 0x6, 0x37, 0xa0, 0x1, 0x52,
    0x39, 0x60, 0x7, 0xff, 0x2c, 0x40, 0x38, 0x98,
    0x40, 0x9c, 0x1, 0x3b, 0x73, 0x20,

    /* U+016D "ŭ" */
    0x3, 0x76, 0x0, 0x1b, 0xb0, 0x24, 0x0, 0x34,
    0x3, 0xfc, 0xe2, 0x2, 0x6, 0x69, 0x60,

    /* U+016E "Ů" */
    0x0, 0x1b, 0x80, 0x72, 0x2a, 0x80, 0x32, 0x2a,
    0x80, 0x5, 0x46, 0xe1, 0x80, 0x1f, 0xfc, 0xb1,
    0x0, 0xe2, 0x61, 0x2, 0x70, 0x4, 0xed, 0xcc,
    0x80,

    /* U+016F "ů" */
    0x0, 0x3a, 0x0, 0xc, 0xe0, 0x1, 0x9c, 0x9,
    0xe, 0x9a, 0x1, 0xfe, 0x71, 0x1, 0x3, 0x34,
    0xb0, 0x0,

    /* U+0170 "Ű" */
    0x0, 0xc, 0x40, 0x3, 0x15, 0xc8, 0x0, 0xa8,
    0xcc, 0x38, 0x1, 0xff, 0xcb, 0x10, 0xe, 0x26,
    0x10, 0x27, 0x0, 0x4e, 0xdc, 0xc8, 0x0,

    /* U+0171 "ű" */
    0x0, 0x44, 0x4, 0x6, 0xac, 0x52, 0x48, 0xf4,
    0x3, 0xfc, 0xe2, 0x2, 0x6, 0x69, 0x60,

    /* U+0172 "Ų" */
    0x2a, 0x0, 0xb0, 0x3, 0xff, 0x96, 0x20, 0x1c,
    0x4c, 0x20, 0x4e, 0x0, 0x9d, 0xc9, 0x90, 0x1,
    0x31, 0x6c, 0x80, 0x3f, 0x0,

    /* U+0173 "ų" */
    0x48, 0x0, 0x68, 0x7, 0xf9, 0xc4, 0x4, 0xc,
    0xd2, 0xc0, 0xa, 0x94, 0xb0, 0xe,

    /* U+0174 "Ŵ" */
    0x0, 0xd4, 0xc0, 0x1f, 0x1d, 0x90, 0x6, 0xb2,
    0x3, 0xd0, 0xb, 0x7, 0x14, 0x4, 0x58, 0x2,
    0x2, 0xb8, 0x9, 0x68, 0x8, 0x80, 0x26, 0xf,
    0x77, 0xe, 0x58, 0x1, 0x51, 0x87, 0x51, 0x4c,
    0x1, 0x9e, 0x80, 0x9c, 0xc0, 0x12, 0x23, 0x0,
    0x9b, 0x0, 0x0,

    /* U+0175 "ŵ" */
    0x0, 0xc, 0xb0, 0x7, 0x1c, 0xa0, 0x5, 0x62,
    0x5a, 0x21, 0x81, 0xa8, 0x2c, 0x82, 0xc0, 0x9e,
    0xf1, 0x89, 0xe0, 0x43, 0x86, 0x3e, 0x80, 0x3,
    0x30, 0x78, 0x88, 0x0,

    /* U+0176 "Ŷ" */
    0x0, 0x53, 0x80, 0x47, 0x66, 0x0, 0xa7, 0x14,
    0xa3, 0x88, 0x1, 0x81, 0x93, 0x24, 0x40, 0x1,
    0x12, 0x24, 0x0, 0x26, 0x90, 0xc, 0x22, 0x0,
    0xfc,

    /* U+0177 "ŷ" */
    0x3, 0x94, 0x0, 0xc, 0xb0, 0x58, 0x0, 0x67,
    0xa8, 0x2a, 0xd5, 0x0, 0x88, 0x17, 0x5c, 0x0,
    0x64, 0x50, 0x2, 0x48, 0x2, 0x39, 0xc0, 0x0,

    /* U+0178 "Ÿ" */
    0x7, 0x28, 0x10, 0xa3, 0x28, 0xb3, 0x88, 0x1,
    0x81, 0x93, 0x24, 0x40, 0x1, 0x12, 0x24, 0x0,
    0x26, 0x90, 0xc, 0x22, 0x0, 0xfc,

    /* U+0179 "Ź" */
    0x0, 0xa8, 0x3, 0x1d, 0x80, 0x16, 0xe2, 0xbd,
    0x16, 0xed, 0xec, 0x80, 0x1, 0x89, 0x0, 0xae,
    0x0, 0x24, 0x34, 0x0, 0xc, 0x48, 0x5, 0x63,
    0x77, 0x20,

    /* U+017A "ź" */
    0x0, 0x49, 0x0, 0x6, 0x8, 0x16, 0xed, 0xe4,
    0xb5, 0xb2, 0x40, 0x7a, 0xc0, 0xf, 0xa0, 0x5,
    0xd, 0x50, 0x80,

    /* U+017B "Ż" */
    0x0, 0x31, 0x80, 0x16, 0xf6, 0x3d, 0x16, 0xed,
    0xec, 0x80, 0x1, 0x89, 0x0, 0xae, 0x0, 0x24,
    0x34, 0x0, 0xc, 0x48, 0x5, 0x63, 0x77, 0x20,

    /* U+017C "ż" */
    0x0, 0x48, 0x6, 0x90, 0x2, 0xd5, 0x3c, 0x96,
    0xb6, 0x48, 0xf, 0x58, 0x1, 0xf4, 0x0, 0xa1,
    0xaa, 0x10,

    /* U+017D "Ž" */
    0x1, 0x88, 0x8, 0x0, 0x6f, 0x4, 0x16, 0xe3,
    0xfc, 0x8b, 0x76, 0xf6, 0x40, 0x0, 0xc4, 0x80,
    0x57, 0x0, 0x12, 0x1a, 0x0, 0x6, 0x24, 0x2,
    0xb1, 0xbb, 0x90,

    /* U+017E "ž" */
    0x7, 0x65, 0x0, 0x3a, 0xa8, 0x16, 0xa7, 0xc9,
    0x6b, 0x64, 0x80, 0xf5, 0x80, 0x1f, 0x40, 0xa,
    0x1a, 0xa1, 0x0,

    /* U+017F "ſ" */
    0xa, 0xa1, 0x5, 0x9, 0x80, 0x7f, 0xf0, 0x40,

    /* U+01A0 "Ơ" */
    0x0, 0xfa, 0x80, 0xae, 0xd9, 0x8a, 0xf0, 0xf9,
    0xbc, 0xb1, 0x56, 0xa2, 0x0, 0x3a, 0x87, 0x10,
    0x6, 0x30, 0xe2, 0x0, 0xc2, 0xf, 0x44, 0x0,
    0x7b, 0x1, 0xf9, 0xbc, 0xf7, 0x0,

    /* U+01A1 "ơ" */
    0x0, 0xeb, 0x8, 0xbc, 0xff, 0x20, 0xde, 0x2b,
    0x1e, 0x0, 0x35, 0xcb, 0x0, 0x1a, 0xea, 0x17,
    0x58, 0x40,

    /* U+01A2 "Ƣ" */
    0x2, 0xbc, 0xbe, 0xbb, 0x60, 0x74, 0x65, 0xad,
    0x58, 0x2a, 0x18, 0x7, 0xb7, 0x40, 0x1f, 0x71,
    0x0, 0x7c, 0xf6, 0x20, 0x1e, 0x1e, 0xb9, 0xa1,
    0x10, 0x0,

    /* U+01A3 "ƣ" */
    0x7, 0xba, 0xea, 0xe1, 0x4e, 0xba, 0x2a, 0x50,
    0x3c, 0x0, 0xf1, 0x68, 0x7, 0x94, 0x26, 0x4a,
    0x1, 0x0,

    /* U+01A4 "Ƥ" */
    0xb, 0xec, 0xba, 0x5, 0xc5, 0xeb, 0xd6, 0x45,
    0x0, 0x8f, 0x84, 0x80, 0x2d, 0xc0, 0xb, 0xaf,
    0xd0, 0x2, 0xeb, 0x60, 0xf, 0xc0,

    /* U+01A5 "ƥ" */
    0xa, 0xa0, 0x4, 0x41, 0x40, 0x10, 0x8a, 0x6e,
    0x40, 0xd, 0x36, 0x8, 0x8, 0x0, 0xe1, 0x5,
    0x0, 0x6b, 0x80, 0x2a, 0xf4, 0x81, 0x6a, 0xdc,
    0x3, 0xe0,

    /* U+01A6 "Ʀ" */
    0x1b, 0x0, 0xe5, 0xbb, 0x28, 0x1, 0x6e, 0xd0,
    0x1, 0xf9, 0x73, 0x78, 0x0, 0xb8, 0xec, 0x1,
    0xae, 0x0, 0x6c, 0x6, 0x8,

    /* U+01A7 "Ƨ" */
    0x2c, 0xbb, 0x9, 0x65, 0xfc, 0x0, 0x5a, 0x20,
    0xbb, 0xd0, 0x9d, 0x8e, 0x5, 0x82, 0x2, 0xdb,
    0x79, 0x20,

    /* U+01A8 "ƨ" */
    0x4a, 0xb4, 0x45, 0x47, 0xc, 0xc4, 0x27, 0x2c,
    0xaf, 0xaa, 0x0,

    /* U+01A9 "Ʃ" */
    0x7e, 0xbb, 0x3b, 0x8a, 0x6d, 0xc3, 0xb8, 0x1,
    0x13, 0x20, 0x1, 0x1, 0x0, 0x66, 0xc0, 0x16,
    0x15, 0x74,

    /* U+01AA "ƪ" */
    0x6b, 0x90, 0x1, 0xb, 0x80, 0x12, 0x88, 0x3,
    0xff, 0xa2, 0x96, 0x20,

    /* U+01AB "ƫ" */
    0x4, 0x0, 0xa4, 0x1, 0x7, 0x43, 0x7, 0x42,
    0x1, 0xfc, 0x96, 0x21, 0x22, 0x0, 0x82, 0x10,

    /* U+01AC "Ƭ" */
    0xa, 0xbf, 0xbb, 0x1, 0x9a, 0xce, 0xec, 0x7,
    0x20, 0x1f, 0xfd, 0x50,

    /* U+01AD "ƭ" */
    0x9, 0xa1, 0x4, 0xa1, 0x83, 0xa1, 0x83, 0xa1,
    0x0, 0xfe, 0x4b, 0x10,

    /* U+01AE "Ʈ" */
    0x9b, 0xfb, 0xb0, 0x4d, 0x9d, 0xd8, 0x3, 0xff,
    0xaa, 0xe4, 0x1, 0xa2, 0x54, 0x0,

    /* U+01AF "Ư" */
    0x0, 0xf4, 0x19, 0x50, 0x5, 0x9e, 0x60, 0x1e,
    0x70, 0xf, 0xfe, 0x30, 0x80, 0x78, 0x98, 0x40,
    0x9c, 0x2, 0x9d, 0xb9, 0x90, 0x0,

    /* U+01B0 "ư" */
    0x0, 0xeb, 0x48, 0x0, 0x77, 0x0, 0x31, 0xa8,
    0x7, 0x9c, 0x40, 0x40, 0x6, 0x69, 0x60, 0x0,

    /* U+1EA0 "Ạ" */
    0x0, 0x36, 0x80, 0x76, 0xa1, 0x80, 0x44, 0x4a,
    0xa0, 0x5, 0x54, 0x35, 0x0, 0x96, 0x2c, 0x58,
    0x15, 0x57, 0x6c, 0xa0, 0xea, 0x0, 0xb, 0x95,
    0x90, 0x5, 0x64, 0x1, 0x48, 0x4,

    /* U+1EA1 "ạ" */
    0xa, 0xa5, 0x80, 0x2a, 0x86, 0xa3, 0x54, 0x33,
    0x4f, 0xd1, 0x85, 0xf4, 0x10, 0x1d, 0xc5, 0x30,
    0x2, 0x40, 0x0,

    /* U+1EA2 "Ả" */
    0x0, 0x14, 0x0, 0x71, 0xf8, 0x7, 0x3d, 0x0,
    0x76, 0xa1, 0x80, 0x44, 0x4a, 0xa0, 0x5, 0x54,
    0x35, 0x0, 0x96, 0x2c, 0x58, 0x15, 0x57, 0x6c,
    0xa0, 0xea, 0x0, 0xb, 0x90,

    /* U+1EA3 "ả" */
    0x0, 0x41, 0x0, 0x5c, 0x60, 0x13, 0x8, 0x2,
    0xa9, 0x60, 0xa, 0xa1, 0xa8, 0xd5, 0xc, 0xd3,
    0xf4, 0x61, 0x7d, 0x4, 0x0,

    /* U+1EA4 "Ấ" */
    0x0, 0xe5, 0x0, 0x8d, 0x9d, 0x80, 0x26, 0x55,
    0x18, 0x4, 0x7c, 0x40, 0x1b, 0x50, 0xc0, 0x22,
    0x25, 0x50, 0x2, 0xaa, 0x1a, 0x80, 0x4b, 0x16,
    0x2c, 0xa, 0xab, 0xb6, 0x50, 0x75, 0x0, 0x5,
    0xc8,

    /* U+1EA5 "ấ" */
    0x0, 0xca, 0x20, 0x54, 0xe2, 0x20, 0x3a, 0x54,
    0x0, 0x5d, 0x48, 0x5, 0x54, 0x35, 0x1, 0xaa,
    0x19, 0x82, 0x7e, 0x8c, 0x1, 0x7d, 0x4, 0x0,

    /* U+1EA6 "Ầ" */
    0x33, 0x0, 0x71, 0xc9, 0xb0, 0x6, 0xa6, 0x52,
    0x0, 0xc7, 0xc4, 0x1, 0xb5, 0xc, 0x2, 0x22,
    0x55, 0x0, 0x2a, 0xa1, 0xa8, 0x4, 0xb1, 0x62,
    0xc0, 0xaa, 0xbb, 0x65, 0x7, 0x50, 0x0, 0x5c,
    0x80,

    /* U+1EA7 "ầ" */
    0x5, 0x0, 0xe7, 0x5a, 0x60, 0x1, 0x25, 0x38,
    0x5, 0x75, 0x40, 0xa, 0xa8, 0x6a, 0x3, 0x54,
    0x33, 0x4, 0xfd, 0x18, 0x2, 0xfa, 0x8, 0x0,

    /* U+1EA8 "Ẩ" */
    0x0, 0xcc, 0x80, 0x12, 0xc8, 0x30, 0x4, 0x36,
    0x84, 0x1, 0x17, 0x90, 0x6, 0xd4, 0x30, 0x8,
    0x89, 0x54, 0x0, 0xaa, 0x86, 0xa0, 0x12, 0xc5,
    0x8b, 0x2, 0xaa, 0xed, 0x94, 0x1d, 0x40, 0x1,
    0x72,

    /* U+1EA9 "ẩ" */
    0x0, 0x8d, 0xc0, 0xed, 0x50, 0x6, 0xd0, 0xc2,
    0x2a, 0x40, 0x15, 0x43, 0x51, 0xaa, 0x19, 0xa7,
    0xe8, 0xc2, 0xfa, 0x8, 0x0,

    /* U+1EAA "Ẫ" */
    0x1, 0x88, 0x20, 0x4, 0x3c, 0x28, 0x1, 0x96,
    0x8, 0x3, 0x2e, 0x10, 0x6, 0xd4, 0x30, 0x8,
    0x89, 0x54, 0x0, 0xaa, 0x86, 0xa0, 0x12, 0xc5,
    0x8b, 0x2, 0xaa, 0xed, 0x94, 0x1d, 0x40, 0x1,
    0x72,

    /* U+1EAB "ẫ" */
    0x7, 0x64, 0x10, 0x25, 0xd1, 0x6, 0x9c, 0x0,
    0x15, 0x38, 0x2, 0xea, 0x40, 0x15, 0x43, 0x51,
    0xaa, 0x19, 0xa7, 0xe8, 0xc2, 0xfa, 0x8, 0x0,

    /* U+1EAC "Ậ" */
    0x0, 0x3d, 0x0, 0x72, 0x41, 0x0, 0x65, 0xf2,
    0x0, 0xda, 0x86, 0x1, 0x11, 0x2a, 0x80, 0x15,
    0x50, 0xd4, 0x2, 0x58, 0xb1, 0x60, 0x55, 0x5d,
    0xb2, 0x83, 0xa8, 0x0, 0x2e, 0x56, 0x40, 0x15,
    0x90, 0x5, 0x20, 0x10,

    /* U+1EAD "ậ" */
    0x3, 0xa4, 0x0, 0xd, 0x38, 0x2, 0x2a, 0x0,
    0x15, 0x43, 0x51, 0xaa, 0x19, 0xa7, 0xe8, 0xc2,
    0xfa, 0x8, 0xe, 0xe2, 0x98, 0x1, 0x20, 0x0,

    /* U+1EAE "Ắ" */
    0x0, 0x90, 0x40, 0x32, 0x9, 0x0, 0x63, 0xc2,
    0x0, 0xc2, 0x82, 0x1, 0xb5, 0xc, 0x2, 0x22,
    0x55, 0x0, 0x2a, 0xa1, 0xa8, 0x4, 0xb1, 0x62,
    0xc0, 0xaa, 0xbb, 0x65, 0x7, 0x50, 0x0, 0x5c,
    0x80,

    /* U+1EAF "ắ" */
    0x0, 0x2a, 0x80, 0xb, 0xa6, 0x0, 0x58, 0x60,
    0x5, 0x52, 0xc0, 0x15, 0x43, 0x51, 0xaa, 0x19,
    0xa7, 0xe8, 0xc2, 0xfa, 0x8, 0x0,

    /* U+1EB0 "Ằ" */
    0x0, 0x28, 0x7, 0xc8, 0x60, 0x18, 0xb4, 0x40,
    0x30, 0xa1, 0x0, 0x6d, 0x43, 0x0, 0x88, 0x95,
    0x40, 0xa, 0xa8, 0x6a, 0x1, 0x2c, 0x58, 0xb0,
    0x2a, 0xae, 0xd9, 0x41, 0xd4, 0x0, 0x17, 0x20,

    /* U+1EB1 "ằ" */
    0x1, 0x90, 0x9, 0x46, 0x0, 0x9, 0x10, 0x0,
    0x55, 0x2c, 0x1, 0x54, 0x35, 0x1a, 0xa1, 0x9a,
    0x7e, 0x8c, 0x2f, 0xa0, 0x80,

    /* U+1EB2 "Ẳ" */
    0x0, 0x14, 0x0, 0x70, 0xf9, 0x0, 0x64, 0xe0,
    0xe, 0x14, 0x20, 0xd, 0xa8, 0x60, 0x11, 0x12,
    0xa8, 0x1, 0x55, 0xd, 0x40, 0x25, 0x8b, 0x16,
    0x5, 0x55, 0xdb, 0x28, 0x3a, 0x80, 0x2, 0xe4,

    /* U+1EB3 "ẳ" */
    0x0, 0x39, 0x80, 0x42, 0x1, 0x2f, 0x28, 0x1,
    0x61, 0x80, 0x15, 0x4b, 0x0, 0x55, 0xd, 0x46,
    0xa8, 0x66, 0x9f, 0xa3, 0xb, 0xe8, 0x20,

    /* U+1EB4 "Ẵ" */
    0x1, 0x88, 0x28, 0x4, 0x3b, 0x0, 0x1c, 0x52,
    0x80, 0x18, 0x50, 0x40, 0x36, 0xa1, 0x80, 0x44,
    0x4a, 0xa0, 0x5, 0x54, 0x35, 0x0, 0x96, 0x2c,
    0x58, 0x15, 0x57, 0x6c, 0xa0, 0xea, 0x0, 0xb,
    0x90,

    /* U+1EB5 "ẵ" */
    0x7, 0x63, 0x20, 0x15, 0xa2, 0x3, 0xbf, 0x0,
    0x2c, 0x30, 0x2, 0xa9, 0x60, 0xa, 0xa1, 0xa8,
    0xd5, 0xc, 0xd3, 0xf4, 0x61, 0x7d, 0x4, 0x0,

    /* U+1EB6 "Ặ" */
    0x0, 0x18, 0x18, 0x6, 0x58, 0x20, 0xe, 0x51,
    0x0, 0xda, 0x86, 0x1, 0x11, 0x2a, 0x80, 0x15,
    0x50, 0xd4, 0x2, 0x58, 0xb1, 0x60, 0x55, 0x5d,
    0xb2, 0x83, 0xa8, 0x0, 0x2e, 0x56, 0x40, 0x15,
    0x90, 0x5, 0x20, 0x10,

    /* U+1EB7 "ặ" */
    0x4, 0x76, 0x0, 0x23, 0xb0, 0x2, 0xa9, 0x60,
    0xa, 0xa1, 0xa8, 0xd5, 0xc, 0xd3, 0xf4, 0x61,
    0x7d, 0x4, 0x7, 0x71, 0x4c, 0x0, 0x90, 0x0,

    /* U+1EB8 "Ẹ" */
    0x1e, 0xbb, 0x28, 0x2d, 0xd9, 0x40, 0x3c, 0xb7,
    0x63, 0x5, 0xbb, 0x18, 0x7, 0x96, 0xec, 0xe3,
    0xd7, 0x67, 0x0, 0x39, 0x0,

    /* U+1EB9 "ẹ" */
    0x8, 0xab, 0x24, 0x1a, 0x98, 0x35, 0xa8, 0x2,
    0xba, 0xa9, 0x7a, 0xa8, 0x81, 0x3b, 0x8,

    /* U+1EBA "Ẻ" */
    0x0, 0x31, 0x80, 0x61, 0x1, 0xed, 0x95, 0x5,
    0xbb, 0x28, 0x7, 0x96, 0xec, 0x60, 0xb7, 0x63,
    0x0, 0xf2, 0xdd, 0x9c,

    /* U+1EBB "ẻ" */
    0x0, 0x32, 0x0, 0x46, 0xc0, 0x12, 0x90, 0x2,
    0x2a, 0xc9, 0x6, 0xa6, 0xd, 0x6a, 0x0, 0xae,
    0xaa, 0x5e, 0xaa, 0x20,

    /* U+1EBC "Ẽ" */
    0x5, 0x72, 0x30, 0x2, 0xd9, 0xd, 0xc9, 0x20,
    0x2d, 0xd9, 0x40, 0x3c, 0xb7, 0x63, 0x5, 0xbb,
    0x18, 0x7, 0x96, 0xec, 0xe0,

    /* U+1EBD "ẽ" */
    0x6, 0x99, 0x8, 0x34, 0xc8, 0x42, 0x2a, 0xc9,
    0x6, 0xa6, 0xd, 0x6a, 0x0, 0xae, 0xaa, 0x5e,
    0xaa, 0x20,

    /* U+1EBE "Ế" */
    0x0, 0xc6, 0x40, 0x6, 0x39, 0x20, 0x25, 0x6a,
    0x1, 0xc8, 0xe5, 0x0, 0x2d, 0xd9, 0x40, 0x3f,
    0x2d, 0xd8, 0xc0, 0xb, 0x76, 0x30, 0xf, 0xcb,
    0x76, 0x70,

    /* U+1EBF "ế" */
    0x0, 0xd2, 0x40, 0x54, 0xf4, 0x40, 0x74, 0xc6,
    0x0, 0x9a, 0xa1, 0x2, 0xd, 0x4c, 0x1, 0xad,
    0x40, 0x0, 0xae, 0xaa, 0x5, 0xea, 0xa2, 0x0,

    /* U+1EC0 "Ề" */
    0x50, 0xc, 0xce, 0xc6, 0x6, 0xaa, 0x60, 0x1c,
    0x8e, 0x50, 0x5b, 0xb2, 0x80, 0x79, 0x6e, 0xc6,
    0xb, 0x76, 0x30, 0xf, 0x2d, 0xd9, 0xc0,

    /* U+1EC1 "ề" */
    0x83, 0x0, 0xa1, 0xa9, 0xc0, 0x9, 0x4c, 0x0,
    0x9a, 0xa1, 0x20, 0xd4, 0xc1, 0xad, 0x40, 0x15,
    0xd5, 0x4b, 0xd5, 0x44,

    /* U+1EC2 "Ể" */
    0x0, 0x86, 0x0, 0x29, 0x40, 0x8, 0xac, 0x20,
    0x7, 0x27, 0x94, 0x0, 0xb7, 0x65, 0x0, 0xfc,
    0xb7, 0x63, 0x0, 0x2d, 0xd8, 0xc0, 0x3f, 0x2d,
    0xd9, 0xc0,

    /* U+1EC3 "ể" */
    0x0, 0x86, 0x0, 0x30, 0xf9, 0x0, 0x2a, 0x48,
    0x80, 0x35, 0x6a, 0x0, 0x9a, 0x92, 0x4, 0x1a,
    0x98, 0x3, 0x5a, 0x80, 0x1, 0x5d, 0x54, 0xb,
    0xd5, 0x44, 0x0,

    /* U+1EC4 "Ễ" */
    0x5, 0x88, 0x8, 0x28, 0xf0, 0x81, 0x4a, 0x80,
    0xe5, 0xc2, 0x82, 0xdd, 0x94, 0x3, 0xcb, 0x76,
    0x30, 0x5b, 0xb1, 0x80, 0x79, 0x6e, 0xce,

    /* U+1EC5 "ễ" */
    0x6, 0x72, 0x30, 0x35, 0xb3, 0x4, 0x8e, 0x0,
    0xa9, 0x80, 0x13, 0x54, 0x24, 0x1a, 0x98, 0x35,
    0xa8, 0x2, 0xba, 0xa9, 0x7a, 0xa8, 0x80,

    /* U+1EC6 "Ệ" */
    0x0, 0x53, 0x0, 0xe, 0xc8, 0x7, 0x6b, 0xd4,
    0x16, 0xec, 0xa0, 0x1e, 0x5b, 0xb1, 0x82, 0xdd,
    0x8c, 0x3, 0xcb, 0x76, 0x71, 0xeb, 0xb3, 0x80,
    0x1c, 0x80,

    /* U+1EC7 "ệ" */
    0x1, 0xa6, 0x0, 0x1d, 0x28, 0x2, 0xa9, 0x4,
    0x83, 0x53, 0x6, 0xb5, 0x0, 0x57, 0x55, 0x2f,
    0x55, 0x10, 0x27, 0x61, 0x0,

    /* U+1EC8 "Ỉ" */
    0x18, 0x1, 0xf0, 0x1c, 0x0, 0xff, 0xe3, 0x80,

    /* U+1EC9 "ỉ" */
    0x28, 0x3, 0xf0, 0x17, 0x3, 0x90, 0xf, 0xfe,
    0x8,

    /* U+1ECA "Ị" */
    0x1b, 0x0, 0xff, 0xe0, 0xd, 0x84, 0x80,

    /* U+1ECB "ị" */
    0x29, 0x29, 0x39, 0x0, 0xfc, 0x72, 0x4e,

    /* U+1ECC "Ọ" */
    0x2, 0xbb, 0x64, 0x0, 0x5f, 0x37, 0x9f, 0x0,
    0xd4, 0x40, 0x7, 0x50, 0xe2, 0x0, 0xf7, 0x10,
    0x7, 0x9e, 0x88, 0x0, 0xf4, 0x3, 0xf3, 0x76,
    0x7, 0x0, 0x15, 0x9d, 0x38, 0x0,

    /* U+1ECD "ọ" */
    0x8, 0xbb, 0x38, 0x20, 0xdd, 0xb4, 0xcd, 0x80,
    0xd, 0x62, 0xc0, 0x6, 0xba, 0x85, 0xd6, 0x10,
    0x4f, 0x71, 0x80,

    /* U+1ECE "Ỏ" */
    0x0, 0x99, 0x0, 0x3c, 0xda, 0x1, 0xe5, 0xb0,
    0xc, 0x57, 0xdc, 0x80, 0xb, 0xe6, 0xf3, 0xe0,
    0x1a, 0x88, 0x0, 0xea, 0x1c, 0x40, 0x1e, 0xe2,
    0x0, 0xf3, 0xd1, 0x0, 0x1e, 0x80, 0x7e, 0x6e,
    0xc0, 0xe0,

    /* U+1ECF "ỏ" */
    0x0, 0x23, 0x0, 0x67, 0x20, 0xc, 0x68, 0x1,
    0x45, 0xd9, 0xc1, 0x6, 0xed, 0xa6, 0x6c, 0x0,
    0x6b, 0x16, 0x0, 0x35, 0xd4, 0x2e, 0xb0, 0x80,

    /* U+1ED0 "Ố" */
    0x0, 0xe3, 0x20, 0xd, 0x4e, 0xc4, 0x1, 0x15,
    0x9a, 0x80, 0x45, 0x35, 0x10, 0x0, 0xbe, 0x6f,
    0x3e, 0x1, 0xa8, 0x80, 0xe, 0xa1, 0xc4, 0x1,
    0xee, 0x20, 0xf, 0x3d, 0x10, 0x1, 0xe8, 0x7,
    0xe6, 0xec, 0xe, 0x0,

    /* U+1ED1 "ố" */
    0x0, 0xcc, 0xc0, 0x4, 0xc8, 0xd8, 0x1, 0x30,
    0xa0, 0x8, 0xba, 0x70, 0x41, 0xbb, 0x69, 0x9b,
    0x0, 0x1a, 0xc5, 0x80, 0xd, 0x75, 0xb, 0xac,
    0x20,

    /* U+1ED2 "Ồ" */
    0x5, 0x0, 0xf9, 0x11, 0x4e, 0x1, 0x85, 0xec,
    0xc0, 0x31, 0x45, 0x44, 0x0, 0x2f, 0x9b, 0xcf,
    0x80, 0x6a, 0x20, 0x3, 0xa8, 0x71, 0x0, 0x7b,
    0x88, 0x3, 0xcf, 0x44, 0x0, 0x7a, 0x1, 0xf9,
    0xbb, 0x3, 0x80,

    /* U+1ED3 "ồ" */
    0x65, 0x0, 0xcc, 0x13, 0x20, 0x9, 0x62, 0x40,
    0x28, 0xab, 0x70, 0x41, 0xbb, 0x69, 0x9b, 0x0,
    0x1a, 0xc5, 0x80, 0xd, 0x75, 0xb, 0xac, 0x20,

    /* U+1ED4 "Ổ" */
    0x0, 0xc5, 0x0, 0x1d, 0x2f, 0xe0, 0x18, 0xe0,
    0x1c, 0x2, 0x28, 0xa9, 0x80, 0xb, 0xe6, 0xf3,
    0xe0, 0x1a, 0x88, 0x0, 0xea, 0x1c, 0x40, 0x1e,
    0xe2, 0x0, 0xf3, 0xd1, 0x0, 0x1e, 0x80, 0x7e,
    0x6e, 0xc0, 0xe0,

    /* U+1ED5 "ổ" */
    0x0, 0xd0, 0x20, 0x1b, 0x54, 0x1, 0x34, 0x8,
    0x3, 0x16, 0x80, 0x9, 0xaa, 0x30, 0x20, 0xdd,
    0xb4, 0xcd, 0x80, 0xd, 0x62, 0xc0, 0x6, 0xba,
    0x85, 0xd6, 0x10,

    /* U+1ED6 "Ỗ" */
    0x0, 0x24, 0x40, 0x80, 0x32, 0xf, 0x10, 0x6,
    0x28, 0x20, 0xc, 0x53, 0x51, 0x0, 0xb, 0xe6,
    0xf3, 0xe0, 0x1a, 0x88, 0x0, 0xea, 0x1c, 0x40,
    0x1e, 0xe2, 0x0, 0xf3, 0xd1, 0x0, 0x1e, 0x80,
    0x7e, 0x6e, 0xc0, 0xe0,

    /* U+1ED7 "ỗ" */
    0x4, 0x80, 0x50, 0x0, 0xcc, 0x9c, 0x0, 0xb0,
    0x4, 0x0, 0x19, 0x80, 0xa, 0x6e, 0x9c, 0x10,
    0x6e, 0xda, 0x66, 0xc0, 0x6, 0xb1, 0x60, 0x3,
    0x5d, 0x42, 0xeb, 0x8,

    /* U+1ED8 "Ộ" */
    0x0, 0xa5, 0xc0, 0x38, 0xa0, 0xc0, 0x31, 0x4d,
    0x44, 0x0, 0x2f, 0x9b, 0xcf, 0x80, 0x6a, 0x20,
    0x3, 0xa8, 0x71, 0x0, 0x7b, 0x88, 0x3, 0xcf,
    0x44, 0x0, 0x7a, 0x1, 0xf9, 0xbb, 0x3, 0x80,
    0xa, 0xce, 0x5c, 0x0,

    /* U+1ED9 "ộ" */
    0x0, 0x44, 0x80, 0x43, 0x30, 0x20, 0x9, 0xaa,
    0x30, 0x20, 0xdd, 0xb4, 0xcd, 0x80, 0xd, 0x62,
    0xc0, 0x6, 0xba, 0x85, 0xd6, 0x10, 0x4e, 0xcb,
    0x0,

    /* U+1EDA "Ớ" */
    0x0, 0x86, 0x40, 0x3c, 0xb2, 0x0, 0xa0, 0x2b,
    0xfc, 0xc5, 0x78, 0x7c, 0xde, 0x58, 0xab, 0x51,
    0x0, 0x1d, 0x43, 0x88, 0x3, 0x18, 0x71, 0x0,
    0x61, 0x7, 0xa2, 0x0, 0x3d, 0x80, 0xfc, 0xde,
    0x7b, 0x80,

    /* U+1EDB "ớ" */
    0x0, 0xc, 0x80, 0x63, 0x90, 0xa0, 0x89, 0xcf,
    0xf2, 0xd, 0xe2, 0xb9, 0xe0, 0x3, 0x5c, 0xb0,
    0x1, 0xae, 0xa1, 0x75, 0x84,

    /* U+1EDC "Ờ" */
    0x0, 0xd, 0x0, 0x78, 0x60, 0x80, 0x14, 0x5,
    0x73, 0xd9, 0x5e, 0x1f, 0x37, 0x96, 0x2a, 0xd4,
    0x40, 0x7, 0x50, 0xe2, 0x0, 0xc6, 0x1c, 0x40,
    0x18, 0x41, 0xe8, 0x80, 0xf, 0x60, 0x3f, 0x37,
    0x9e, 0xe0,

    /* U+1EDD "ờ" */
    0x0, 0x50, 0x7, 0x59, 0x5, 0x4, 0x57, 0x7f,
    0x90, 0x6f, 0x15, 0xcf, 0x0, 0x1a, 0xe5, 0x80,
    0xd, 0x75, 0xb, 0xac, 0x20,

    /* U+1EDE "Ở" */
    0x0, 0x95, 0x40, 0x1e, 0x5d, 0x0, 0xf2, 0x48,
    0x2, 0x80, 0xaf, 0xf7, 0x2b, 0xc3, 0xe6, 0xf2,
    0xc5, 0x5a, 0x88, 0x0, 0xea, 0x1c, 0x40, 0x18,
    0xc3, 0x88, 0x3, 0x8, 0x3d, 0x10, 0x1, 0xec,
    0x7, 0xe6, 0xf3, 0xdc, 0x0,

    /* U+1EDF "ở" */
    0x0, 0x23, 0x0, 0x67, 0x30, 0x50, 0x1, 0xa8,
    0x70, 0x45, 0xe7, 0xf9, 0x6, 0xf1, 0x58, 0xf0,
    0x1, 0xae, 0x58, 0x0, 0xd7, 0x50, 0xba, 0xc2,

    /* U+1EE0 "Ỡ" */
    0x0, 0x23, 0x8a, 0x0, 0x61, 0x68, 0x50, 0xa0,
    0x2e, 0xa5, 0xda, 0xf0, 0xf9, 0xbc, 0xb1, 0x56,
    0xa2, 0x0, 0x3a, 0x87, 0x10, 0x6, 0x30, 0xe2,
    0x0, 0xc2, 0xf, 0x44, 0x0, 0x7b, 0x1, 0xf9,
    0xbc, 0xf7, 0x0,

    /* U+1EE1 "ỡ" */
    0x4, 0x99, 0x19, 0x81, 0x26, 0x47, 0x1, 0x17,
    0x9f, 0xe4, 0x1b, 0xc5, 0x63, 0xc0, 0x6, 0xb9,
    0x60, 0x3, 0x5d, 0x42, 0xeb, 0x8,

    /* U+1EE2 "Ợ" */
    0x0, 0xfa, 0x80, 0xae, 0xd9, 0x8a, 0xf0, 0xf9,
    0xbc, 0xb1, 0x56, 0xa2, 0x0, 0x3a, 0x87, 0x10,
    0x6, 0x30, 0xe2, 0x0, 0xc2, 0xf, 0x44, 0x0,
    0x7b, 0x1, 0xf9, 0xbc, 0xf7, 0x0, 0x15, 0x9e,
    0xc0, 0x0,

    /* U+1EE3 "ợ" */
    0x0, 0xeb, 0x8, 0xbc, 0xff, 0x20, 0xde, 0x2b,
    0x1e, 0x0, 0x35, 0xcb, 0x0, 0x1a, 0xea, 0x17,
    0x58, 0x41, 0x3b, 0x2c, 0x0,

    /* U+1EE4 "Ụ" */
    0x2a, 0x0, 0xb0, 0x3, 0xff, 0x96, 0x20, 0x1c,
    0x4c, 0x20, 0x4e, 0x0, 0x9d, 0xb9, 0x90, 0x1,
    0x30, 0xac, 0x80,

    /* U+1EE5 "ụ" */
    0x48, 0x0, 0x68, 0x7, 0xf9, 0xc4, 0x4, 0xc,
    0xd2, 0xc0, 0xa, 0x97, 0xd0, 0x4, 0x88, 0x0,

    /* U+1EE6 "Ủ" */
    0x0, 0xc, 0x0, 0x70, 0xf9, 0x0, 0x77, 0x90,
    0x0, 0xa8, 0x20, 0x30, 0x3, 0xff, 0x96, 0x20,
    0x1c, 0x4c, 0x20, 0x4e, 0x0, 0x9d, 0xb9, 0x90,
    0x0,

    /* U+1EE7 "ủ" */
    0x0, 0x2a, 0x80, 0x33, 0x0, 0x4a, 0x60, 0x90,
    0x0, 0xd0, 0xf, 0xf3, 0x88, 0x8, 0x19, 0xa5,
    0x80,

    /* U+1EE8 "Ứ" */
    0x0, 0x9d, 0x0, 0x3c, 0x68, 0x10, 0x65, 0x40,
    0x81, 0x9e, 0x60, 0x1e, 0x70, 0xf, 0xfe, 0x30,
    0x80, 0x78, 0x98, 0x40, 0x9c, 0x2, 0x9d, 0xb9,
    0x90, 0x0,

    /* U+1EE9 "ứ" */
    0x0, 0x1c, 0x0, 0x61, 0x80, 0xa4, 0x82, 0xe,
    0xf0, 0xc, 0x6a, 0x1, 0xe7, 0x10, 0x10, 0x1,
    0x9a, 0x58, 0x0,

    /* U+1EEA "Ừ" */
    0x0, 0x2b, 0x0, 0x79, 0x48, 0x1, 0x6, 0x54,
    0x8, 0x19, 0xe6, 0x1, 0xe7, 0x0, 0xff, 0xe3,
    0x8, 0x7, 0x89, 0x84, 0x9, 0xc0, 0x29, 0xdb,
    0x99, 0x0, 0x0,

    /* U+1EEB "ừ" */
    0x3, 0x80, 0xc, 0x74, 0x0, 0xa4, 0x82, 0xe,
    0xf0, 0xc, 0x6a, 0x1, 0xe7, 0x10, 0x10, 0x1,
    0x9a, 0x58, 0x0,

    /* U+1EEC "Ử" */
    0x0, 0xc, 0x0, 0x78, 0x7c, 0x80, 0x3d, 0xe4,
    0xc, 0x44, 0xa0, 0x80, 0xc1, 0x20, 0xf, 0x38,
    0x7, 0xff, 0x18, 0x40, 0x3c, 0x4c, 0x20, 0x4e,
    0x1, 0x4e, 0xdc, 0xc8, 0x0,

    /* U+1EED "ử" */
    0x0, 0x2a, 0x80, 0x39, 0x81, 0x40, 0xa, 0x61,
    0xc9, 0x0, 0xe, 0xf0, 0xc, 0x68, 0x1, 0xe7,
    0x10, 0x10, 0x1, 0x9a, 0x58, 0x0,

    /* U+1EEE "Ữ" */
    0x0, 0x42, 0x28, 0x7, 0x68, 0x90, 0x31, 0x12,
    0x95, 0x4f, 0x82, 0x40, 0x1e, 0x70, 0xf, 0xfe,
    0x30, 0x80, 0x78, 0x98, 0x40, 0x9c, 0x2, 0x9d,
    0xb9, 0x90, 0x0,

    /* U+1EEF "ữ" */
    0x5, 0x99, 0x11, 0x82, 0xcc, 0x8a, 0x12, 0x0,
    0x1d, 0xe0, 0x18, 0xd0, 0x3, 0xce, 0x20, 0x20,
    0x3, 0x34, 0xb0, 0x0,

    /* U+1EF0 "Ự" */
    0x0, 0xf4, 0x19, 0x50, 0x5, 0x9e, 0x60, 0x1e,
    0x70, 0xf, 0xfe, 0x30, 0x80, 0x78, 0x98, 0x40,
    0x9c, 0x2, 0x9d, 0xb9, 0x90, 0x4, 0x98, 0x56,
    0x40, 0x0,

    /* U+1EF1 "ự" */
    0x0, 0xeb, 0x48, 0x0, 0x77, 0x0, 0x31, 0xa8,
    0x7, 0x9c, 0x40, 0x40, 0x6, 0x69, 0x60, 0xa,
    0xa5, 0xf4, 0x2, 0x82, 0x0, 0x0,

    /* U+1EF2 "Ỳ" */
    0x1, 0xa0, 0xc, 0x30, 0x40, 0xa, 0x42, 0x25,
    0x1c, 0x40, 0xc, 0xc, 0x99, 0x22, 0x0, 0x8,
    0x91, 0x20, 0x1, 0x34, 0x80, 0x61, 0x10, 0x7,
    0xe0,

    /* U+1EF3 "ỳ" */
    0x5, 0x60, 0x9, 0x50, 0x1, 0x64, 0x43, 0x9e,
    0xa0, 0xab, 0x54, 0x2, 0x20, 0x5d, 0x70, 0x1,
    0x91, 0x40, 0x9, 0x20, 0x8, 0xe7, 0x0, 0x0,

    /* U+1EF4 "Ỵ" */
    0xa4, 0x0, 0x51, 0xc4, 0x0, 0xc0, 0xc9, 0x92,
    0x20, 0x0, 0x89, 0x12, 0x0, 0x13, 0x48, 0x6,
    0x11, 0x0, 0x7f, 0xa8, 0x80, 0x34, 0x8, 0x0,

    /* U+1EF5 "ỵ" */
    0xb2, 0x4, 0x9f, 0xa0, 0xeb, 0x44, 0x8, 0x88,
    0x2b, 0x78, 0x0, 0xe4, 0xa0, 0x7, 0x97, 0x39,
    0xd7, 0x71, 0x80,

    /* U+1EF6 "Ỷ" */
    0x0, 0x32, 0x0, 0x63, 0x60, 0x5, 0x22, 0x95,
    0x1c, 0x40, 0xc, 0xc, 0x99, 0x22, 0x0, 0x8,
    0x91, 0x20, 0x1, 0x34, 0x80, 0x61, 0x10, 0x7,
    0xe0,

    /* U+1EF7 "ỷ" */
    0x1, 0x80, 0x8, 0x40, 0x3a, 0x0, 0x16, 0x40,
    0x73, 0xd4, 0x15, 0x6a, 0x80, 0x44, 0xb, 0xae,
    0x0, 0x32, 0x28, 0x1, 0x24, 0x1, 0x1c, 0xe0,
    0x0,

    /* U+1EF8 "Ỹ" */
    0x5, 0x71, 0x30, 0x1, 0xac, 0x10, 0x51, 0x12,
    0x6c, 0xe2, 0x0, 0x60, 0x64, 0xc9, 0x10, 0x0,
    0x44, 0x89, 0x0, 0x9, 0xa4, 0x3, 0x8, 0x80,
    0x3f, 0x0,

    /* U+1EF9 "ỹ" */
    0x9, 0x94, 0x0, 0x26, 0x50, 0x16, 0x40, 0x73,
    0xd4, 0x15, 0x6a, 0x80, 0x44, 0xb, 0xae, 0x0,
    0x32, 0x28, 0x1, 0x24, 0x1, 0x1c, 0xe0, 0x0,

    /* U+2010 "‐" */
    0x2a, 0xa1, 0x80,

    /* U+2011 "‑" */
    0x2a, 0xa1, 0x80,

    /* U+2012 "‒" */
    0x5a, 0xaa, 0x40,

    /* U+2013 "–" */
    0xaa, 0xe0,

    /* U+2014 "—" */
    0xaa, 0xff, 0x0,

    /* U+2015 "―" */
    0xaa, 0xff, 0x0,

    /* U+2016 "‖" */
    0x29, 0xb, 0x0, 0xff, 0xec, 0x0,

    /* U+2017 "‗" */
    0x99, 0xc2, 0x1, 0xc0,

    /* U+2018 "‘" */
    0x9, 0x4f, 0x46,

    /* U+2019 "’" */
    0x19, 0x4d,

    /* U+201A "‚" */
    0x28, 0x4a,

    /* U+201B "‛" */
    0x46, 0x4f,

    /* U+201C "“" */
    0x9, 0x72, 0x4f, 0xd2, 0x46, 0xb0,

    /* U+201D "”" */
    0x9, 0x90, 0xa6, 0x98, 0xa2, 0x2c, 0x0,

    /* U+201E "„" */
    0x1, 0x10, 0x1b, 0x58, 0x22, 0x98, 0x0,

    /* U+201F "‟" */
    0x46, 0xa0, 0x4f, 0x21, 0x8, 0x80, 0x80,

    /* U+2020 "†" */
    0x7, 0x30, 0x1, 0x8, 0x3c, 0xc2, 0xbd, 0x4a,
    0x81, 0x88, 0x1, 0x8c, 0x0,

    /* U+2021 "‡" */
    0x6, 0x30, 0x7d, 0x95, 0x7f, 0xb5, 0x7f, 0xb5,
    0x7e, 0x85, 0x6, 0x30,

    /* U+2022 "•" */
    0x3, 0x40, 0x1c, 0xb2, 0x12, 0x21, 0x80,

    /* U+2026 "…" */
    0x0, 0xf8, 0xe4, 0x2c, 0x52, 0x0,

    /* U+20AB "₫" */
    0x0, 0x1d, 0x73, 0x80, 0xe, 0x95, 0x82, 0x6e,
    0x9c, 0x10, 0x2e, 0x88, 0xf, 0x0, 0xa, 0x2,
    0x40, 0x5, 0x6, 0xd9, 0x82, 0x0, 0x54, 0xc6,
    0x9, 0x4c, 0xd0, 0x0
};


/*---------------------
 *  GLYPH DESCRIPTION
 *--------------------*/

static const lv_font_fmt_txt_glyph_dsc_t glyph_dsc[] = {
    {.bitmap_index = 0, .adv_w = 0, .box_w = 0, .box_h = 0, .ofs_x = 0, .ofs_y = 0} /* id = 0 reserved */,
    {.bitmap_index = 0, .adv_w = 44, .box_w = 0, .box_h = 0, .ofs_x = 0, .ofs_y = 0},
    {.bitmap_index = 0, .adv_w = 45, .box_w = 2, .box_h = 7, .ofs_x = 0, .ofs_y = 0},
    {.bitmap_index = 7, .adv_w = 63, .box_w = 4, .box_h = 3, .ofs_x = 0, .ofs_y = 4},
    {.bitmap_index = 13, .adv_w = 95, .box_w = 6, .box_h = 7, .ofs_x = 0, .ofs_y = 0},
    {.bitmap_index = 34, .adv_w = 86, .box_w = 5, .box_h = 9, .ofs_x = 0, .ofs_y = -1},
    {.bitmap_index = 57, .adv_w = 131, .box_w = 8, .box_h = 7, .ofs_x = 0, .ofs_y = 0},
    {.bitmap_index = 86, .adv_w = 128, .box_w = 8, .box_h = 7, .ofs_x = 0, .ofs_y = 0},
    {.bitmap_index = 114, .adv_w = 37, .box_w = 2, .box_h = 3, .ofs_x = 0, .ofs_y = 4},
    {.bitmap_index = 118, .adv_w = 48, .box_w = 3, .box_h = 9, .ofs_x = 0, .ofs_y = -2},
    {.bitmap_index = 131, .adv_w = 48, .box_w = 3, .box_h = 9, .ofs_x = 0, .ofs_y = -2},
    {.bitmap_index = 145, .adv_w = 67, .box_w = 4, .box_h = 4, .ofs_x = 0, .ofs_y = 3},
    {.bitmap_index = 154, .adv_w = 109, .box_w = 5, .box_h = 5, .ofs_x = 1, .ofs_y = 0},
    {.bitmap_index = 166, .adv_w = 35, .box_w = 2, .box_h = 3, .ofs_x = 0, .ofs_y = -1},
    {.bitmap_index = 169, .adv_w = 64, .box_w = 4, .box_h = 1, .ofs_x = 0, .ofs_y = 2},
    {.bitmap_index = 172, .adv_w = 35, .box_w = 2, .box_h = 2, .ofs_x = 0, .ofs_y = 0},
    {.bitmap_index = 175, .adv_w = 62, .box_w = 5, .box_h = 8, .ofs_x = -1, .ofs_y = -1},
    {.bitmap_index = 195, .adv_w = 86, .box_w = 5, .box_h = 7, .ofs_x = 0, .ofs_y = 0},
    {.bitmap_index = 213, .adv_w = 86, .box_w = 3, .box_h = 7, .ofs_x = 1, .ofs_y = 0},
    {.bitmap_index = 221, .adv_w = 86, .box_w = 5, .box_h = 7, .ofs_x = 0, .ofs_y = 0},
    {.bitmap_index = 240, .adv_w = 86, .box_w = 5, .box_h = 7, .ofs_x = 0, .ofs_y = 0},
    {.bitmap_index = 258, .adv_w = 86, .box_w = 6, .box_h = 7, .ofs_x = 0, .ofs_y = 0},
    {.bitmap_index = 278, .adv_w = 86, .box_w = 5, .box_h = 7, .ofs_x = 0, .ofs_y = 0},
    {.bitmap_index = 295, .adv_w = 86, .box_w = 5, .box_h = 7, .ofs_x = 0, .ofs_y = 0},
    {.bitmap_index = 313, .adv_w = 86, .box_w = 5, .box_h = 7, .ofs_x = 0, .ofs_y = 0},
    {.bitmap_index = 330, .adv_w = 86, .box_w = 5, .box_h = 7, .ofs_x = 0, .ofs_y = 0},
    {.bitmap_index = 348, .adv_w = 86, .box_w = 5, .box_h = 7, .ofs_x = 0, .ofs_y = 0},
    {.bitmap_index = 366, .adv_w = 35, .box_w = 2, .box_h = 5, .ofs_x = 0, .ofs_y = 0},
    {.bitmap_index = 371, .adv_w = 35, .box_w = 2, .box_h = 7, .ofs_x = 0, .ofs_y = -2},
    {.bitmap_index = 378, .adv_w = 109, .box_w = 5, .box_h = 6, .ofs_x = 1, .ofs_y = 0},
    {.bitmap_index = 392, .adv_w = 109, .box_w = 5, .box_h = 3, .ofs_x = 1, .ofs_y = 1},
    {.bitmap_index = 399, .adv_w = 109, .box_w = 5, .box_h = 6, .ofs_x = 1, .ofs_y = 0},
    {.bitmap_index = 414, .adv_w = 72, .box_w = 4, .box_h = 7, .ofs_x = 0, .ofs_y = 0},
    {.bitmap_index = 429, .adv_w = 153, .box_w = 9, .box_h = 8, .ofs_x = 0, .ofs_y = -1},
    {.bitmap_index = 467, .adv_w = 103, .box_w = 7, .box_h = 7, .ofs_x = 0, .ofs_y = 0},
    {.bitmap_index = 491, .adv_w = 92, .box_w = 6, .box_h = 7, .ofs_x = 0, .ofs_y = 0},
    {.bitmap_index = 511, .adv_w = 99, .box_w = 6, .box_h = 7, .ofs_x = 0, .ofs_y = 0},
    {.bitmap_index = 531, .adv_w = 112, .box_w = 7, .box_h = 7, .ofs_x = 0, .ofs_y = 0},
    {.bitmap_index = 553, .adv_w = 81, .box_w = 5, .box_h = 7, .ofs_x = 0, .ofs_y = 0},
    {.bitmap_index = 569, .adv_w = 78, .box_w = 5, .box_h = 7, .ofs_x = 0, .ofs_y = 0},
    {.bitmap_index = 583, .adv_w = 110, .box_w = 7, .box_h = 7, .ofs_x = 0, .ofs_y = 0},
    {.bitmap_index = 607, .adv_w = 114, .box_w = 7, .box_h = 7, .ofs_x = 0, .ofs_y = 0},
    {.bitmap_index = 623, .adv_w = 43, .box_w = 2, .box_h = 7, .ofs_x = 0, .ofs_y = 0},
    {.bitmap_index = 628, .adv_w = 57, .box_w = 3, .box_h = 7, .ofs_x = 0, .ofs_y = 0},
    {.bitmap_index = 636, .adv_w = 93, .box_w = 6, .box_h = 7, .ofs_x = 0, .ofs_y = 0},
    {.bitmap_index = 656, .adv_w = 75, .box_w = 5, .box_h = 7, .ofs_x = 0, .ofs_y = 0},
    {.bitmap_index = 663, .adv_w = 144, .box_w = 9, .box_h = 7, .ofs_x = 0, .ofs_y = 0},
    {.bitmap_index = 692, .adv_w = 120, .box_w = 7, .box_h = 7, .ofs_x = 0, .ofs_y = 0},
    {.bitmap_index = 712, .adv_w = 121, .box_w = 8, .box_h = 7, .ofs_x = 0, .ofs_y = 0},
    {.bitmap_index = 738, .adv_w = 90, .box_w = 6, .box_h = 7, .ofs_x = 0, .ofs_y = 0},
    {.bitmap_index = 757, .adv_w = 121, .box_w = 8, .box_h = 8, .ofs_x = 0, .ofs_y = -1},
    {.bitmap_index = 787, .adv_w = 96, .box_w = 6, .box_h = 7, .ofs_x = 0, .ofs_y = 0},
    {.bitmap_index = 807, .adv_w = 85, .box_w = 5, .box_h = 7, .ofs_x = 0, .ofs_y = 0},
    {.bitmap_index = 825, .adv_w = 84, .box_w = 6, .box_h = 7, .ofs_x = 0, .ofs_y = 0},
    {.bitmap_index = 834, .adv_w = 110, .box_w = 7, .box_h = 7, .ofs_x = 0, .ofs_y = 0},
    {.bitmap_index = 850, .adv_w = 99, .box_w = 7, .box_h = 7, .ofs_x = 0, .ofs_y = 0},
    {.bitmap_index = 875, .adv_w = 149, .box_w = 10, .box_h = 7, .ofs_x = 0, .ofs_y = 0},
    {.bitmap_index = 911, .adv_w = 94, .box_w = 6, .box_h = 7, .ofs_x = 0, .ofs_y = 0},
    {.bitmap_index = 933, .adv_w = 88, .box_w = 6, .box_h = 7, .ofs_x = 0, .ofs_y = 0},
    {.bitmap_index = 952, .adv_w = 91, .box_w = 6, .box_h = 7, .ofs_x = 0, .ofs_y = 0},
    {.bitmap_index = 973, .adv_w = 48, .box_w = 3, .box_h = 9, .ofs_x = 0, .ofs_y = -2},
    {.bitmap_index = 980, .adv_w = 61, .box_w = 5, .box_h = 8, .ofs_x = -1, .ofs_y = -1},
    {.bitmap_index = 998, .adv_w = 48, .box_w = 3, .box_h = 9, .ofs_x = 0, .ofs_y = -2},
    {.bitmap_index = 1006, .adv_w = 109, .box_w = 5, .box_h = 4, .ofs_x = 1, .ofs_y = 3},
    {.bitmap_index = 1016, .adv_w = 66, .box_w = 5, .box_h = 1, .ofs_x = 0, .ofs_y = -2},
    {.bitmap_index = 1018, .adv_w = 43, .box_w = 3, .box_h = 2, .ofs_x = 0, .ofs_y = 6},
    {.bitmap_index = 1022, .adv_w = 81, .box_w = 5, .box_h = 5, .ofs_x = 0, .ofs_y = 0},
    {.bitmap_index = 1036, .adv_w = 94, .box_w = 6, .box_h = 7, .ofs_x = 0, .ofs_y = 0},
    {.bitmap_index = 1055, .adv_w = 74, .box_w = 5, .box_h = 5, .ofs_x = 0, .ofs_y = 0},
    {.bitmap_index = 1067, .adv_w = 94, .box_w = 6, .box_h = 7, .ofs_x = 0, .ofs_y = 0},
    {.bitmap_index = 1086, .adv_w = 84, .box_w = 5, .box_h = 5, .ofs_x = 0, .ofs_y = 0},
    {.bitmap_index = 1099, .adv_w = 50, .box_w = 4, .box_h = 7, .ofs_x = 0, .ofs_y = 0},
    {.bitmap_index = 1110, .adv_w = 94, .box_w = 6, .box_h = 7, .ofs_x = 0, .ofs_y = -2},
    {.bitmap_index = 1132, .adv_w = 91, .box_w = 5, .box_h = 7, .ofs_x = 0, .ofs_y = 0},
    {.bitmap_index = 1144, .adv_w = 39, .box_w = 2, .box_h = 7, .ofs_x = 0, .ofs_y = 0},
    {.bitmap_index = 1149, .adv_w = 39, .box_w = 3, .box_h = 9, .ofs_x = -1, .ofs_y = -2},
    {.bitmap_index = 1160, .adv_w = 80, .box_w = 5, .box_h = 7, .ofs_x = 0, .ofs_y = 0},
    {.bitmap_index = 1175, .adv_w = 39, .box_w = 2, .box_h = 7, .ofs_x = 0, .ofs_y = 0},
    {.bitmap_index = 1180, .adv_w = 138, .box_w = 8, .box_h = 5, .ofs_x = 0, .ofs_y = 0},
    {.bitmap_index = 1195, .adv_w = 91, .box_w = 5, .box_h = 5, .ofs_x = 0, .ofs_y = 0},
    {.bitmap_index = 1205, .adv_w = 94, .box_w = 6, .box_h = 5, .ofs_x = 0, .ofs_y = 0},
    {.bitmap_index = 1221, .adv_w = 94, .box_w = 6, .box_h = 7, .ofs_x = 0, .ofs_y = -2},
    {.bitmap_index = 1241, .adv_w = 94, .box_w = 6, .box_h = 7, .ofs_x = 0, .ofs_y = -2},
    {.bitmap_index = 1261, .adv_w = 56, .box_w = 4, .box_h = 6, .ofs_x = 0, .ofs_y = 0},
    {.bitmap_index = 1270, .adv_w = 68, .box_w = 4, .box_h = 5, .ofs_x = 0, .ofs_y = 0},
    {.bitmap_index = 1281, .adv_w = 54, .box_w = 4, .box_h = 7, .ofs_x = 0, .ofs_y = 0},
    {.bitmap_index = 1293, .adv_w = 91, .box_w = 5, .box_h = 5, .ofs_x = 0, .ofs_y = 0},
    {.bitmap_index = 1303, .adv_w = 77, .box_w = 5, .box_h = 5, .ofs_x = 0, .ofs_y = 0},
    {.bitmap_index = 1316, .adv_w = 116, .box_w = 8, .box_h = 5, .ofs_x = 0, .ofs_y = 0},
    {.bitmap_index = 1337, .adv_w = 73, .box_w = 5, .box_h = 5, .ofs_x = 0, .ofs_y = 0},
    {.bitmap_index = 1350, .adv_w = 77, .box_w = 5, .box_h = 7, .ofs_x = 0, .ofs_y = -2},
    {.bitmap_index = 1369, .adv_w = 72, .box_w = 5, .box_h = 5, .ofs_x = 0, .ofs_y = 0},
    {.bitmap_index = 1382, .adv_w = 48, .box_w = 3, .box_h = 9, .ofs_x = 0, .ofs_y = -2},
    {.bitmap_index = 1392, .adv_w = 38, .box_w = 2, .box_h = 10, .ofs_x = 0, .ofs_y = -2},
    {.bitmap_index = 1397, .adv_w = 48, .box_w = 3, .box_h = 9, .ofs_x = 0, .ofs_y = -2},
    {.bitmap_index = 1407, .adv_w = 109, .box_w = 5, .box_h = 2, .ofs_x = 1, .ofs_y = 2},
    {.bitmap_index = 1412, .adv_w = 44, .box_w = 0, .box_h = 0, .ofs_x = 0, .ofs_y = 0},
    {.bitmap_index = 1412, .adv_w = 45, .box_w = 2, .box_h = 7, .ofs_x = 0, .ofs_y = -2},
    {.bitmap_index = 1419, .adv_w = 86, .box_w = 5, .box_h = 7, .ofs_x = 0, .ofs_y = 0},
    {.bitmap_index = 1437, .adv_w = 86, .box_w = 5, .box_h = 7, .ofs_x = 0, .ofs_y = 0},
    {.bitmap_index = 1456, .adv_w = 89, .box_w = 6, .box_h = 6, .ofs_x = 0, .ofs_y = 0},
    {.bitmap_index = 1472, .adv_w = 86, .box_w = 6, .box_h = 7, .ofs_x = 0, .ofs_y = 0},
    {.bitmap_index = 1494, .adv_w = 38, .box_w = 2, .box_h = 10, .ofs_x = 0, .ofs_y = -2},
    {.bitmap_index = 1502, .adv_w = 72, .box_w = 4, .box_h = 7, .ofs_x = 0, .ofs_y = 0},
    {.bitmap_index = 1517, .adv_w = 66, .box_w = 4, .box_h = 1, .ofs_x = 0, .ofs_y = 6},
    {.bitmap_index = 1519, .adv_w = 142, .box_w = 9, .box_h = 8, .ofs_x = 0, .ofs_y = 0},
    {.bitmap_index = 1555, .adv_w = 63, .box_w = 4, .box_h = 4, .ofs_x = 0, .ofs_y = 3},
    {.bitmap_index = 1563, .adv_w = 81, .box_w = 5, .box_h = 4, .ofs_x = 0, .ofs_y = 1},
    {.bitmap_index = 1574, .adv_w = 109, .box_w = 5, .box_h = 3, .ofs_x = 1, .ofs_y = 1},
    {.bitmap_index = 1581, .adv_w = 64, .box_w = 4, .box_h = 1, .ofs_x = 0, .ofs_y = 2},
    {.bitmap_index = 1584, .adv_w = 142, .box_w = 7, .box_h = 6, .ofs_x = 1, .ofs_y = 1},
    {.bitmap_index = 1605, .adv_w = 66, .box_w = 5, .box_h = 1, .ofs_x = 0, .ofs_y = 6},
    {.bitmap_index = 1607, .adv_w = 60, .box_w = 4, .box_h = 3, .ofs_x = 0, .ofs_y = 4},
    {.bitmap_index = 1613, .adv_w = 109, .box_w = 5, .box_h = 6, .ofs_x = 1, .ofs_y = 0},
    {.bitmap_index = 1627, .adv_w = 59, .box_w = 4, .box_h = 4, .ofs_x = 0, .ofs_y = 4},
    {.bitmap_index = 1636, .adv_w = 59, .box_w = 4, .box_h = 5, .ofs_x = 0, .ofs_y = 4},
    {.bitmap_index = 1646, .adv_w = 45, .box_w = 3, .box_h = 2, .ofs_x = 0, .ofs_y = 6},
    {.bitmap_index = 1649, .adv_w = 92, .box_w = 6, .box_h = 7, .ofs_x = 0, .ofs_y = -2},
    {.bitmap_index = 1667, .adv_w = 73, .box_w = 5, .box_h = 7, .ofs_x = 0, .ofs_y = 0},
    {.bitmap_index = 1679, .adv_w = 35, .box_w = 2, .box_h = 2, .ofs_x = 0, .ofs_y = 2},
    {.bitmap_index = 1681, .adv_w = 33, .box_w = 2, .box_h = 3, .ofs_x = 0, .ofs_y = -2},
    {.bitmap_index = 1685, .adv_w = 56, .box_w = 3, .box_h = 5, .ofs_x = 0, .ofs_y = 4},
    {.bitmap_index = 1692, .adv_w = 69, .box_w = 4, .box_h = 4, .ofs_x = 0, .ofs_y = 3},
    {.bitmap_index = 1700, .adv_w = 81, .box_w = 5, .box_h = 4, .ofs_x = 0, .ofs_y = 1},
    {.bitmap_index = 1710, .adv_w = 145, .box_w = 9, .box_h = 8, .ofs_x = 0, .ofs_y = 0},
    {.bitmap_index = 1745, .adv_w = 149, .box_w = 9, .box_h = 8, .ofs_x = 0, .ofs_y = 0},
    {.bitmap_index = 1779, .adv_w = 152, .box_w = 9, .box_h = 7, .ofs_x = 0, .ofs_y = 0},
    {.bitmap_index = 1811, .adv_w = 72, .box_w = 5, .box_h = 7, .ofs_x = 0, .ofs_y = -2},
    {.bitmap_index = 1829, .adv_w = 103, .box_w = 7, .box_h = 9, .ofs_x = 0, .ofs_y = 0},
    {.bitmap_index = 1858, .adv_w = 103, .box_w = 7, .box_h = 9, .ofs_x = 0, .ofs_y = 0},
    {.bitmap_index = 1887, .adv_w = 103, .box_w = 7, .box_h = 9, .ofs_x = 0, .ofs_y = 0},
    {.bitmap_index = 1917, .adv_w = 103, .box_w = 7, .box_h = 9, .ofs_x = 0, .ofs_y = 0},
    {.bitmap_index = 1948, .adv_w = 103, .box_w = 7, .box_h = 8, .ofs_x = 0, .ofs_y = 0},
    {.bitmap_index = 1976, .adv_w = 103, .box_w = 7, .box_h = 9, .ofs_x = 0, .ofs_y = 0},
    {.bitmap_index = 2005, .adv_w = 138, .box_w = 9, .box_h = 7, .ofs_x = 0, .ofs_y = 0},
    {.bitmap_index = 2034, .adv_w = 99, .box_w = 6, .box_h = 9, .ofs_x = 0, .ofs_y = -2},
    {.bitmap_index = 2059, .adv_w = 81, .box_w = 5, .box_h = 9, .ofs_x = 0, .ofs_y = 0},
    {.bitmap_index = 2079, .adv_w = 81, .box_w = 5, .box_h = 9, .ofs_x = 0, .ofs_y = 0},
    {.bitmap_index = 2100, .adv_w = 81, .box_w = 5, .box_h = 9, .ofs_x = 0, .ofs_y = 0},
    {.bitmap_index = 2121, .adv_w = 81, .box_w = 5, .box_h = 8, .ofs_x = 0, .ofs_y = 0},
    {.bitmap_index = 2139, .adv_w = 43, .box_w = 3, .box_h = 9, .ofs_x = 0, .ofs_y = 0},
    {.bitmap_index = 2147, .adv_w = 43, .box_w = 3, .box_h = 9, .ofs_x = 0, .ofs_y = 0},
    {.bitmap_index = 2155, .adv_w = 43, .box_w = 4, .box_h = 9, .ofs_x = -1, .ofs_y = 0},
    {.bitmap_index = 2165, .adv_w = 43, .box_w = 4, .box_h = 8, .ofs_x = -1, .ofs_y = 0},
    {.bitmap_index = 2173, .adv_w = 112, .box_w = 7, .box_h = 7, .ofs_x = 0, .ofs_y = 0},
    {.bitmap_index = 2197, .adv_w = 120, .box_w = 7, .box_h = 9, .ofs_x = 0, .ofs_y = 0},
    {.bitmap_index = 2224, .adv_w = 121, .box_w = 8, .box_h = 9, .ofs_x = 0, .ofs_y = 0},
    {.bitmap_index = 2256, .adv_w = 121, .box_w = 8, .box_h = 9, .ofs_x = 0, .ofs_y = 0},
    {.bitmap_index = 2288, .adv_w = 121, .box_w = 8, .box_h = 9, .ofs_x = 0, .ofs_y = 0},
    {.bitmap_index = 2320, .adv_w = 121, .box_w = 8, .box_h = 9, .ofs_x = 0, .ofs_y = 0},
    {.bitmap_index = 2353, .adv_w = 121, .box_w = 8, .box_h = 9, .ofs_x = 0, .ofs_y = 0},
    {.bitmap_index = 2386, .adv_w = 109, .box_w = 5, .box_h = 5, .ofs_x = 1, .ofs_y = 0},
    {.bitmap_index = 2399, .adv_w = 121, .box_w = 8, .box_h = 9, .ofs_x = 0, .ofs_y = -1},
    {.bitmap_index = 2433, .adv_w = 110, .box_w = 7, .box_h = 9, .ofs_x = 0, .ofs_y = 0},
    {.bitmap_index = 2454, .adv_w = 110, .box_w = 7, .box_h = 9, .ofs_x = 0, .ofs_y = 0},
    {.bitmap_index = 2476, .adv_w = 110, .box_w = 7, .box_h = 9, .ofs_x = 0, .ofs_y = 0},
    {.bitmap_index = 2498, .adv_w = 110, .box_w = 7, .box_h = 9, .ofs_x = 0, .ofs_y = 0},
    {.bitmap_index = 2520, .adv_w = 88, .box_w = 6, .box_h = 9, .ofs_x = 0, .ofs_y = 0},
    {.bitmap_index = 2545, .adv_w = 90, .box_w = 6, .box_h = 7, .ofs_x = 0, .ofs_y = 0},
    {.bitmap_index = 2565, .adv_w = 87, .box_w = 6, .box_h = 7, .ofs_x = 0, .ofs_y = 0},
    {.bitmap_index = 2585, .adv_w = 81, .box_w = 5, .box_h = 7, .ofs_x = 0, .ofs_y = 0},
    {.bitmap_index = 2603, .adv_w = 81, .box_w = 5, .box_h = 7, .ofs_x = 0, .ofs_y = 0},
    {.bitmap_index = 2622, .adv_w = 81, .box_w = 5, .box_h = 7, .ofs_x = 0, .ofs_y = 0},
    {.bitmap_index = 2641, .adv_w = 81, .box_w = 5, .box_h = 7, .ofs_x = 0, .ofs_y = 0},
    {.bitmap_index = 2660, .adv_w = 81, .box_w = 5, .box_h = 7, .ofs_x = 0, .ofs_y = 0},
    {.bitmap_index = 2679, .adv_w = 81, .box_w = 5, .box_h = 8, .ofs_x = 0, .ofs_y = 0},
    {.bitmap_index = 2701, .adv_w = 133, .box_w = 8, .box_h = 5, .ofs_x = 0, .ofs_y = 0},
    {.bitmap_index = 2722, .adv_w = 74, .box_w = 5, .box_h = 7, .ofs_x = 0, .ofs_y = -2},
    {.bitmap_index = 2739, .adv_w = 84, .box_w = 5, .box_h = 7, .ofs_x = 0, .ofs_y = 0},
    {.bitmap_index = 2757, .adv_w = 84, .box_w = 5, .box_h = 7, .ofs_x = 0, .ofs_y = 0},
    {.bitmap_index = 2775, .adv_w = 84, .box_w = 5, .box_h = 7, .ofs_x = 0, .ofs_y = 0},
    {.bitmap_index = 2793, .adv_w = 84, .box_w = 5, .box_h = 7, .ofs_x = 0, .ofs_y = 0},
    {.bitmap_index = 2811, .adv_w = 39, .box_w = 3, .box_h = 7, .ofs_x = -1, .ofs_y = 0},
    {.bitmap_index = 2819, .adv_w = 39, .box_w = 3, .box_h = 7, .ofs_x = 0, .ofs_y = 0},
    {.bitmap_index = 2827, .adv_w = 39, .box_w = 4, .box_h = 7, .ofs_x = -1, .ofs_y = 0},
    {.bitmap_index = 2837, .adv_w = 39, .box_w = 4, .box_h = 7, .ofs_x = -1, .ofs_y = 0},
    {.bitmap_index = 2846, .adv_w = 89, .box_w = 6, .box_h = 8, .ofs_x = 0, .ofs_y = 0},
    {.bitmap_index = 2869, .adv_w = 91, .box_w = 5, .box_h = 7, .ofs_x = 0, .ofs_y = 0},
    {.bitmap_index = 2884, .adv_w = 94, .box_w = 6, .box_h = 7, .ofs_x = 0, .ofs_y = 0},
    {.bitmap_index = 2905, .adv_w = 94, .box_w = 6, .box_h = 7, .ofs_x = 0, .ofs_y = 0},
    {.bitmap_index = 2926, .adv_w = 94, .box_w = 6, .box_h = 7, .ofs_x = 0, .ofs_y = 0},
    {.bitmap_index = 2948, .adv_w = 94, .box_w = 6, .box_h = 7, .ofs_x = 0, .ofs_y = 0},
    {.bitmap_index = 2971, .adv_w = 94, .box_w = 6, .box_h = 7, .ofs_x = 0, .ofs_y = 0},
    {.bitmap_index = 2993, .adv_w = 109, .box_w = 5, .box_h = 6, .ofs_x = 1, .ofs_y = -1},
    {.bitmap_index = 3007, .adv_w = 94, .box_w = 6, .box_h = 7, .ofs_x = 0, .ofs_y = -1},
    {.bitmap_index = 3027, .adv_w = 91, .box_w = 5, .box_h = 7, .ofs_x = 0, .ofs_y = 0},
    {.bitmap_index = 3042, .adv_w = 91, .box_w = 5, .box_h = 7, .ofs_x = 0, .ofs_y = 0},
    {.bitmap_index = 3057, .adv_w = 91, .box_w = 5, .box_h = 7, .ofs_x = 0, .ofs_y = 0},
    {.bitmap_index = 3072, .adv_w = 91, .box_w = 5, .box_h = 7, .ofs_x = 0, .ofs_y = 0},
    {.bitmap_index = 3087, .adv_w = 77, .box_w = 5, .box_h = 9, .ofs_x = 0, .ofs_y = -2},
    {.bitmap_index = 3111, .adv_w = 94, .box_w = 6, .box_h = 9, .ofs_x = 0, .ofs_y = -2},
    {.bitmap_index = 3134, .adv_w = 77, .box_w = 5, .box_h = 9, .ofs_x = 0, .ofs_y = -2},
    {.bitmap_index = 3158, .adv_w = 103, .box_w = 7, .box_h = 8, .ofs_x = 0, .ofs_y = 0},
    {.bitmap_index = 3185, .adv_w = 81, .box_w = 5, .box_h = 7, .ofs_x = 0, .ofs_y = 0},
    {.bitmap_index = 3204, .adv_w = 103, .box_w = 7, .box_h = 9, .ofs_x = 0, .ofs_y = 0},
    {.bitmap_index = 3234, .adv_w = 81, .box_w = 5, .box_h = 7, .ofs_x = 0, .ofs_y = 0},
    {.bitmap_index = 3253, .adv_w = 103, .box_w = 7, .box_h = 9, .ofs_x = 0, .ofs_y = -2},
    {.bitmap_index = 3284, .adv_w = 81, .box_w = 5, .box_h = 7, .ofs_x = 0, .ofs_y = -2},
    {.bitmap_index = 3303, .adv_w = 99, .box_w = 6, .box_h = 9, .ofs_x = 0, .ofs_y = 0},
    {.bitmap_index = 3328, .adv_w = 74, .box_w = 5, .box_h = 7, .ofs_x = 0, .ofs_y = 0},
    {.bitmap_index = 3346, .adv_w = 99, .box_w = 6, .box_h = 9, .ofs_x = 0, .ofs_y = 0},
    {.bitmap_index = 3372, .adv_w = 74, .box_w = 5, .box_h = 7, .ofs_x = 0, .ofs_y = 0},
    {.bitmap_index = 3390, .adv_w = 99, .box_w = 6, .box_h = 9, .ofs_x = 0, .ofs_y = 0},
    {.bitmap_index = 3415, .adv_w = 74, .box_w = 5, .box_h = 7, .ofs_x = 0, .ofs_y = 0},
    {.bitmap_index = 3432, .adv_w = 99, .box_w = 6, .box_h = 9, .ofs_x = 0, .ofs_y = 0},
    {.bitmap_index = 3458, .adv_w = 74, .box_w = 5, .box_h = 7, .ofs_x = 0, .ofs_y = 0},
    {.bitmap_index = 3476, .adv_w = 112, .box_w = 7, .box_h = 9, .ofs_x = 0, .ofs_y = 0},
    {.bitmap_index = 3505, .adv_w = 108, .box_w = 8, .box_h = 7, .ofs_x = 0, .ofs_y = 0},
    {.bitmap_index = 3531, .adv_w = 112, .box_w = 7, .box_h = 7, .ofs_x = 0, .ofs_y = 0},
    {.bitmap_index = 3555, .adv_w = 94, .box_w = 6, .box_h = 7, .ofs_x = 0, .ofs_y = 0},
    {.bitmap_index = 3577, .adv_w = 81, .box_w = 5, .box_h = 8, .ofs_x = 0, .ofs_y = 0},
    {.bitmap_index = 3595, .adv_w = 84, .box_w = 5, .box_h = 7, .ofs_x = 0, .ofs_y = 0},
    {.bitmap_index = 3613, .adv_w = 81, .box_w = 5, .box_h = 9, .ofs_x = 0, .ofs_y = 0},
    {.bitmap_index = 3634, .adv_w = 84, .box_w = 5, .box_h = 7, .ofs_x = 0, .ofs_y = 0},
    {.bitmap_index = 3652, .adv_w = 81, .box_w = 5, .box_h = 8, .ofs_x = 0, .ofs_y = 0},
    {.bitmap_index = 3670, .adv_w = 84, .box_w = 5, .box_h = 7, .ofs_x = 0, .ofs_y = 0},
    {.bitmap_index = 3688, .adv_w = 81, .box_w = 5, .box_h = 9, .ofs_x = 0, .ofs_y = -2},
    {.bitmap_index = 3709, .adv_w = 84, .box_w = 5, .box_h = 7, .ofs_x = 0, .ofs_y = -2},
    {.bitmap_index = 3727, .adv_w = 81, .box_w = 5, .box_h = 9, .ofs_x = 0, .ofs_y = 0},
    {.bitmap_index = 3748, .adv_w = 84, .box_w = 5, .box_h = 7, .ofs_x = 0, .ofs_y = 0},
    {.bitmap_index = 3766, .adv_w = 110, .box_w = 7, .box_h = 9, .ofs_x = 0, .ofs_y = 0},
    {.bitmap_index = 3796, .adv_w = 94, .box_w = 6, .box_h = 9, .ofs_x = 0, .ofs_y = -2},
    {.bitmap_index = 3824, .adv_w = 110, .box_w = 7, .box_h = 9, .ofs_x = 0, .ofs_y = 0},
    {.bitmap_index = 3855, .adv_w = 94, .box_w = 6, .box_h = 9, .ofs_x = 0, .ofs_y = -2},
    {.bitmap_index = 3883, .adv_w = 110, .box_w = 7, .box_h = 9, .ofs_x = 0, .ofs_y = 0},
    {.bitmap_index = 3913, .adv_w = 94, .box_w = 6, .box_h = 9, .ofs_x = 0, .ofs_y = -2},
    {.bitmap_index = 3940, .adv_w = 110, .box_w = 7, .box_h = 9, .ofs_x = 0, .ofs_y = -2},
    {.bitmap_index = 3971, .adv_w = 94, .box_w = 6, .box_h = 9, .ofs_x = 0, .ofs_y = -2},
    {.bitmap_index = 3998, .adv_w = 114, .box_w = 7, .box_h = 9, .ofs_x = 0, .ofs_y = 0},
    {.bitmap_index = 4020, .adv_w = 91, .box_w = 5, .box_h = 10, .ofs_x = 0, .ofs_y = 0},
    {.bitmap_index = 4040, .adv_w = 114, .box_w = 7, .box_h = 7, .ofs_x = 0, .ofs_y = 0},
    {.bitmap_index = 4059, .adv_w = 91, .box_w = 5, .box_h = 7, .ofs_x = 0, .ofs_y = 0},
    {.bitmap_index = 4074, .adv_w = 43, .box_w = 4, .box_h = 9, .ofs_x = -1, .ofs_y = 0},
    {.bitmap_index = 4084, .adv_w = 39, .box_w = 4, .box_h = 7, .ofs_x = -1, .ofs_y = 0},
    {.bitmap_index = 4093, .adv_w = 43, .box_w = 3, .box_h = 8, .ofs_x = 0, .ofs_y = 0},
    {.bitmap_index = 4100, .adv_w = 39, .box_w = 4, .box_h = 7, .ofs_x = -1, .ofs_y = 0},
    {.bitmap_index = 4109, .adv_w = 43, .box_w = 4, .box_h = 9, .ofs_x = -1, .ofs_y = 0},
    {.bitmap_index = 4119, .adv_w = 39, .box_w = 4, .box_h = 7, .ofs_x = -1, .ofs_y = 0},
    {.bitmap_index = 4128, .adv_w = 43, .box_w = 2, .box_h = 9, .ofs_x = 0, .ofs_y = -2},
    {.bitmap_index = 4135, .adv_w = 39, .box_w = 2, .box_h = 9, .ofs_x = 0, .ofs_y = -2},
    {.bitmap_index = 4142, .adv_w = 43, .box_w = 2, .box_h = 8, .ofs_x = 0, .ofs_y = 0},
    {.bitmap_index = 4148, .adv_w = 39, .box_w = 2, .box_h = 5, .ofs_x = 0, .ofs_y = 0},
    {.bitmap_index = 4151, .adv_w = 100, .box_w = 6, .box_h = 7, .ofs_x = 0, .ofs_y = 0},
    {.bitmap_index = 4164, .adv_w = 79, .box_w = 5, .box_h = 9, .ofs_x = 0, .ofs_y = -2},
    {.bitmap_index = 4180, .adv_w = 57, .box_w = 4, .box_h = 9, .ofs_x = 0, .ofs_y = 0},
    {.bitmap_index = 4195, .adv_w = 39, .box_w = 4, .box_h = 9, .ofs_x = -1, .ofs_y = -2},
    {.bitmap_index = 4208, .adv_w = 93, .box_w = 6, .box_h = 9, .ofs_x = 0, .ofs_y = -2},
    {.bitmap_index = 4234, .adv_w = 80, .box_w = 5, .box_h = 9, .ofs_x = 0, .ofs_y = -2},
    {.bitmap_index = 4254, .adv_w = 80, .box_w = 5, .box_h = 5, .ofs_x = 0, .ofs_y = 0},
    {.bitmap_index = 4267, .adv_w = 75, .box_w = 5, .box_h = 9, .ofs_x = 0, .ofs_y = 0},
    {.bitmap_index = 4280, .adv_w = 39, .box_w = 3, .box_h = 10, .ofs_x = 0, .ofs_y = 0},
    {.bitmap_index = 4289, .adv_w = 75, .box_w = 5, .box_h = 9, .ofs_x = 0, .ofs_y = -2},
    {.bitmap_index = 4301, .adv_w = 39, .box_w = 2, .box_h = 9, .ofs_x = 0, .ofs_y = -2},
    {.bitmap_index = 4308, .adv_w = 75, .box_w = 5, .box_h = 7, .ofs_x = 0, .ofs_y = 0},
    {.bitmap_index = 4320, .adv_w = 49, .box_w = 4, .box_h = 7, .ofs_x = 0, .ofs_y = 0},
    {.bitmap_index = 4329, .adv_w = 75, .box_w = 5, .box_h = 7, .ofs_x = 0, .ofs_y = 0},
    {.bitmap_index = 4340, .adv_w = 50, .box_w = 4, .box_h = 7, .ofs_x = 0, .ofs_y = 0},
    {.bitmap_index = 4349, .adv_w = 75, .box_w = 5, .box_h = 7, .ofs_x = 0, .ofs_y = 0},
    {.bitmap_index = 4363, .adv_w = 44, .box_w = 3, .box_h = 7, .ofs_x = 0, .ofs_y = 0},
    {.bitmap_index = 4372, .adv_w = 120, .box_w = 7, .box_h = 9, .ofs_x = 0, .ofs_y = 0},
    {.bitmap_index = 4398, .adv_w = 91, .box_w = 5, .box_h = 7, .ofs_x = 0, .ofs_y = 0},
    {.bitmap_index = 4413, .adv_w = 120, .box_w = 7, .box_h = 9, .ofs_x = 0, .ofs_y = -2},
    {.bitmap_index = 4440, .adv_w = 91, .box_w = 5, .box_h = 7, .ofs_x = 0, .ofs_y = -2},
    {.bitmap_index = 4455, .adv_w = 120, .box_w = 7, .box_h = 9, .ofs_x = 0, .ofs_y = 0},
    {.bitmap_index = 4482, .adv_w = 91, .box_w = 5, .box_h = 7, .ofs_x = 0, .ofs_y = 0},
    {.bitmap_index = 4497, .adv_w = 97, .box_w = 7, .box_h = 7, .ofs_x = -1, .ofs_y = 0},
    {.bitmap_index = 4515, .adv_w = 120, .box_w = 7, .box_h = 9, .ofs_x = 0, .ofs_y = -2},
    {.bitmap_index = 4542, .adv_w = 91, .box_w = 5, .box_h = 7, .ofs_x = 0, .ofs_y = -2},
    {.bitmap_index = 4556, .adv_w = 121, .box_w = 8, .box_h = 8, .ofs_x = 0, .ofs_y = 0},
    {.bitmap_index = 4585, .adv_w = 94, .box_w = 6, .box_h = 7, .ofs_x = 0, .ofs_y = 0},
    {.bitmap_index = 4608, .adv_w = 121, .box_w = 8, .box_h = 9, .ofs_x = 0, .ofs_y = 0},
    {.bitmap_index = 4641, .adv_w = 94, .box_w = 6, .box_h = 7, .ofs_x = 0, .ofs_y = 0},
    {.bitmap_index = 4664, .adv_w = 121, .box_w = 8, .box_h = 9, .ofs_x = 0, .ofs_y = 0},
    {.bitmap_index = 4697, .adv_w = 94, .box_w = 6, .box_h = 7, .ofs_x = 0, .ofs_y = 0},
    {.bitmap_index = 4719, .adv_w = 149, .box_w = 9, .box_h = 7, .ofs_x = 0, .ofs_y = 0},
    {.bitmap_index = 4748, .adv_w = 148, .box_w = 9, .box_h = 5, .ofs_x = 0, .ofs_y = 0},
    {.bitmap_index = 4771, .adv_w = 96, .box_w = 6, .box_h = 9, .ofs_x = 0, .ofs_y = 0},
    {.bitmap_index = 4797, .adv_w = 56, .box_w = 4, .box_h = 7, .ofs_x = 0, .ofs_y = 0},
    {.bitmap_index = 4809, .adv_w = 96, .box_w = 6, .box_h = 9, .ofs_x = 0, .ofs_y = -2},
    {.bitmap_index = 4836, .adv_w = 56, .box_w = 4, .box_h = 8, .ofs_x = 0, .ofs_y = -2},
    {.bitmap_index = 4849, .adv_w = 96, .box_w = 6, .box_h = 9, .ofs_x = 0, .ofs_y = 0},
    {.bitmap_index = 4876, .adv_w = 56, .box_w = 4, .box_h = 7, .ofs_x = 0, .ofs_y = 0},
    {.bitmap_index = 4888, .adv_w = 85, .box_w = 5, .box_h = 9, .ofs_x = 0, .ofs_y = 0},
    {.bitmap_index = 4911, .adv_w = 68, .box_w = 4, .box_h = 7, .ofs_x = 0, .ofs_y = 0},
    {.bitmap_index = 4926, .adv_w = 85, .box_w = 5, .box_h = 9, .ofs_x = 0, .ofs_y = 0},
    {.bitmap_index = 4950, .adv_w = 68, .box_w = 4, .box_h = 7, .ofs_x = 0, .ofs_y = 0},
    {.bitmap_index = 4965, .adv_w = 85, .box_w = 5, .box_h = 9, .ofs_x = 0, .ofs_y = -2},
    {.bitmap_index = 4989, .adv_w = 68, .box_w = 4, .box_h = 7, .ofs_x = 0, .ofs_y = -2},
    {.bitmap_index = 5004, .adv_w = 85, .box_w = 5, .box_h = 9, .ofs_x = 0, .ofs_y = 0},
    {.bitmap_index = 5028, .adv_w = 68, .box_w = 4, .box_h = 7, .ofs_x = 0, .ofs_y = 0},
    {.bitmap_index = 5043, .adv_w = 84, .box_w = 6, .box_h = 9, .ofs_x = 0, .ofs_y = -2},
    {.bitmap_index = 5059, .adv_w = 54, .box_w = 4, .box_h = 9, .ofs_x = 0, .ofs_y = -2},
    {.bitmap_index = 5075, .adv_w = 84, .box_w = 6, .box_h = 9, .ofs_x = 0, .ofs_y = 0},
    {.bitmap_index = 5090, .adv_w = 70, .box_w = 5, .box_h = 7, .ofs_x = 0, .ofs_y = 0},
    {.bitmap_index = 5105, .adv_w = 84, .box_w = 6, .box_h = 7, .ofs_x = 0, .ofs_y = 0},
    {.bitmap_index = 5121, .adv_w = 54, .box_w = 4, .box_h = 7, .ofs_x = 0, .ofs_y = 0},
    {.bitmap_index = 5134, .adv_w = 110, .box_w = 7, .box_h = 9, .ofs_x = 0, .ofs_y = 0},
    {.bitmap_index = 5157, .adv_w = 91, .box_w = 5, .box_h = 7, .ofs_x = 0, .ofs_y = 0},
    {.bitmap_index = 5173, .adv_w = 110, .box_w = 7, .box_h = 8, .ofs_x = 0, .ofs_y = 0},
    {.bitmap_index = 5193, .adv_w = 91, .box_w = 5, .box_h = 7, .ofs_x = 0, .ofs_y = 0},
    {.bitmap_index = 5209, .adv_w = 110, .box_w = 7, .box_h = 9, .ofs_x = 0, .ofs_y = 0},
    {.bitmap_index = 5231, .adv_w = 91, .box_w = 5, .box_h = 7, .ofs_x = 0, .ofs_y = 0},
    {.bitmap_index = 5246, .adv_w = 110, .box_w = 7, .box_h = 10, .ofs_x = 0, .ofs_y = 0},
    {.bitmap_index = 5271, .adv_w = 91, .box_w = 5, .box_h = 8, .ofs_x = 0, .ofs_y = 0},
    {.bitmap_index = 5289, .adv_w = 110, .box_w = 7, .box_h = 9, .ofs_x = 0, .ofs_y = 0},
    {.bitmap_index = 5312, .adv_w = 91, .box_w = 5, .box_h = 7, .ofs_x = 0, .ofs_y = 0},
    {.bitmap_index = 5327, .adv_w = 110, .box_w = 7, .box_h = 9, .ofs_x = 0, .ofs_y = -2},
    {.bitmap_index = 5348, .adv_w = 91, .box_w = 5, .box_h = 7, .ofs_x = 0, .ofs_y = -2},
    {.bitmap_index = 5362, .adv_w = 149, .box_w = 10, .box_h = 9, .ofs_x = 0, .ofs_y = 0},
    {.bitmap_index = 5405, .adv_w = 116, .box_w = 8, .box_h = 7, .ofs_x = 0, .ofs_y = 0},
    {.bitmap_index = 5433, .adv_w = 88, .box_w = 6, .box_h = 9, .ofs_x = 0, .ofs_y = 0},
    {.bitmap_index = 5458, .adv_w = 77, .box_w = 5, .box_h = 9, .ofs_x = 0, .ofs_y = -2},
    {.bitmap_index = 5482, .adv_w = 88, .box_w = 6, .box_h = 8, .ofs_x = 0, .ofs_y = 0},
    {.bitmap_index = 5504, .adv_w = 91, .box_w = 6, .box_h = 9, .ofs_x = 0, .ofs_y = 0},
    {.bitmap_index = 5530, .adv_w = 72, .box_w = 5, .box_h = 7, .ofs_x = 0, .ofs_y = 0},
    {.bitmap_index = 5549, .adv_w = 91, .box_w = 6, .box_h = 8, .ofs_x = 0, .ofs_y = 0},
    {.bitmap_index = 5573, .adv_w = 72, .box_w = 5, .box_h = 7, .ofs_x = 0, .ofs_y = 0},
    {.bitmap_index = 5591, .adv_w = 91, .box_w = 6, .box_h = 9, .ofs_x = 0, .ofs_y = 0},
    {.bitmap_index = 5618, .adv_w = 72, .box_w = 5, .box_h = 7, .ofs_x = 0, .ofs_y = 0},
    {.bitmap_index = 5637, .adv_w = 39, .box_w = 3, .box_h = 7, .ofs_x = 0, .ofs_y = 0},
    {.bitmap_index = 5645, .adv_w = 122, .box_w = 8, .box_h = 8, .ofs_x = 0, .ofs_y = 0},
    {.bitmap_index = 5675, .adv_w = 96, .box_w = 6, .box_h = 6, .ofs_x = 0, .ofs_y = 0},
    {.bitmap_index = 5693, .adv_w = 155, .box_w = 9, .box_h = 7, .ofs_x = 0, .ofs_y = 0},
    {.bitmap_index = 5719, .adv_w = 126, .box_w = 8, .box_h = 5, .ofs_x = 0, .ofs_y = 0},
    {.bitmap_index = 5737, .adv_w = 96, .box_w = 7, .box_h = 7, .ofs_x = -1, .ofs_y = 0},
    {.bitmap_index = 5759, .adv_w = 94, .box_w = 6, .box_h = 9, .ofs_x = 0, .ofs_y = -2},
    {.bitmap_index = 5785, .adv_w = 92, .box_w = 6, .box_h = 8, .ofs_x = 0, .ofs_y = -1},
    {.bitmap_index = 5806, .adv_w = 85, .box_w = 5, .box_h = 7, .ofs_x = 0, .ofs_y = 0},
    {.bitmap_index = 5824, .adv_w = 68, .box_w = 4, .box_h = 5, .ofs_x = 0, .ofs_y = 0},
    {.bitmap_index = 5835, .adv_w = 83, .box_w = 5, .box_h = 7, .ofs_x = 0, .ofs_y = 0},
    {.bitmap_index = 5853, .adv_w = 47, .box_w = 5, .box_h = 9, .ofs_x = -1, .ofs_y = -2},
    {.bitmap_index = 5865, .adv_w = 54, .box_w = 4, .box_h = 9, .ofs_x = 0, .ofs_y = -2},
    {.bitmap_index = 5881, .adv_w = 84, .box_w = 7, .box_h = 7, .ofs_x = -1, .ofs_y = 0},
    {.bitmap_index = 5893, .adv_w = 54, .box_w = 4, .box_h = 7, .ofs_x = 0, .ofs_y = 0},
    {.bitmap_index = 5905, .adv_w = 84, .box_w = 6, .box_h = 9, .ofs_x = 0, .ofs_y = -2},
    {.bitmap_index = 5919, .adv_w = 113, .box_w = 8, .box_h = 8, .ofs_x = 0, .ofs_y = 0},
    {.bitmap_index = 5941, .adv_w = 94, .box_w = 6, .box_h = 6, .ofs_x = 0, .ofs_y = 0},
    {.bitmap_index = 5957, .adv_w = 103, .box_w = 7, .box_h = 9, .ofs_x = 0, .ofs_y = -2},
    {.bitmap_index = 5987, .adv_w = 81, .box_w = 5, .box_h = 7, .ofs_x = 0, .ofs_y = -2},
    {.bitmap_index = 6006, .adv_w = 103, .box_w = 7, .box_h = 9, .ofs_x = 0, .ofs_y = 0},
    {.bitmap_index = 6035, .adv_w = 81, .box_w = 5, .box_h = 8, .ofs_x = 0, .ofs_y = 0},
    {.bitmap_index = 6056, .adv_w = 103, .box_w = 7, .box_h = 10, .ofs_x = 0, .ofs_y = 0},
    {.bitmap_index = 6089, .adv_w = 81, .box_w = 6, .box_h = 8, .ofs_x = 0, .ofs_y = 0},
    {.bitmap_index = 6113, .adv_w = 103, .box_w = 7, .box_h = 10, .ofs_x = 0, .ofs_y = 0},
    {.bitmap_index = 6146, .adv_w = 81, .box_w = 6, .box_h = 8, .ofs_x = -1, .ofs_y = 0},
    {.bitmap_index = 6170, .adv_w = 103, .box_w = 7, .box_h = 10, .ofs_x = 0, .ofs_y = 0},
    {.bitmap_index = 6203, .adv_w = 81, .box_w = 5, .box_h = 8, .ofs_x = 0, .ofs_y = 0},
    {.bitmap_index = 6224, .adv_w = 103, .box_w = 7, .box_h = 10, .ofs_x = 0, .ofs_y = 0},
    {.bitmap_index = 6257, .adv_w = 81, .box_w = 5, .box_h = 9, .ofs_x = 0, .ofs_y = 0},
    {.bitmap_index = 6281, .adv_w = 103, .box_w = 7, .box_h = 11, .ofs_x = 0, .ofs_y = -2},
    {.bitmap_index = 6317, .adv_w = 81, .box_w = 5, .box_h = 9, .ofs_x = 0, .ofs_y = -2},
    {.bitmap_index = 6341, .adv_w = 103, .box_w = 7, .box_h = 10, .ofs_x = 0, .ofs_y = 0},
    {.bitmap_index = 6374, .adv_w = 81, .box_w = 5, .box_h = 8, .ofs_x = 0, .ofs_y = 0},
    {.bitmap_index = 6396, .adv_w = 103, .box_w = 7, .box_h = 10, .ofs_x = 0, .ofs_y = 0},
    {.bitmap_index = 6428, .adv_w = 81, .box_w = 5, .box_h = 8, .ofs_x = 0, .ofs_y = 0},
    {.bitmap_index = 6449, .adv_w = 103, .box_w = 7, .box_h = 10, .ofs_x = 0, .ofs_y = 0},
    {.bitmap_index = 6481, .adv_w = 81, .box_w = 5, .box_h = 9, .ofs_x = 0, .ofs_y = 0},
    {.bitmap_index = 6504, .adv_w = 103, .box_w = 7, .box_h = 10, .ofs_x = 0, .ofs_y = 0},
    {.bitmap_index = 6537, .adv_w = 81, .box_w = 5, .box_h = 9, .ofs_x = 0, .ofs_y = 0},
    {.bitmap_index = 6561, .adv_w = 103, .box_w = 7, .box_h = 11, .ofs_x = 0, .ofs_y = -2},
    {.bitmap_index = 6597, .adv_w = 81, .box_w = 5, .box_h = 9, .ofs_x = 0, .ofs_y = -2},
    {.bitmap_index = 6621, .adv_w = 81, .box_w = 5, .box_h = 9, .ofs_x = 0, .ofs_y = -2},
    {.bitmap_index = 6642, .adv_w = 84, .box_w = 5, .box_h = 6, .ofs_x = 0, .ofs_y = -1},
    {.bitmap_index = 6657, .adv_w = 81, .box_w = 5, .box_h = 9, .ofs_x = 0, .ofs_y = 0},
    {.bitmap_index = 6677, .adv_w = 84, .box_w = 5, .box_h = 8, .ofs_x = 0, .ofs_y = 0},
    {.bitmap_index = 6697, .adv_w = 81, .box_w = 5, .box_h = 9, .ofs_x = 0, .ofs_y = 0},
    {.bitmap_index = 6718, .adv_w = 84, .box_w = 5, .box_h = 7, .ofs_x = 0, .ofs_y = 0},
    {.bitmap_index = 6736, .adv_w = 81, .box_w = 6, .box_h = 10, .ofs_x = 0, .ofs_y = 0},
    {.bitmap_index = 6762, .adv_w = 84, .box_w = 6, .box_h = 8, .ofs_x = 0, .ofs_y = 0},
    {.bitmap_index = 6786, .adv_w = 81, .box_w = 5, .box_h = 10, .ofs_x = 0, .ofs_y = 0},
    {.bitmap_index = 6809, .adv_w = 84, .box_w = 5, .box_h = 8, .ofs_x = 0, .ofs_y = 0},
    {.bitmap_index = 6829, .adv_w = 81, .box_w = 6, .box_h = 10, .ofs_x = 0, .ofs_y = 0},
    {.bitmap_index = 6855, .adv_w = 84, .box_w = 6, .box_h = 9, .ofs_x = 0, .ofs_y = 0},
    {.bitmap_index = 6882, .adv_w = 81, .box_w = 5, .box_h = 10, .ofs_x = 0, .ofs_y = 0},
    {.bitmap_index = 6905, .adv_w = 84, .box_w = 5, .box_h = 9, .ofs_x = 0, .ofs_y = 0},
    {.bitmap_index = 6928, .adv_w = 81, .box_w = 5, .box_h = 11, .ofs_x = 0, .ofs_y = -2},
    {.bitmap_index = 6954, .adv_w = 84, .box_w = 5, .box_h = 8, .ofs_x = 0, .ofs_y = -1},
    {.bitmap_index = 6975, .adv_w = 43, .box_w = 3, .box_h = 9, .ofs_x = 0, .ofs_y = 0},
    {.bitmap_index = 6983, .adv_w = 39, .box_w = 3, .box_h = 8, .ofs_x = 0, .ofs_y = 0},
    {.bitmap_index = 6992, .adv_w = 43, .box_w = 2, .box_h = 9, .ofs_x = 0, .ofs_y = -2},
    {.bitmap_index = 6999, .adv_w = 39, .box_w = 2, .box_h = 9, .ofs_x = 0, .ofs_y = -2},
    {.bitmap_index = 7006, .adv_w = 121, .box_w = 8, .box_h = 8, .ofs_x = 0, .ofs_y = -1},
    {.bitmap_index = 7036, .adv_w = 94, .box_w = 6, .box_h = 6, .ofs_x = 0, .ofs_y = -1},
    {.bitmap_index = 7055, .adv_w = 121, .box_w = 8, .box_h = 10, .ofs_x = 0, .ofs_y = 0},
    {.bitmap_index = 7089, .adv_w = 94, .box_w = 6, .box_h = 8, .ofs_x = 0, .ofs_y = 0},
    {.bitmap_index = 7113, .adv_w = 121, .box_w = 8, .box_h = 10, .ofs_x = 0, .ofs_y = 0},
    {.bitmap_index = 7149, .adv_w = 94, .box_w = 6, .box_h = 8, .ofs_x = 0, .ofs_y = 0},
    {.bitmap_index = 7174, .adv_w = 121, .box_w = 8, .box_h = 10, .ofs_x = 0, .ofs_y = 0},
    {.bitmap_index = 7209, .adv_w = 94, .box_w = 6, .box_h = 8, .ofs_x = 0, .ofs_y = 0},
    {.bitmap_index = 7233, .adv_w = 121, .box_w = 8, .box_h = 10, .ofs_x = 0, .ofs_y = 0},
    {.bitmap_index = 7268, .adv_w = 94, .box_w = 6, .box_h = 9, .ofs_x = 0, .ofs_y = 0},
    {.bitmap_index = 7295, .adv_w = 121, .box_w = 8, .box_h = 10, .ofs_x = 0, .ofs_y = 0},
    {.bitmap_index = 7331, .adv_w = 94, .box_w = 6, .box_h = 9, .ofs_x = 0, .ofs_y = 0},
    {.bitmap_index = 7359, .adv_w = 121, .box_w = 8, .box_h = 10, .ofs_x = 0, .ofs_y = -1},
    {.bitmap_index = 7395, .adv_w = 94, .box_w = 6, .box_h = 8, .ofs_x = 0, .ofs_y = -1},
    {.bitmap_index = 7420, .adv_w = 122, .box_w = 8, .box_h = 9, .ofs_x = 0, .ofs_y = 0},
    {.bitmap_index = 7454, .adv_w = 96, .box_w = 6, .box_h = 7, .ofs_x = 0, .ofs_y = 0},
    {.bitmap_index = 7475, .adv_w = 122, .box_w = 8, .box_h = 9, .ofs_x = 0, .ofs_y = 0},
    {.bitmap_index = 7509, .adv_w = 96, .box_w = 6, .box_h = 7, .ofs_x = 0, .ofs_y = 0},
    {.bitmap_index = 7530, .adv_w = 122, .box_w = 8, .box_h = 10, .ofs_x = 0, .ofs_y = 0},
    {.bitmap_index = 7567, .adv_w = 96, .box_w = 6, .box_h = 8, .ofs_x = 0, .ofs_y = 0},
    {.bitmap_index = 7591, .adv_w = 122, .box_w = 8, .box_h = 9, .ofs_x = 0, .ofs_y = 0},
    {.bitmap_index = 7626, .adv_w = 96, .box_w = 6, .box_h = 7, .ofs_x = 0, .ofs_y = 0},
    {.bitmap_index = 7648, .adv_w = 122, .box_w = 8, .box_h = 9, .ofs_x = 0, .ofs_y = -1},
    {.bitmap_index = 7682, .adv_w = 96, .box_w = 6, .box_h = 7, .ofs_x = 0, .ofs_y = -1},
    {.bitmap_index = 7703, .adv_w = 110, .box_w = 7, .box_h = 8, .ofs_x = 0, .ofs_y = -1},
    {.bitmap_index = 7722, .adv_w = 91, .box_w = 5, .box_h = 7, .ofs_x = 0, .ofs_y = -2},
    {.bitmap_index = 7738, .adv_w = 110, .box_w = 7, .box_h = 10, .ofs_x = 0, .ofs_y = 0},
    {.bitmap_index = 7763, .adv_w = 91, .box_w = 5, .box_h = 8, .ofs_x = 0, .ofs_y = 0},
    {.bitmap_index = 7780, .adv_w = 113, .box_w = 8, .box_h = 9, .ofs_x = 0, .ofs_y = 0},
    {.bitmap_index = 7806, .adv_w = 94, .box_w = 6, .box_h = 7, .ofs_x = 0, .ofs_y = 0},
    {.bitmap_index = 7825, .adv_w = 113, .box_w = 8, .box_h = 9, .ofs_x = 0, .ofs_y = 0},
    {.bitmap_index = 7852, .adv_w = 94, .box_w = 6, .box_h = 7, .ofs_x = 0, .ofs_y = 0},
    {.bitmap_index = 7871, .adv_w = 113, .box_w = 8, .box_h = 10, .ofs_x = 0, .ofs_y = 0},
    {.bitmap_index = 7900, .adv_w = 94, .box_w = 6, .box_h = 8, .ofs_x = 0, .ofs_y = 0},
    {.bitmap_index = 7922, .adv_w = 113, .box_w = 8, .box_h = 9, .ofs_x = 0, .ofs_y = 0},
    {.bitmap_index = 7949, .adv_w = 94, .box_w = 6, .box_h = 7, .ofs_x = 0, .ofs_y = 0},
    {.bitmap_index = 7969, .adv_w = 113, .box_w = 8, .box_h = 9, .ofs_x = 0, .ofs_y = -1},
    {.bitmap_index = 7995, .adv_w = 94, .box_w = 6, .box_h = 8, .ofs_x = 0, .ofs_y = -2},
    {.bitmap_index = 8017, .adv_w = 88, .box_w = 6, .box_h = 9, .ofs_x = 0, .ofs_y = 0},
    {.bitmap_index = 8042, .adv_w = 77, .box_w = 5, .box_h = 9, .ofs_x = 0, .ofs_y = -2},
    {.bitmap_index = 8066, .adv_w = 88, .box_w = 6, .box_h = 9, .ofs_x = 0, .ofs_y = -2},
    {.bitmap_index = 8090, .adv_w = 77, .box_w = 5, .box_h = 7, .ofs_x = 0, .ofs_y = -2},
    {.bitmap_index = 8109, .adv_w = 88, .box_w = 6, .box_h = 9, .ofs_x = 0, .ofs_y = 0},
    {.bitmap_index = 8134, .adv_w = 77, .box_w = 5, .box_h = 10, .ofs_x = 0, .ofs_y = -2},
    {.bitmap_index = 8159, .adv_w = 88, .box_w = 6, .box_h = 9, .ofs_x = 0, .ofs_y = 0},
    {.bitmap_index = 8185, .adv_w = 77, .box_w = 5, .box_h = 9, .ofs_x = 0, .ofs_y = -2},
    {.bitmap_index = 8209, .adv_w = 64, .box_w = 4, .box_h = 1, .ofs_x = 0, .ofs_y = 2},
    {.bitmap_index = 8212, .adv_w = 64, .box_w = 4, .box_h = 1, .ofs_x = 0, .ofs_y = 2},
    {.bitmap_index = 8215, .adv_w = 86, .box_w = 5, .box_h = 1, .ofs_x = 0, .ofs_y = 2},
    {.bitmap_index = 8218, .adv_w = 80, .box_w = 5, .box_h = 1, .ofs_x = 0, .ofs_y = 2},
    {.bitmap_index = 8220, .adv_w = 160, .box_w = 10, .box_h = 1, .ofs_x = 0, .ofs_y = 2},
    {.bitmap_index = 8223, .adv_w = 160, .box_w = 10, .box_h = 1, .ofs_x = 0, .ofs_y = 2},
    {.bitmap_index = 8226, .adv_w = 73, .box_w = 4, .box_h = 10, .ofs_x = 0, .ofs_y = -2},
    {.bitmap_index = 8232, .adv_w = 66, .box_w = 5, .box_h = 2, .ofs_x = 0, .ofs_y = -3},
    {.bitmap_index = 8236, .adv_w = 37, .box_w = 2, .box_h = 3, .ofs_x = 0, .ofs_y = 4},
    {.bitmap_index = 8239, .adv_w = 37, .box_w = 2, .box_h = 2, .ofs_x = 0, .ofs_y = 5},
    {.bitmap_index = 8241, .adv_w = 37, .box_w = 2, .box_h = 2, .ofs_x = 0, .ofs_y = -1},
    {.bitmap_index = 8243, .adv_w = 37, .box_w = 2, .box_h = 2, .ofs_x = 0, .ofs_y = 5},
    {.bitmap_index = 8245, .adv_w = 60, .box_w = 4, .box_h = 3, .ofs_x = 0, .ofs_y = 4},
    {.bitmap_index = 8251, .adv_w = 60, .box_w = 4, .box_h = 3, .ofs_x = 0, .ofs_y = 4},
    {.bitmap_index = 8258, .adv_w = 60, .box_w = 4, .box_h = 3, .ofs_x = 0, .ofs_y = -1},
    {.bitmap_index = 8265, .adv_w = 60, .box_w = 4, .box_h = 3, .ofs_x = 0, .ofs_y = 4},
    {.bitmap_index = 8272, .adv_w = 60, .box_w = 4, .box_h = 6, .ofs_x = 0, .ofs_y = 1},
    {.bitmap_index = 8285, .adv_w = 60, .box_w = 4, .box_h = 6, .ofs_x = 0, .ofs_y = 1},
    {.bitmap_index = 8297, .adv_w = 65, .box_w = 4, .box_h = 3, .ofs_x = 0, .ofs_y = 2},
    {.bitmap_index = 8304, .adv_w = 117, .box_w = 7, .box_h = 2, .ofs_x = 0, .ofs_y = 0},
    {.bitmap_index = 8310, .adv_w = 94, .box_w = 6, .box_h = 9, .ofs_x = 0, .ofs_y = -2}
};

/*---------------------
 *  CHARACTER MAPPING
 *--------------------*/

static const uint16_t unicode_list_5[] = {
    0x0, 0x85
};

/*Collect the unicode lists and glyph_id offsets*/
static const lv_font_fmt_txt_cmap_t cmaps[] =
{
    {
        .range_start = 32, .range_length = 95, .glyph_id_start = 1,
        .unicode_list = NULL, .glyph_id_ofs_list = NULL, .list_length = 0, .type = LV_FONT_FMT_TXT_CMAP_FORMAT0_TINY
    },
    {
        .range_start = 160, .range_length = 224, .glyph_id_start = 96,
        .unicode_list = NULL, .glyph_id_ofs_list = NULL, .list_length = 0, .type = LV_FONT_FMT_TXT_CMAP_FORMAT0_TINY
    },
    {
        .range_start = 416, .range_length = 17, .glyph_id_start = 320,
        .unicode_list = NULL, .glyph_id_ofs_list = NULL, .list_length = 0, .type = LV_FONT_FMT_TXT_CMAP_FORMAT0_TINY
    },
    {
        .range_start = 7840, .range_length = 90, .glyph_id_start = 337,
        .unicode_list = NULL, .glyph_id_ofs_list = NULL, .list_length = 0, .type = LV_FONT_FMT_TXT_CMAP_FORMAT0_TINY
    },
    {
        .range_start = 8208, .range_length = 19, .glyph_id_start = 427,
        .unicode_list = NULL, .glyph_id_ofs_list = NULL, .list_length = 0, .type = LV_FONT_FMT_TXT_CMAP_FORMAT0_TINY
    },
    {
        .range_start = 8230, .range_length = 134, .glyph_id_start = 446,
        .unicode_list = unicode_list_5, .glyph_id_ofs_list = NULL, .list_length = 2, .type = LV_FONT_FMT_TXT_CMAP_SPARSE_TINY
    }
};



/*--------------------
 *  ALL CUSTOM DATA
 *--------------------*/

#if LVGL_VERSION_MAJOR == 8
/*Store all the custom data of the font*/
static  lv_font_fmt_txt_glyph_cache_t cache;
#endif

#if LVGL_VERSION_MAJOR >= 8
static const lv_font_fmt_txt_dsc_t font_dsc = {
#else
static lv_font_fmt_txt_dsc_t font_dsc = {
#endif
    .glyph_bitmap = glyph_bitmap,
    .glyph_dsc = glyph_dsc,
    .cmaps = cmaps,
    .kern_dsc = NULL,
    .kern_scale = 0,
    .cmap_num = 6,
    .bpp = 4,
    .kern_classes = 0,
    .bitmap_format = 1,
#if LVGL_VERSION_MAJOR == 8
    .cache = &cache
#endif
};

extern const lv_font_t lv_font_montserrat_10;


/*-----------------
 *  PUBLIC FONT
 *----------------*/

/*Initialize a public general font descriptor*/
#if LVGL_VERSION_MAJOR >= 8
const lv_font_t ui_font_10 = {
#else
lv_font_t ui_font_10 = {
#endif
    .get_glyph_dsc = lv_font_get_glyph_dsc_fmt_txt,    /*Function pointer to get glyph's data*/
    .get_glyph_bitmap = lv_font_get_bitmap_fmt_txt,    /*Function pointer to get glyph's bitmap*/
    .line_height = 13,          /*The maximum line height required by the font*/
    .base_line = 3,             /*Baseline measured from the bottom of the line*/
#if !(LVGL_VERSION_MAJOR == 6 && LVGL_VERSION_MINOR == 0)
    .subpx = LV_FONT_SUBPX_NONE,
#endif
#if LV_VERSION_CHECK(7, 4, 0) || LVGL_VERSION_MAJOR >= 8
    .underline_position = -1,
    .underline_thickness = 1,
#endif
    .dsc = &font_dsc,          /*The custom font data. Will be accessed by `get_glyph_bitmap/dsc` */
#if LV_VERSION_CHECK(8, 2, 0) || LVGL_VERSION_MAJOR >= 9
    .fallback = &lv_font_montserrat_10,
#endif
    .user_data = NULL,
};



#endif /*#if ENABLE_UI_FONT_10*/

